name,phi,psi,theta,ani1x_energy
ala-ala,0,0,,-570.8963848949292
ala-ala,0,20,,-570.8757874370434
ala-ala,0,40,,-570.7672126107731
ala-ala,0,60,,-570.9002019912817
ala-ala,0,80,,-570.7715881169655
ala-ala,0,100,,-570.7241299078681
ala-ala,0,120,,-570.9084463567355
ala-ala,0,140,,-570.7742352784493
ala-ala,0,160,,-570.8682713956454
ala-ala,0,180,,-570.8934032768824
ala-ala,0,-20,,-569.9449742437222
ala-ala,0,-40,,-570.898673206649
ala-ala,0,-60,,-570.8592155278542
ala-ala,0,-80,,-570.7873297632553
ala-ala,0,-100,,-570.9102598429539
ala-ala,0,-120,,-570.6264638752558
ala-ala,0,-140,,-570.8038064838269
ala-ala,0,-160,,-570.8972363025763
ala-ala,0,-180,,-570.7612195872583
ala-ala,20,0,,-570.9202892781117
ala-ala,20,20,,-570.9104059339383
ala-ala,20,40,,-570.9178020656922
ala-ala,20,60,,-570.91583274313
ala-ala,20,80,,-570.9238945544579
ala-ala,20,100,,-570.9235278368809
ala-ala,20,120,,-570.913301766
ala-ala,20,140,,-570.9163746536591
ala-ala,20,160,,-570.9150847197392
ala-ala,20,180,,-570.9292624146559
ala-ala,20,-20,,-570.9150631428578
ala-ala,20,-40,,-570.9266641736843
ala-ala,20,-60,,-570.9153386802294
ala-ala,20,-80,,-570.9153344035961
ala-ala,20,-100,,-570.9141747356274
ala-ala,20,-120,,-570.9231356383183
ala-ala,20,-140,,-570.9274456799843
ala-ala,20,-160,,-570.91517058023
ala-ala,20,-180,,-570.9180852175572
ala-ala,40,0,,-570.8975265771963
ala-ala,40,20,,-570.8996716142514
ala-ala,40,40,,-570.9041004181721
ala-ala,40,60,,-570.8984446973421
ala-ala,40,80,,-570.9054764659026
ala-ala,40,100,,-570.8928185553171
ala-ala,40,120,,-570.8997149617293
ala-ala,40,140,,-570.9041514844515
ala-ala,40,160,,-570.899878472171
ala-ala,40,180,,-570.901585877023
ala-ala,40,-20,,-570.9012671113827
ala-ala,40,-40,,-570.900846704922
ala-ala,40,-60,,-570.9003113360026
ala-ala,40,-80,,-570.9035681784966
ala-ala,40,-100,,-570.8996332735636
ala-ala,40,-120,,-570.8927844167569
ala-ala,40,-140,,-570.9051226825335
ala-ala,40,-160,,-570.898466780863
ala-ala,40,-180,,-570.9044666142084
ala-ala,60,0,,-570.9240433574536
ala-ala,60,20,,-570.9214043916085
ala-ala,60,40,,-570.9234648496725
ala-ala,60,60,,-570.9139479101517
ala-ala,60,80,,-570.914566099725
ala-ala,60,100,,-570.9221299142458
ala-ala,60,120,,-570.9207763076641
ala-ala,60,140,,-570.9256312102892
ala-ala,60,160,,-570.9164768458226
ala-ala,60,180,,-570.9177175910094
ala-ala,60,-20,,-570.9031477720358
ala-ala,60,-40,,-570.91741693028
ala-ala,60,-60,,-570.9172073752501
ala-ala,60,-80,,-570.9252443314411
ala-ala,60,-100,,-570.9210007191517
ala-ala,60,-120,,-570.9195912183144
ala-ala,60,-140,,-570.9160910100558
ala-ala,60,-160,,-570.9139080495455
ala-ala,60,-180,,-570.9242422283509
ala-ala,80,0,,-570.9330726862767
ala-ala,80,20,,-570.9205631614544
ala-ala,80,40,,-570.9193784446337
ala-ala,80,60,,-570.9131097794392
ala-ala,80,80,,-570.9199985266545
ala-ala,80,100,,-570.9283891917088
ala-ala,80,120,,-570.9261713624813
ala-ala,80,140,,-570.9216208756783
ala-ala,80,160,,-570.9144283831932
ala-ala,80,180,,-570.91634450861
ala-ala,80,-20,,-570.9254021049359
ala-ala,80,-40,,-570.9160730839588
ala-ala,80,-60,,-570.914971917949
ala-ala,80,-80,,-570.9216819704392
ala-ala,80,-100,,-570.9277092815258
ala-ala,80,-120,,-570.9281439036944
ala-ala,80,-140,,-570.9191390574791
ala-ala,80,-160,,-570.9129611403563
ala-ala,80,-180,,-570.9198783785918
ala-ala,100,0,,-570.8503882438757
ala-ala,100,20,,-570.9125277102806
ala-ala,100,40,,-570.8374162168124
ala-ala,100,60,,-570.8872676939585
ala-ala,100,80,,-570.9085626751997
ala-ala,100,100,,-570.2380324006893
ala-ala,100,120,,-570.9134832770445
ala-ala,100,140,,-570.8892072440007
ala-ala,100,160,,-570.841455921612
ala-ala,100,180,,-570.9127599448778
ala-ala,100,-20,,-570.8018873111226
ala-ala,100,-40,,-570.9106719792702
ala-ala,100,-60,,-570.8330238462307
ala-ala,100,-80,,-570.894410029135
ala-ala,100,-100,,-570.9106414169886
ala-ala,100,-120,,-570.2115932107785
ala-ala,100,-140,,-570.9119855315306
ala-ala,100,-160,,-570.8810520172932
ala-ala,100,-180,,-570.8467751444199
ala-ala,120,0,,-570.9229700864174
ala-ala,120,20,,-570.8824947775223
ala-ala,120,40,,-570.9033657760241
ala-ala,120,60,,-570.9124704004147
ala-ala,120,80,,-570.7313236073472
ala-ala,120,100,,-570.9165725708821
ala-ala,120,120,,-570.9063758254864
ala-ala,120,140,,-570.8799067736485
ala-ala,120,160,,-570.9136247337677
ala-ala,120,180,,-570.892906636081
ala-ala,120,-20,,-570.8189685420015
ala-ala,120,-40,,-570.8990093172409
ala-ala,120,-60,,-570.9133594334938
ala-ala,120,-80,,-570.8770029098608
ala-ala,120,-100,,-570.9090360850909
ala-ala,120,-120,,-570.9111905396798
ala-ala,120,-140,,-570.7847423777797
ala-ala,120,-160,,-570.9131036699631
ala-ala,120,-180,,-570.8999860436537
ala-ala,140,0,,-570.9031546116688
ala-ala,140,20,,-570.9029109925845
ala-ala,140,40,,-570.9053913057663
ala-ala,140,60,,-570.902348622761
ala-ala,140,80,,-570.9096539915421
ala-ala,140,100,,-570.9055914730646
ala-ala,140,120,,-570.9031099379876
ala-ala,140,140,,-570.9064516425946
ala-ala,140,160,,-570.9017785192349
ala-ala,140,180,,-570.9070441723683
ala-ala,140,-20,,-570.9085808546164
ala-ala,140,-40,,-570.9060599059679
ala-ala,140,-60,,-570.9020150155642
ala-ala,140,-80,,-570.9060657621243
ala-ala,140,-100,,-570.9031557143547
ala-ala,140,-120,,-570.9059581608393
ala-ala,140,-140,,-570.9095506221869
ala-ala,140,-160,,-570.9019258321144
ala-ala,140,-180,,-570.9058534652808
ala-ala,160,0,,-570.9158292562582
ala-ala,160,20,,-570.9147153348543
ala-ala,160,40,,-570.9196781516888
ala-ala,160,60,,-570.9101247788288
ala-ala,160,80,,-570.9165048898079
ala-ala,160,100,,-570.9058008939841
ala-ala,160,120,,-570.9142486155846
ala-ala,160,140,,-570.9201897383549
ala-ala,160,160,,-570.9132648856261
ala-ala,160,180,,-570.913797438226
ala-ala,160,-20,,-570.9007044286349
ala-ala,160,-40,,-570.9130537510731
ala-ala,160,-60,,-570.9140383005955
ala-ala,160,-80,,-570.9195623696663
ala-ala,160,-100,,-570.914450734935
ala-ala,160,-120,,-570.9026830048182
ala-ala,160,-140,,-570.9168849737265
ala-ala,160,-160,,-570.9102801681378
ala-ala,160,-180,,-570.920203700743
ala-ala,180,0,,-570.9262539149144
ala-ala,180,20,,-570.9208754003861
ala-ala,180,40,,-570.9206275344708
ala-ala,180,60,,-570.9129992277243
ala-ala,180,80,,-570.9142350406267
ala-ala,180,100,,-570.928234919987
ala-ala,180,120,,-570.9217038900473
ala-ala,180,140,,-570.9235096574643
ala-ala,180,160,,-570.9146851749041
ala-ala,180,180,,-570.9153724015572
ala-ala,180,-20,,-570.9178857804158
ala-ala,180,-40,,-570.9153197408535
ala-ala,180,-60,,-570.915309339843
ala-ala,180,-80,,-570.9233864844658
ala-ala,180,-100,,-570.9222265184738
ala-ala,180,-120,,-570.9277472794869
ala-ala,180,-140,,-570.9145015925982
ala-ala,180,-160,,-570.9129109383442
ala-ala,180,-180,,-570.9213435054638
ala-ala,-20,0,,-570.9337567240813
ala-ala,-20,20,,-570.9206950665333
ala-ala,-20,40,,-570.9132169187882
ala-ala,-20,60,,-570.9049440325119
ala-ala,-20,80,,-570.9243285954811
ala-ala,-20,100,,-570.9146838337996
ala-ala,-20,120,,-570.9271290452101
ala-ala,-20,140,,-570.9199679345705
ala-ala,-20,160,,-570.9033554644205
ala-ala,-20,180,,-570.9157578945973
ala-ala,-20,-20,,-570.9223557562449
ala-ala,-20,-40,,-570.9141109884598
ala-ala,-20,-60,,-570.9040414989807
ala-ala,-20,-80,,-570.9203657359698
ala-ala,-20,-100,,-570.929276570759
ala-ala,-20,-120,,-570.9135085196116
ala-ala,-20,-140,,-570.9234135449746
ala-ala,-20,-160,,-570.9040264041045
ala-ala,-20,-180,,-570.9148456902125
ala-ala,-40,0,,-570.925889939151
ala-ala,-40,20,,-570.9210611433604
ala-ala,-40,40,,-570.9209752977707
ala-ala,-40,60,,-570.9130184353211
ala-ala,-40,80,,-570.9135894031145
ala-ala,-40,100,,-570.9278886020996
ala-ala,-40,120,,-570.9215122760155
ala-ala,-40,140,,-570.9238873720982
ala-ala,-40,160,,-570.9147832841494
ala-ala,-40,180,,-570.9155510068753
ala-ala,-40,-20,,-570.9158802182295
ala-ala,-40,-40,,-570.9155037850954
ala-ala,-40,-60,,-570.9154343009808
ala-ala,-40,-80,,-570.9237384647944
ala-ala,-40,-100,,-570.9219334126332
ala-ala,-40,-120,,-570.927237927995
ala-ala,-40,-140,,-570.9141283185103
ala-ala,-40,-160,,-570.9129232765057
ala-ala,-40,-180,,-570.9217222780802
ala-ala,-60,0,,-570.9129973203757
ala-ala,-60,20,,-570.9124573767998
ala-ala,-60,40,,-570.9176479280808
ala-ala,-60,60,,-570.9084254802086
ala-ala,-60,80,,-570.9153549522974
ala-ala,-60,100,,-570.9026809484579
ala-ala,-60,120,,-570.9120903761008
ala-ala,-60,140,,-570.9179094285586
ala-ala,-60,160,,-570.9114956707575
ala-ala,-60,180,,-570.9119144976952
ala-ala,-60,-20,,-570.9009790421345
ala-ala,-60,-40,,-570.9111576230147
ala-ala,-60,-60,,-570.912243947468
ala-ala,-60,-80,,-570.9172506035187
ala-ala,-60,-100,,-570.9122723043778
ala-ala,-60,-120,,-570.8997744471648
ala-ala,-60,-140,,-570.9154786170342
ala-ala,-60,-160,,-570.908580631099
ala-ala,-60,-180,,-570.9181323052265
ala-ala,-80,0,,-570.9054779709198
ala-ala,-80,20,,-570.90459136673
ala-ala,-80,40,,-570.9068406672098
ala-ala,-80,60,,-570.9041746557572
ala-ala,-80,80,,-570.9113176763871
ala-ala,-80,100,,-570.9082674831965
ala-ala,-80,120,,-570.9049340934374
ala-ala,-80,140,,-570.9082283527472
ala-ala,-80,160,,-570.9033143074133
ala-ala,-80,180,,-570.9097464383461
ala-ala,-80,-20,,-570.9104250074246
ala-ala,-80,-40,,-570.9083884061196
ala-ala,-80,-60,,-570.9035195560076
ala-ala,-80,-80,,-570.9078547210314
ala-ala,-80,-100,,-570.9050289989331
ala-ala,-80,-120,,-570.9085784406283
ala-ala,-80,-140,,-570.9115272910216
ala-ala,-80,-160,,-570.9037354291298
ala-ala,-80,-180,,-570.9073215574839
ala-ala,-100,0,,-570.922080844722
ala-ala,-100,20,,-570.874946445308
ala-ala,-100,40,,-570.8942586482384
ala-ala,-100,60,,-570.9110223651745
ala-ala,-100,80,,-570.666018597863
ala-ala,-100,100,,-570.9095934928276
ala-ala,-100,120,,-570.9046858251908
ala-ala,-100,140,,-570.8636047989943
ala-ala,-100,160,,-570.9114172608473
ala-ala,-100,180,,-570.885187596164
ala-ala,-100,-20,,-570.7216350781613
ala-ala,-100,-40,,-570.8930743039467
ala-ala,-100,-60,,-570.9107819796421
ala-ala,-100,-80,,-570.8606595844843
ala-ala,-100,-100,,-570.9076924920895
ala-ala,-100,-120,,-570.9008877874234
ala-ala,-100,-140,,-570.7411508672752
ala-ala,-100,-160,,-570.9118782580712
ala-ala,-100,-180,,-570.8897432685711
ala-ala,-120,0,,-570.8570699096539
ala-ala,-120,20,,-570.9152992368557
ala-ala,-120,40,,-570.8605158925869
ala-ala,-120,60,,-570.8892166764357
ala-ala,-120,80,,-570.9149013162472
ala-ala,-120,100,,-570.3765785098889
ala-ala,-120,120,,-570.9145875722983
ala-ala,-120,140,,-570.8993110359528
ala-ala,-120,160,,-570.8516722769358
ala-ala,-120,180,,-570.9135013670542
ala-ala,-120,-20,,-570.8476627469876
ala-ala,-120,-40,,-570.9110774249651
ala-ala,-120,-60,,-570.8467566818812
ala-ala,-120,-80,,-570.9039243907549
ala-ala,-120,-100,,-570.9118794352629
ala-ala,-120,-120,,-570.4294789732315
ala-ala,-120,-140,,-570.9166308493235
ala-ala,-120,-160,,-570.8834693432667
ala-ala,-120,-180,,-570.8681292236664
ala-ala,-140,0,,-570.9309851528027
ala-ala,-140,20,,-570.9205078036406
ala-ala,-140,40,,-570.919324576936
ala-ala,-140,60,,-570.9134242237427
ala-ala,-140,80,,-570.9191568792679
ala-ala,-140,100,,-570.9289606214383
ala-ala,-140,120,,-570.9252690375664
ala-ala,-140,140,,-570.9219178409197
ala-ala,-140,160,,-570.9148366452076
ala-ala,-140,180,,-570.9159523845532
ala-ala,-140,-20,,-570.9245247245648
ala-ala,-140,-40,,-570.9157254994728
ala-ala,-140,-60,,-570.915329948149
ala-ala,-140,-80,,-570.9219423235276
ala-ala,-140,-100,,-570.926602482877
ala-ala,-140,-120,,-570.9287323654511
ala-ala,-140,-140,,-570.9183543772318
ala-ala,-140,-160,,-570.9133353979208
ala-ala,-140,-180,,-570.9198222310164
ala-ala,-160,0,,-570.923410356126
ala-ala,-160,20,,-570.9209405035593
ala-ala,-160,40,,-570.9235363752463
ala-ala,-160,60,,-570.9138536156037
ala-ala,-160,80,,-570.9153593928435
ala-ala,-160,100,,-570.920064389787
ala-ala,-160,120,,-570.9202606082775
ala-ala,-160,140,,-570.9254706800797
ala-ala,-160,160,,-570.9165420831063
ala-ala,-160,180,,-570.9177282602408
ala-ala,-160,-20,,-570.9016892612793
ala-ala,-160,-40,,-570.9173373729803
ala-ala,-160,-60,,-570.9172745198824
ala-ala,-160,-80,,-570.9250343889811
ala-ala,-160,-100,,-570.9204740376093
ala-ala,-160,-120,,-570.9170257896998
ala-ala,-160,-140,,-570.9168752581694
ala-ala,-160,-160,,-570.913856878958
ala-ala,-160,-180,,-570.9242883921482
ala-ala,-180,0,,-570.8970008493283
ala-ala,-180,20,,-570.8991943449595
ala-ala,-180,40,,-570.9032783956148
ala-ala,-180,60,,-570.8982013315775
ala-ala,-180,80,,-570.9052575976469
ala-ala,-180,100,,-570.8939150572636
ala-ala,-180,120,,-570.8992096186497
ala-ala,-180,140,,-570.9034176767685
ala-ala,-180,160,,-570.8993191123822
ala-ala,-180,180,,-570.9014753998139
ala-ala,-180,-20,,-570.901939749799
ala-ala,-180,-40,,-570.9008140415766
ala-ala,-180,-60,,-570.8997119069912
ala-ala,-180,-80,,-570.9028766454079
ala-ala,-180,-100,,-570.8990815729716
ala-ala,-180,-120,,-570.894319251261
ala-ala,-180,-140,,-570.9049233944037
ala-ala,-180,-160,,-570.8982036710598
ala-ala,-180,-180,,-570.90363597878
aspartame,0,0,,-1029.7000495612717
aspartame,0,20,,-1029.6978421628571
aspartame,0,40,,-1029.569125217209
aspartame,0,60,,-1029.7195877552128
aspartame,0,80,,-1029.5894100338317
aspartame,0,100,,-1029.5539110869265
aspartame,0,120,,-1029.730599981556
aspartame,0,140,,-1029.5830739408827
aspartame,0,160,,-1029.664857459078
aspartame,0,180,,-1029.7195803344346
aspartame,0,-20,,-1029.4203587889767
aspartame,0,-40,,-1029.7259223580456
aspartame,0,-60,,-1029.6434984028435
aspartame,0,-80,,-1029.593078178177
aspartame,0,-100,,-1029.7315683782197
aspartame,0,-120,,-1029.5218307793236
aspartame,0,-140,,-1029.6175631105996
aspartame,0,-160,,-1029.7134845972157
aspartame,0,-180,,-1029.5668175935841
aspartame,20,0,,-1029.7444207191563
aspartame,20,20,,-1029.7353959202862
aspartame,20,40,,-1029.7457155108548
aspartame,20,60,,-1029.7374193191624
aspartame,20,80,,-1029.7229865908719
aspartame,20,100,,-1029.7442266762353
aspartame,20,120,,-1029.7389866530991
aspartame,20,140,,-1029.742852133522
aspartame,20,160,,-1029.7418982505894
aspartame,20,180,,-1029.7268441736794
aspartame,20,-20,,-1029.7347118377781
aspartame,20,-40,,-1029.729041945944
aspartame,20,-60,,-1029.7424963831998
aspartame,20,-80,,-1029.7416600406266
aspartame,20,-100,,-1029.7399204790688
aspartame,20,-120,,-1029.74317882658
aspartame,20,-140,,-1029.7219606459237
aspartame,20,-160,,-1029.7382937193013
aspartame,20,-180,,-1029.7459381938077
aspartame,40,0,,-1029.478853178034
aspartame,40,20,,-1029.4780845910407
aspartame,40,40,,-1029.4807230278946
aspartame,40,60,,-1029.4747815996504
aspartame,40,80,,-1029.4778335735298
aspartame,40,100,,-1029.4795507162905
aspartame,40,120,,-1029.4776000499821
aspartame,40,140,,-1029.4802330106593
aspartame,40,160,,-1029.4761155366994
aspartame,40,180,,-1029.4769650817013
aspartame,40,-20,,-1029.4777710631586
aspartame,40,-40,,-1029.4766615748501
aspartame,40,-60,,-1029.4768581658698
aspartame,40,-80,,-1029.4799087688423
aspartame,40,-100,,-1029.4774385437465
aspartame,40,-120,,-1029.4792829871274
aspartame,40,-140,,-1029.4777632325984
aspartame,40,-160,,-1029.4746581360794
aspartame,40,-180,,-1029.4809450030423
aspartame,60,0,,-1029.6173496663666
aspartame,60,20,,-1029.6182135909892
aspartame,60,40,,-1029.6213796258069
aspartame,60,60,,-1029.6125931263066
aspartame,60,80,,-1029.6183088988162
aspartame,60,100,,-1029.618656006465
aspartame,60,120,,-1029.616006416092
aspartame,60,140,,-1029.6222245216466
aspartame,60,160,,-1029.6152137041188
aspartame,60,180,,-1029.6161835163928
aspartame,60,-20,,-1029.618002441535
aspartame,60,-40,,-1029.6156180173255
aspartame,60,-60,,-1029.6160476625062
aspartame,60,-80,,-1029.621861350546
aspartame,60,-100,,-1029.6159267991877
aspartame,60,-120,,-1029.6187711775399
aspartame,60,-140,,-1029.6181211441851
aspartame,60,-160,,-1029.612608042369
aspartame,60,-180,,-1029.621871244917
aspartame,80,0,,-1029.7449202656842
aspartame,80,20,,-1029.7451941192246
aspartame,80,40,,-1029.745832753191
aspartame,80,60,,-1029.7412601232625
aspartame,80,80,,-1029.7444474220372
aspartame,80,100,,-1029.7451536178685
aspartame,80,120,,-1029.7444329679108
aspartame,80,140,,-1029.746736001978
aspartame,80,160,,-1029.742029470215
aspartame,80,180,,-1029.743918162594
aspartame,80,-20,,-1029.743670237074
aspartame,80,-40,,-1029.7437844693757
aspartame,80,-60,,-1029.742584508667
aspartame,80,-80,,-1029.7467146933175
aspartame,80,-100,,-1029.7443813502884
aspartame,80,-120,,-1029.7449753105736
aspartame,80,-140,,-1029.7444532036877
aspartame,80,-160,,-1029.7409406721688
aspartame,80,-180,,-1029.7461652278996
aspartame,100,0,,-1029.6401273727513
aspartame,100,20,,-1029.7383720100022
aspartame,100,40,,-1029.6659452736474
aspartame,100,60,,-1029.7066244304276
aspartame,100,80,,-1029.7281139612294
aspartame,100,100,,-1029.5686246275998
aspartame,100,120,,-1029.731094551096
aspartame,100,140,,-1029.7176536142922
aspartame,100,160,,-1029.656675380478
aspartame,100,180,,-1029.736014705906
aspartame,100,-20,,-1029.6436542391873
aspartame,100,-40,,-1029.7345094204045
aspartame,100,-60,,-1029.650504660616
aspartame,100,-80,,-1029.7240711271859
aspartame,100,-100,,-1029.7253354609109
aspartame,100,-120,,-1029.5673615753747
aspartame,100,-140,,-1029.7326842963791
aspartame,100,-160,,-1029.699590784321
aspartame,100,-180,,-1029.6760702550507
aspartame,120,0,,-1029.7418112576104
aspartame,120,20,,-1029.688099277029
aspartame,120,40,,-1029.7172564983464
aspartame,120,60,,-1029.735542964945
aspartame,120,80,,-1029.5907877653933
aspartame,120,100,,-1029.7265834629632
aspartame,120,120,,-1029.7256363451577
aspartame,120,140,,-1029.6754631817437
aspartame,120,160,,-1029.7385309159852
aspartame,120,180,,-1029.6753194749451
aspartame,120,-20,,-1029.6246543347931
aspartame,120,-40,,-1029.691299986849
aspartame,120,-60,,-1029.738171201954
aspartame,120,-80,,-1029.6713424742318
aspartame,120,-100,,-1029.730089229355
aspartame,120,-120,,-1029.7183219015694
aspartame,120,-140,,-1029.597861808548
aspartame,120,-160,,-1029.737373065958
aspartame,120,-180,,-1029.7124851167298
aspartame,140,0,,-1029.6934087693787
aspartame,140,20,,-1029.6929884374238
aspartame,140,40,,-1029.6937039315796
aspartame,140,60,,-1029.6878544211484
aspartame,140,80,,-1029.6911660850144
aspartame,140,100,,-1029.6929676354027
aspartame,140,120,,-1029.692773354063
aspartame,140,140,,-1029.6949304759598
aspartame,140,160,,-1029.6897862374879
aspartame,140,180,,-1029.6903862178422
aspartame,140,-20,,-1029.6912053048707
aspartame,140,-40,,-1029.6898781776524
aspartame,140,-60,,-1029.69033960701
aspartame,140,-80,,-1029.694775742302
aspartame,140,-100,,-1029.6929076433278
aspartame,140,-120,,-1029.692649555216
aspartame,140,-140,,-1029.6911272823907
aspartame,140,-160,,-1029.6878786504365
aspartame,140,-180,,-1029.694121998558
aspartame,160,0,,-1029.6024766832686
aspartame,160,20,,-1029.6008845239974
aspartame,160,40,,-1029.6055566787816
aspartame,160,60,,-1029.5972520679331
aspartame,160,80,,-1029.600744438181
aspartame,160,100,,-1029.6038037508822
aspartame,160,120,,-1029.6000050276614
aspartame,160,140,,-1029.6047448188162
aspartame,160,160,,-1029.6005262404776
aspartame,160,180,,-1029.5994133025504
aspartame,160,-20,,-1029.6016393423176
aspartame,160,-40,,-1029.5990720212556
aspartame,160,-60,,-1029.6014127850628
aspartame,160,-80,,-1029.6042218029595
aspartame,160,-100,,-1029.6000726193286
aspartame,160,-120,,-1029.603613761077
aspartame,160,-140,,-1029.6005857408143
aspartame,160,-160,,-1029.5974363207913
aspartame,160,-180,,-1029.6057645499802
aspartame,180,0,,-1029.7474213957883
aspartame,180,20,,-1029.748633754263
aspartame,180,40,,-1029.7493464470006
aspartame,180,60,,-1029.7429591536618
aspartame,180,80,,-1029.7480995476342
aspartame,180,100,,-1029.7482290983296
aspartame,180,120,,-1029.7464680492974
aspartame,180,140,,-1029.751194608221
aspartame,180,160,,-1029.7439449250794
aspartame,180,180,,-1029.7465433299637
aspartame,180,-20,,-1029.7476229190922
aspartame,180,-40,,-1029.7460292697049
aspartame,180,-60,,-1029.7446038544274
aspartame,180,-80,,-1029.7510819852448
aspartame,180,-100,,-1029.746311229477
aspartame,180,-120,,-1029.7482266247368
aspartame,180,-140,,-1029.7480341911412
aspartame,180,-160,,-1029.7426551103688
aspartame,180,-180,,-1029.749972325573
aspartame,-20,0,,-1029.7280405581093
aspartame,-20,20,,-1029.7450367629624
aspartame,-20,40,,-1029.7427495539284
aspartame,-20,60,,-1029.733615916977
aspartame,-20,80,,-1029.7442488193608
aspartame,-20,100,,-1029.7306546390153
aspartame,-20,120,,-1029.7397412777043
aspartame,-20,140,,-1029.745768231163
aspartame,-20,160,,-1029.7336711406804
aspartame,-20,180,,-1029.7422129333115
aspartame,-20,-20,,-1029.7401975214577
aspartame,-20,-40,,-1029.741273295889
aspartame,-20,-60,,-1029.7348316133118
aspartame,-20,-80,,-1029.7459914207554
aspartame,-20,-100,,-1029.7381924808121
aspartame,-20,-120,,-1029.732218933115
aspartame,-20,-140,,-1029.7444041788674
aspartame,-20,-160,,-1029.7326854288674
aspartame,-20,-180,,-1029.7436654985047
aspartame,-40,0,,-1029.7455515086747
aspartame,-40,20,,-1029.7468293130494
aspartame,-40,40,,-1029.74782423378
aspartame,-40,60,,-1029.741069746027
aspartame,-40,80,,-1029.7465142130948
aspartame,-40,100,,-1029.7464474558926
aspartame,-40,120,,-1029.7446340739823
aspartame,-40,140,,-1029.7496466755963
aspartame,-40,160,,-1029.742199105034
aspartame,-40,180,,-1029.744735640297
aspartame,-40,-20,,-1029.7459886491395
aspartame,-40,-40,,-1029.7441985130406
aspartame,-40,-60,,-1029.7428996980286
aspartame,-40,-80,,-1029.7495168268777
aspartame,-40,-100,,-1029.7444791615105
aspartame,-40,-120,,-1029.7464479923344
aspartame,-40,-140,,-1029.7464316606618
aspartame,-40,-160,,-1029.7407637357808
aspartame,-40,-180,,-1029.7484608113862
aspartame,-60,0,,-1029.5722357899047
aspartame,-60,20,,-1029.5703905493117
aspartame,-60,40,,-1029.575042662034
aspartame,-60,60,,-1029.5669407963849
aspartame,-60,80,,-1029.5702164739466
aspartame,-60,100,,-1029.5734727949
aspartame,-60,120,,-1029.5697756826974
aspartame,-60,140,,-1029.5741020709372
aspartame,-60,160,,-1029.5701959699488
aspartame,-60,180,,-1029.5690819144345
aspartame,-60,-20,,-1029.5711512088872
aspartame,-60,-40,,-1029.5687482923365
aspartame,-60,-60,,-1029.5710454106427
aspartame,-60,-80,,-1029.5735781014062
aspartame,-60,-100,,-1029.569851827631
aspartame,-60,-120,,-1029.5732428252793
aspartame,-60,-140,,-1029.5700453341103
aspartame,-60,-160,,-1029.5671309948063
aspartame,-60,-180,,-1029.5752327859498
aspartame,-80,0,,-1029.7127428472138
aspartame,-80,20,,-1029.712502521286
aspartame,-80,40,,-1029.7131764114
aspartame,-80,60,,-1029.7070467889405
aspartame,-80,80,,-1029.7105851888753
aspartame,-80,100,,-1029.7121234357453
aspartame,-80,120,,-1029.712101590643
aspartame,-80,140,,-1029.7145067870713
aspartame,-80,160,,-1029.7087642967797
aspartame,-80,180,,-1029.7103261172867
aspartame,-80,-20,,-1029.7106695294476
aspartame,-80,-40,,-1029.7098013281918
aspartame,-80,-60,,-1029.7094076693154
aspartame,-80,-80,,-1029.7143431723214
aspartame,-80,-100,,-1029.7122419893838
aspartame,-80,-120,,-1029.711795789013
aspartame,-80,-140,,-1029.710635912428
aspartame,-80,-160,,-1029.7069848597146
aspartame,-80,-180,,-1029.7136610567666
aspartame,-100,0,,-1029.739833962927
aspartame,-100,20,,-1029.678997290144
aspartame,-100,40,,-1029.70342670084
aspartame,-100,60,,-1029.7352682471371
aspartame,-100,80,,-1029.5738093078232
aspartame,-100,100,,-1029.7147980153657
aspartame,-100,120,,-1029.723572236309
aspartame,-100,140,,-1029.6427564442254
aspartame,-100,160,,-1029.7348724126912
aspartame,-100,180,,-1029.671608072529
aspartame,-100,-20,,-1029.5897887468434
aspartame,-100,-40,,-1029.6902254045106
aspartame,-100,-60,,-1029.7330758094884
aspartame,-100,-80,,-1029.6395881891347
aspartame,-100,-100,,-1029.7284642279244
aspartame,-100,-120,,-1029.7035289526082
aspartame,-100,-140,,-1029.5834578394986
aspartame,-100,-160,,-1029.7364335179425
aspartame,-100,-180,,-1029.6943902790642
aspartame,-120,0,,-1029.6505803585148
aspartame,-120,20,,-1029.7404932201005
aspartame,-120,40,,-1029.6909791648484
aspartame,-120,60,,-1029.710238140831
aspartame,-120,80,,-1029.7342503786183
aspartame,-120,100,,-1029.5922174722052
aspartame,-120,120,,-1029.7307157039738
aspartame,-120,140,,-1029.7292200744248
aspartame,-120,160,,-1029.674158376465
aspartame,-120,180,,-1029.7372965037919
aspartame,-120,-20,,-1029.6791537225342
aspartame,-120,-40,,-1029.735621374855
aspartame,-120,-60,,-1029.6714367687798
aspartame,-120,-80,,-1029.7335426628686
aspartame,-120,-100,,-1029.7250062048531
aspartame,-120,-120,,-1029.593861532221
aspartame,-120,-140,,-1029.7369856655694
aspartame,-120,-160,,-1029.7040768087006
aspartame,-120,-180,,-1029.6986609518624
aspartame,-140,0,,-1029.7448495447732
aspartame,-140,20,,-1029.7452267229653
aspartame,-140,40,,-1029.7455576777554
aspartame,-140,60,,-1029.741061043749
aspartame,-140,80,,-1029.744381856928
aspartame,-140,100,,-1029.745195072899
aspartame,-140,120,,-1029.744218063364
aspartame,-140,140,,-1029.7467789769269
aspartame,-140,160,,-1029.7418625474072
aspartame,-140,180,,-1029.7437029898263
aspartame,-140,-20,,-1029.7436700284577
aspartame,-140,-40,,-1029.7435114503003
aspartame,-140,-60,,-1029.742370229969
aspartame,-140,-80,,-1029.7467618107892
aspartame,-140,-100,,-1029.744148534546
aspartame,-140,-120,,-1029.7450291931725
aspartame,-140,-140,,-1029.7443385243512
aspartame,-140,-160,,-1029.7407925248242
aspartame,-140,-180,,-1029.7459467470742
aspartame,-160,0,,-1029.6034414738513
aspartame,-160,20,,-1029.603944253931
aspartame,-160,40,,-1029.607455861578
aspartame,-160,60,,-1029.5985699713326
aspartame,-160,80,,-1029.6039758443928
aspartame,-160,100,,-1029.604802575717
aspartame,-160,120,,-1029.601821941147
aspartame,-160,140,,-1029.6080423563815
aspartame,-160,160,,-1029.6013906270362
aspartame,-160,180,,-1029.601912078271
aspartame,-160,-20,,-1029.603770908723
aspartame,-160,-40,,-1029.6013570249177
aspartame,-160,-60,,-1029.6022416025496
aspartame,-160,-80,,-1029.6076280891991
aspartame,-160,-100,,-1029.6017825126744
aspartame,-160,-120,,-1029.6048012495137
aspartame,-160,-140,,-1029.6038167297936
aspartame,-160,-160,,-1029.5986556381083
aspartame,-160,-180,,-1029.6079010039664
aspartame,-180,0,,-1029.5059048801756
aspartame,-180,20,,-1029.5053632676697
aspartame,-180,40,,-1029.507640433321
aspartame,-180,60,,-1029.5018771559096
aspartame,-180,80,,-1029.504443210373
aspartame,-180,100,,-1029.5065460622407
aspartame,-180,120,,-1029.5050579428769
aspartame,-180,140,,-1029.5074013590909
aspartame,-180,160,,-1029.5032300323344
aspartame,-180,180,,-1029.5036060929394
aspartame,-180,-20,,-1029.5049491644002
aspartame,-180,-40,,-1029.5032738864518
aspartame,-180,-60,,-1029.5039494454957
aspartame,-180,-80,,-1029.50706487597
aspartame,-180,-100,,-1029.5049312383032
aspartame,-180,-120,,-1029.5062899857855
aspartame,-180,-140,,-1029.5043456375695
aspartame,-180,-160,,-1029.5018455505467
aspartame,-180,-180,,-1029.507859063158
biphenyl-twist,,,0,-463.16844019584244
biphenyl-twist,,,15,-463.1696012794215
biphenyl-twist,,,30,-463.1724805860955
biphenyl-twist,,,45,-463.1743439763028
biphenyl-twist,,,60,-463.17358465783184
biphenyl-twist,,,75,-463.17147586040085
biphenyl-twist,,,90,-463.1698028772313
biphenyl-twist,,,105,-463.17140201024597
biphenyl-twist,,,120,-463.17367217235153
biphenyl-twist,,,135,-463.1747329115111
biphenyl-twist,,,150,-463.1731303065259
biphenyl-twist,,,165,-463.1702003061015
biphenyl-twist,,,180,-463.16844402544086
biphenyl-twist,,,-15,-463.1701993524272
biphenyl-twist,,,-30,-463.1731303363282
biphenyl-twist,,,-45,-463.1747336863715
biphenyl-twist,,,-60,-463.1736719190318
biphenyl-twist,,,-75,-463.171404692455
biphenyl-twist,,,-90,-463.16980366699283
biphenyl-twist,,,-105,-463.1714760988194
biphenyl-twist,,,-120,-463.17358395747726
biphenyl-twist,,,-135,-463.1743441551167
biphenyl-twist,,,-150,-463.1724816589791
biphenyl-twist,,,-165,-463.1696015774447
biphenyl-twist,,,-180,-463.16844019584244
gly-gly,0,0,,-492.28284876188843
gly-gly,0,20,,-492.26493440708725
gly-gly,0,40,,-492.1642968892178
gly-gly,0,60,,-492.28970527789204
gly-gly,0,80,,-492.17527336394994
gly-gly,0,100,,-492.1474222387245
gly-gly,0,120,,-492.29116106173603
gly-gly,0,140,,-492.1729002832493
gly-gly,0,160,,-492.2615603818616
gly-gly,0,180,,-492.2821731730422
gly-gly,0,-20,,-491.4428353323659
gly-gly,0,-40,,-492.2868756367883
gly-gly,0,-60,,-492.2539734034857
gly-gly,0,-80,,-492.1886093481502
gly-gly,0,-100,,-492.29270550748913
gly-gly,0,-120,,-492.0829217596969
gly-gly,0,-140,,-492.2070067911467
gly-gly,0,-160,,-492.28724013409226
gly-gly,0,-180,,-492.1556221912673
gly-gly,20,0,,-492.30351500353424
gly-gly,20,20,,-492.2945117666444
gly-gly,20,40,,-492.3035911931714
gly-gly,20,60,,-492.3047655238828
gly-gly,20,80,,-492.31110747298806
gly-gly,20,100,,-492.3080527796468
gly-gly,20,120,,-492.2955451621732
gly-gly,20,140,,-492.30028794846146
gly-gly,20,160,,-492.3034425242862
gly-gly,20,180,,-492.317884521099
gly-gly,20,-20,,-492.3022690578422
gly-gly,20,-40,,-492.3161349906644
gly-gly,20,-60,,-492.3037251844129
gly-gly,20,-80,,-492.2992983176431
gly-gly,20,-100,,-492.2962884022912
gly-gly,20,-120,,-492.30786475679486
gly-gly,20,-140,,-492.3147219433507
gly-gly,20,-160,,-492.30368134519665
gly-gly,20,-180,,-492.30342157325356
gly-gly,40,0,,-492.2986162318906
gly-gly,40,20,,-492.300265999051
gly-gly,40,40,,-492.3073330684623
gly-gly,40,60,,-492.3025941713771
gly-gly,40,80,,-492.3089292361459
gly-gly,40,100,,-492.29648023984043
gly-gly,40,120,,-492.29929825803845
gly-gly,40,140,,-492.30536306044667
gly-gly,40,160,,-492.3044529124221
gly-gly,40,180,,-492.3050077869615
gly-gly,40,-20,,-492.30463682255356
gly-gly,40,-40,,-492.304288537713
gly-gly,40,-60,,-492.3050023331365
gly-gly,40,-80,,-492.3046870692691
gly-gly,40,-100,,-492.2993370308599
gly-gly,40,-120,,-492.29665970942585
gly-gly,40,-140,,-492.3087849780044
gly-gly,40,-160,,-492.30271622678845
gly-gly,40,-180,,-492.3073406680545
gly-gly,60,0,,-492.3037363602838
gly-gly,60,20,,-492.30179000041096
gly-gly,60,40,,-492.30637411913483
gly-gly,60,60,,-492.29859057209103
gly-gly,60,80,,-492.2971659465751
gly-gly,60,100,,-492.3042509420833
gly-gly,60,120,,-492.3001840724668
gly-gly,60,140,,-492.3066386594495
gly-gly,60,160,,-492.30097314855664
gly-gly,60,180,,-492.29999369523136
gly-gly,60,-20,,-492.2896622433385
gly-gly,60,-40,,-492.2997853769979
gly-gly,60,-60,,-492.3018132164201
gly-gly,60,-80,,-492.3061327054223
gly-gly,60,-100,,-492.3003688021621
gly-gly,60,-120,,-492.3025153442344
gly-gly,60,-140,,-492.2984390272817
gly-gly,60,-160,,-492.2986022993049
gly-gly,60,-180,,-492.3068492426595
gly-gly,80,0,,-492.3142042472085
gly-gly,80,20,,-492.30324962875454
gly-gly,80,40,,-492.3049070998153
gly-gly,80,60,,-492.3001492335519
gly-gly,80,80,,-492.3045259877166
gly-gly,80,100,,-492.3111562593898
gly-gly,80,120,,-492.30695393821804
gly-gly,80,140,,-492.304631592246
gly-gly,80,160,,-492.3017532839498
gly-gly,80,180,,-492.3015022589883
gly-gly,80,-20,,-492.30947594484894
gly-gly,80,-40,,-492.3014028384408
gly-gly,80,-60,,-492.3023651554307
gly-gly,80,-80,,-492.30457662186234
gly-gly,80,-100,,-492.30835846206753
gly-gly,80,-120,,-492.3109826906642
gly-gly,80,-140,,-492.30376871070473
gly-gly,80,-160,,-492.30005902192204
gly-gly,80,-180,,-492.30499477824776
gly-gly,100,0,,-492.2551986812672
gly-gly,100,20,,-492.2956686927995
gly-gly,100,40,,-492.2360113649687
gly-gly,100,60,,-492.280386702629
gly-gly,100,80,,-492.29512383184044
gly-gly,100,100,,-491.7945236279687
gly-gly,100,120,,-492.29600431165306
gly-gly,100,140,,-492.27745461604206
gly-gly,100,160,,-492.24171310058443
gly-gly,100,180,,-492.29915495357125
gly-gly,100,-20,,-492.210452200385
gly-gly,100,-40,,-492.29750207206814
gly-gly,100,-60,,-492.23520139000027
gly-gly,100,-80,,-492.2822904153785
gly-gly,100,-100,,-492.29438707372753
gly-gly,100,-120,,-491.74473190447895
gly-gly,100,-140,,-492.2980123325309
gly-gly,100,-160,,-492.27534456691353
gly-gly,100,-180,,-492.24289001664727
gly-gly,120,0,,-492.3027992262563
gly-gly,120,20,,-492.26739731571286
gly-gly,120,40,,-492.28893453023045
gly-gly,120,60,,-492.298880563589
gly-gly,120,80,,-492.144586894667
gly-gly,120,100,,-492.3000472053012
gly-gly,120,120,,-492.28928288957684
gly-gly,120,140,,-492.2640574812016
gly-gly,120,160,,-492.29955725512116
gly-gly,120,180,,-492.28166471561997
gly-gly,120,-20,,-492.23155637970774
gly-gly,120,-40,,-492.2867330922803
gly-gly,120,-60,,-492.29909570655434
gly-gly,120,-80,,-492.26102074375956
gly-gly,120,-100,,-492.2914047106227
gly-gly,120,-120,,-492.29583928129284
gly-gly,120,-140,,-492.19057649514286
gly-gly,120,-160,,-492.2991059436521
gly-gly,120,-180,,-492.2854582085332
gly-gly,140,0,,-492.3007581695041
gly-gly,140,20,,-492.30122929951756
gly-gly,140,40,,-492.30600148579686
gly-gly,140,60,,-492.30464916071503
gly-gly,140,80,,-492.31085807225315
gly-gly,140,100,,-492.30492612859814
gly-gly,140,120,,-492.3003471507749
gly-gly,140,140,,-492.30509838602154
gly-gly,140,160,,-492.3043746515235
gly-gly,140,180,,-492.30967326602547
gly-gly,140,-20,,-492.3087422414741
gly-gly,140,-40,,-492.30914952001183
gly-gly,140,-60,,-492.3047397597751
gly-gly,140,-80,,-492.30465863785355
gly-gly,140,-100,,-492.3004037453851
gly-gly,140,-120,,-492.30551397940724
gly-gly,140,-140,,-492.31074994942753
gly-gly,140,-160,,-492.30424603960125
gly-gly,140,-180,,-492.3060561581573
gly-gly,160,0,,-492.30100558838456
gly-gly,160,20,,-492.29982078215687
gly-gly,160,40,,-492.30738769611924
gly-gly,160,60,,-492.2998094721755
gly-gly,160,80,,-492.30352328857987
gly-gly,160,100,,-492.29512132844536
gly-gly,160,120,,-492.2986193760356
gly-gly,160,140,,-492.30582577130406
gly-gly,160,160,,-492.30267222365944
gly-gly,160,180,,-492.3013465865573
gly-gly,160,-20,,-492.2912372960767
gly-gly,160,-40,,-492.30081696948616
gly-gly,160,-60,,-492.3034928306064
gly-gly,160,-80,,-492.30502036354153
gly-gly,160,-100,,-492.2987896367034
gly-gly,160,-120,,-492.2929238542041
gly-gly,160,-140,,-492.30402283510773
gly-gly,160,-160,,-492.29993686220257
gly-gly,160,-180,,-492.3075972213468
gly-gly,180,0,,-492.3079006089887
gly-gly,180,20,,-492.3031615181884
gly-gly,180,40,,-492.3055992736539
gly-gly,180,60,,-492.29964327952473
gly-gly,180,80,,-492.2987238182744
gly-gly,180,100,,-492.310784564825
gly-gly,180,120,,-492.30297364434807
gly-gly,180,140,,-492.3061488880834
gly-gly,180,160,,-492.30156187853424
gly-gly,180,180,,-492.29969376465885
gly-gly,180,-20,,-492.30301496526806
gly-gly,180,-40,,-492.29983177921383
gly-gly,180,-60,,-492.30221431097596
gly-gly,180,-80,,-492.3059039427957
gly-gly,180,-100,,-492.3033530130109
gly-gly,180,-120,,-492.31057450315564
gly-gly,180,-140,,-492.29891519388764
gly-gly,180,-160,,-492.29967376730053
gly-gly,180,-180,,-492.305938453885
gly-gly,-20,0,,-492.31768448791115
gly-gly,-20,20,,-492.3025920554122
gly-gly,-20,40,,-492.2990723713359
gly-gly,-20,60,,-492.29295109352677
gly-gly,-20,80,,-492.3084045513591
gly-gly,-20,100,,-492.3026925488433
gly-gly,-20,120,,-492.3073641224822
gly-gly,-20,140,,-492.30247819563954
gly-gly,-20,160,,-492.29237266025154
gly-gly,-20,180,,-492.3006346835813
gly-gly,-20,-20,,-492.30623561284153
gly-gly,-20,-40,,-492.29922107002346
gly-gly,-20,-60,,-492.2930353744945
gly-gly,-20,-80,,-492.3027229621133
gly-gly,-20,-100,,-492.3094047620019
gly-gly,-20,-120,,-492.3008449091634
gly-gly,-20,-140,,-492.3076718165597
gly-gly,-20,-160,,-492.29229666432946
gly-gly,-20,-180,,-492.3000568761548
gly-gly,-40,0,,-492.30729538342564
gly-gly,-40,20,,-492.3030839129409
gly-gly,-40,40,,-492.3056899323186
gly-gly,-40,60,,-492.29939641198723
gly-gly,-40,80,,-492.2978302403411
gly-gly,-40,100,,-492.31033952674477
gly-gly,-40,120,,-492.30259189149945
gly-gly,-40,140,,-492.30631144485085
gly-gly,-40,160,,-492.30134576699345
gly-gly,-40,180,,-492.29958610376923
gly-gly,-40,-20,,-492.3011589064321
gly-gly,-40,-40,,-492.29971158644764
gly-gly,-40,-60,,-492.302031280013
gly-gly,-40,-80,,-492.30604319414704
gly-gly,-40,-100,,-492.3029075576982
gly-gly,-40,-120,,-492.3099666549882
gly-gly,-40,-140,,-492.2982813580951
gly-gly,-40,-160,,-492.29941441258995
gly-gly,-40,-180,,-492.30607132753937
gly-gly,-60,0,,-492.30049546203225
gly-gly,-60,20,,-492.2996864928922
gly-gly,-60,40,,-492.30747202179043
gly-gly,-60,60,,-492.3001588746032
gly-gly,-60,80,,-492.30455991766064
gly-gly,-60,100,,-492.29422234139054
gly-gly,-60,120,,-492.2985415174684
gly-gly,-60,140,,-492.3056496991834
gly-gly,-60,160,,-492.3030225946626
gly-gly,-60,180,,-492.30172349652855
gly-gly,-60,-20,,-492.29299917957394
gly-gly,-60,-40,,-492.30117112538426
gly-gly,-60,-60,,-492.30381381651966
gly-gly,-60,-80,,-492.30482678255646
gly-gly,-60,-100,,-492.2987162335834
gly-gly,-60,-120,,-492.2922870381793
gly-gly,-60,-140,,-492.3048950447759
gly-gly,-60,-160,,-492.30031202873795
gly-gly,-60,-180,,-492.307627560111
gly-gly,-80,0,,-492.30131873628704
gly-gly,-80,20,,-492.30125399074166
gly-gly,-80,40,,-492.3057030751428
gly-gly,-80,60,,-492.30495718261807
gly-gly,-80,80,,-492.31080004713147
gly-gly,-80,100,,-492.30569149694054
gly-gly,-80,120,,-492.30045175692646
gly-gly,-80,140,,-492.30517295143216
gly-gly,-80,160,,-492.30423917016594
gly-gly,-80,180,,-492.31096597156136
gly-gly,-80,-20,,-492.3087909682712
gly-gly,-80,-40,,-492.3103376790008
gly-gly,-80,-60,,-492.30455549201577
gly-gly,-80,-80,,-492.30476480862706
gly-gly,-80,-100,,-492.3005516096076
gly-gly,-80,-120,,-492.30620722612946
gly-gly,-80,-140,,-492.3109622015676
gly-gly,-80,-160,,-492.30441844603627
gly-gly,-80,-180,,-492.30579070887177
gly-gly,-100,0,,-492.302161531063
gly-gly,-100,20,,-492.2605824410042
gly-gly,-100,40,,-492.28066623351185
gly-gly,-100,60,,-492.2976718111953
gly-gly,-100,80,,-492.08531572437494
gly-gly,-100,100,,-492.29453466972916
gly-gly,-100,120,,-492.2881562425813
gly-gly,-100,140,,-492.2496443032345
gly-gly,-100,160,,-492.2976142033061
gly-gly,-100,180,,-492.27495488664715
gly-gly,-100,-20,,-492.1762478589138
gly-gly,-100,-40,,-492.2814776911458
gly-gly,-100,-60,,-492.29689513287155
gly-gly,-100,-80,,-492.2467362373194
gly-gly,-100,-100,,-492.29054409405796
gly-gly,-100,-120,,-492.28751926264374
gly-gly,-100,-140,,-492.15031247074364
gly-gly,-100,-160,,-492.2981174304208
gly-gly,-100,-180,,-492.2759515508136
gly-gly,-120,0,,-492.26114137611
gly-gly,-120,20,,-492.29783234140484
gly-gly,-120,40,,-492.25406450918524
gly-gly,-120,60,,-492.28180638095944
gly-gly,-120,80,,-492.3004376455268
gly-gly,-120,100,,-491.92291496834366
gly-gly,-120,120,,-492.29727532109825
gly-gly,-120,140,,-492.28650851687996
gly-gly,-120,160,,-492.2492341934761
gly-gly,-120,180,,-492.29968132218926
gly-gly,-120,-20,,-492.2461261912307
gly-gly,-120,-40,,-492.2978384657821
gly-gly,-120,-60,,-492.2451596572122
gly-gly,-120,-80,,-492.2900723381957
gly-gly,-120,-100,,-492.2958518876752
gly-gly,-120,-120,,-491.9394137575349
gly-gly,-120,-140,,-492.30203633150666
gly-gly,-120,-160,,-492.2772412910184
gly-gly,-120,-180,,-492.25996799907296
gly-gly,-140,0,,-492.3123538806161
gly-gly,-140,20,,-492.3032702966651
gly-gly,-140,40,,-492.3049130602798
gly-gly,-140,60,,-492.3005251600465
gly-gly,-140,80,,-492.30377453705876
gly-gly,-140,100,,-492.3115651323518
gly-gly,-140,120,,-492.3061615987739
gly-gly,-140,140,,-492.30491814157574
gly-gly,-140,160,,-492.30219584843724
gly-gly,-140,180,,-492.3011016561708
gly-gly,-140,-20,,-492.30886243424027
gly-gly,-140,-40,,-492.301095576497
gly-gly,-140,-60,,-492.3027471914014
gly-gly,-140,-80,,-492.30484314403145
gly-gly,-140,-100,,-492.30737920245735
gly-gly,-140,-120,,-492.31143187126725
gly-gly,-140,-140,,-492.3030285402259
gly-gly,-140,-160,,-492.3004929884395
gly-gly,-140,-180,,-492.3050168766698
gly-gly,-160,0,,-492.30323253712265
gly-gly,-160,20,,-492.3014209284505
gly-gly,-160,40,,-492.3065580292663
gly-gly,-160,60,,-492.2986217155179
gly-gly,-160,80,,-492.29800605914204
gly-gly,-160,100,,-492.3027166291198
gly-gly,-160,120,,-492.29981809994786
gly-gly,-160,140,,-492.3065909310302
gly-gly,-160,160,,-492.30111909052937
gly-gly,-160,180,,-492.3001309498271
gly-gly,-160,-20,,-492.2886353000125
gly-gly,-160,-40,,-492.2998623861989
gly-gly,-160,-60,,-492.30197085580437
gly-gly,-160,-80,,-492.3060302748403
gly-gly,-160,-100,,-492.29998733243553
gly-gly,-160,-120,,-492.30066806218235
gly-gly,-160,-140,,-492.2992503508052
gly-gly,-160,-160,,-492.29864201089947
gly-gly,-160,-180,,-492.307013006421
gly-gly,-180,0,,-492.2987325354537
gly-gly,-180,20,,-492.300467611762
gly-gly,-180,40,,-492.30720621487706
gly-gly,-180,60,,-492.30302149197666
gly-gly,-180,80,,-492.3094165190181
gly-gly,-180,100,,-492.2979372604808
gly-gly,-180,120,,-492.29949873826115
gly-gly,-180,140,,-492.3053597076854
gly-gly,-180,160,,-492.304577977868
gly-gly,-180,180,,-492.3055519773683
gly-gly,-180,-20,,-492.30591704091637
gly-gly,-180,-40,,-492.30485017737954
gly-gly,-180,-60,,-492.30508494517414
gly-gly,-180,-80,,-492.30472687027066
gly-gly,-180,-100,,-492.2995127304515
gly-gly,-180,-120,,-492.29841508111565
gly-gly,-180,-140,,-492.30925138434975
gly-gly,-180,-160,,-492.3030667617044
gly-gly,-180,-180,,-492.3072106554231
sucrose,,,0,-1297.618195659943
sucrose,,,20,-1297.5789185683207
sucrose,,,40,-1297.3154508802072
sucrose,,,60,-1297.2387945274786
sucrose,,,80,-1297.4572539175824
sucrose,,,100,-1296.901976175137
sucrose,,,120,-1296.5681618223862
sucrose,,,140,-1297.0812127659992
sucrose,,,160,-1295.7057775626854
sucrose,,,180,-1295.2661571870522
sucrose,,,-20,-1297.4722732226328
sucrose,,,-40,-1295.669560230799
sucrose,,,-60,-1293.6268282304482
sucrose,,,-80,-1294.6083226571754
sucrose,,,-100,-1295.3073680768684
sucrose,,,-120,-1294.4385486016945
sucrose,,,-140,-1294.348768032618
sucrose,,,-160,-1296.47294715745
sucrose,,,-180,-1295.2661571870522
