name,phi,psi,theta,ani2_energy
ala-ala,0,0,,-15534.931386708144
ala-ala,0,20,,-15534.44715912942
ala-ala,0,40,,-15530.824980393658
ala-ala,0,60,,-15535.025058196134
ala-ala,0,80,,-15531.348638611255
ala-ala,0,100,,-15530.256578006794
ala-ala,0,120,,-15535.218395404503
ala-ala,0,140,,-15531.235031120545
ala-ala,0,160,,-15534.177621007148
ala-ala,0,180,,-15534.893217522085
ala-ala,0,-20,,-15507.800512892756
ala-ala,0,-40,,-15535.010619406907
ala-ala,0,-60,,-15533.864763678823
ala-ala,0,-80,,-15531.832036068065
ala-ala,0,-100,,-15535.261642029374
ala-ala,0,-120,,-15528.15139004858
ala-ala,0,-140,,-15532.543162960894
ala-ala,0,-160,,-15534.958933090973
ala-ala,0,-180,,-15530.445365003616
ala-ala,20,0,,-15535.53397675726
ala-ala,20,20,,-15535.277197109055
ala-ala,20,40,,-15535.459805683535
ala-ala,20,60,,-15535.395708391145
ala-ala,20,80,,-15535.666038824185
ala-ala,20,100,,-15535.642823388805
ala-ala,20,120,,-15535.346215324416
ala-ala,20,140,,-15535.430478831626
ala-ala,20,160,,-15535.375193056792
ala-ala,20,180,,-15535.773829987496
ala-ala,20,-20,,-15535.461577232025
ala-ala,20,-40,,-15535.701032684949
ala-ala,20,-60,,-15535.37920651226
ala-ala,20,-80,,-15535.40623793364
ala-ala,20,-100,,-15535.370708837352
ala-ala,20,-120,,-15535.640159781111
ala-ala,20,-140,,-15535.747450580302
ala-ala,20,-160,,-15535.383104000031
ala-ala,20,-180,,-15535.467581195968
ala-ala,40,0,,-15535.006324141825
ala-ala,40,20,,-15535.031055672374
ala-ala,40,40,,-15535.131555062631
ala-ala,40,60,,-15534.976478273647
ala-ala,40,80,,-15535.164235651679
ala-ala,40,100,,-15534.917889852342
ala-ala,40,120,,-15535.023001999662
ala-ala,40,140,,-15535.124499685267
ala-ala,40,160,,-15535.055673262636
ala-ala,40,180,,-15535.078818955204
ala-ala,40,-20,,-15535.088097992882
ala-ala,40,-40,,-15535.053301601589
ala-ala,40,-60,,-15535.063458506624
ala-ala,40,-80,,-15535.1114241247
ala-ala,40,-100,,-15535.022023978385
ala-ala,40,-120,,-15534.910341409526
ala-ala,40,-140,,-15535.154038198498
ala-ala,40,-160,,-15534.989116319723
ala-ala,40,-180,,-15535.139584000975
ala-ala,60,0,,-15535.60204290216
ala-ala,60,20,,-15535.537038547749
ala-ala,60,40,,-15535.596562009296
ala-ala,60,60,,-15535.353572785467
ala-ala,60,80,,-15535.38281408079
ala-ala,60,100,,-15535.553869272095
ala-ala,60,120,,-15535.497550735989
ala-ala,60,140,,-15535.649175661323
ala-ala,60,160,,-15535.42170096903
ala-ala,60,180,,-15535.441891107252
ala-ala,60,-20,,-15535.140421320186
ala-ala,60,-40,,-15535.430521001697
ala-ala,60,-60,,-15535.43871659292
ala-ala,60,-80,,-15535.639357738786
ala-ala,60,-100,,-15535.507691016284
ala-ala,60,-120,,-15535.494805221038
ala-ala,60,-140,,-15535.415935833662
ala-ala,60,-160,,-15535.356862456534
ala-ala,60,-180,,-15535.618611685484
ala-ala,80,0,,-15535.871102150832
ala-ala,80,20,,-15535.508278558917
ala-ala,80,40,,-15535.482814323372
ala-ala,80,60,,-15535.324948632922
ala-ala,80,80,,-15535.516327771333
ala-ala,80,100,,-15535.724390038838
ala-ala,80,120,,-15535.670834858867
ala-ala,80,140,,-15535.528053889608
ala-ala,80,160,,-15535.371105803699
ala-ala,80,180,,-15535.412219596103
ala-ala,80,-20,,-15535.651302006087
ala-ala,80,-40,,-15535.399126599834
ala-ala,80,-60,,-15535.380547439441
ala-ala,80,-80,,-15535.526595372805
ala-ala,80,-100,,-15535.71583113623
ala-ala,80,-120,,-15535.713713712057
ala-ala,80,-140,,-15535.496445799017
ala-ala,80,-160,,-15535.326768433704
ala-ala,80,-180,,-15535.498576198595
ala-ala,100,0,,-15533.668180591383
ala-ala,100,20,,-15535.346571337137
ala-ala,100,40,,-15533.191211130754
ala-ala,100,60,,-15534.700898883137
ala-ala,100,80,,-15535.218583953381
ala-ala,100,100,,-15518.491985217675
ala-ala,100,120,,-15535.335424651865
ala-ala,100,140,,-15534.748195456808
ala-ala,100,160,,-15533.416231849265
ala-ala,100,180,,-15535.341293995965
ala-ala,100,-20,,-15532.553503751767
ala-ala,100,-40,,-15535.28762974148
ala-ala,100,-60,,-15533.154802139703
ala-ala,100,-80,,-15534.903737738505
ala-ala,100,-100,,-15535.282034908327
ala-ala,100,-120,,-15517.963430405995
ala-ala,100,-140,,-15535.321214148697
ala-ala,100,-160,,-15534.556219044212
ala-ala,100,-180,,-15533.477538212783
ala-ala,120,0,,-15535.56856351464
ala-ala,120,20,,-15534.532226300877
ala-ala,120,40,,-15535.080415741184
ala-ala,120,60,,-15535.288750492231
ala-ala,120,80,,-15531.254027014505
ala-ala,120,100,,-15535.413658649797
ala-ala,120,120,,-15535.136424083976
ala-ala,120,140,,-15534.407261375907
ala-ala,120,160,,-15535.348518459097
ala-ala,120,180,,-15534.75796472157
ala-ala,120,-20,,-15532.89154533069
ala-ala,120,-40,,-15534.923451841498
ala-ala,120,-60,,-15535.336598926166
ala-ala,120,-80,,-15534.320390217445
ala-ala,120,-100,,-15535.221866731263
ala-ala,120,-120,,-15535.26956270417
ala-ala,120,-140,,-15532.54213303799
ala-ala,120,-160,,-15535.309887024176
ala-ala,120,-180,,-15534.98528249254
ala-ala,140,0,,-15535.143061409955
ala-ala,140,20,,-15535.115634238675
ala-ala,140,40,,-15535.168865844444
ala-ala,140,60,,-15535.072911090365
ala-ala,140,80,,-15535.280531788563
ala-ala,140,100,,-15535.210893186571
ala-ala,140,120,,-15535.113172560745
ala-ala,140,140,,-15535.190952013963
ala-ala,140,160,,-15535.085932721899
ala-ala,140,180,,-15535.209289101926
ala-ala,140,-20,,-15535.300703680123
ala-ala,140,-40,,-15535.179591639962
ala-ala,140,-60,,-15535.09468138983
ala-ala,140,-80,,-15535.181870445755
ala-ala,140,-100,,-15535.115884826217
ala-ala,140,-120,,-15535.225227361583
ala-ala,140,-140,,-15535.276713369676
ala-ala,140,-160,,-15535.065398329916
ala-ala,140,-180,,-15535.18002469416
ala-ala,160,0,,-15535.403048416492
ala-ala,160,20,,-15535.380770048761
ala-ala,160,40,,-15535.519671371434
ala-ala,160,60,,-15535.26233337526
ala-ala,160,80,,-15535.415706331158
ala-ala,160,100,,-15535.207854103046
ala-ala,160,120,,-15535.359705692515
ala-ala,160,140,,-15535.5187776903
ala-ala,160,160,,-15535.365386082256
ala-ala,160,180,,-15535.360488271728
ala-ala,160,-20,,-15535.091893704808
ala-ala,160,-40,,-15535.340550748453
ala-ala,160,-60,,-15535.383048854554
ala-ala,160,-80,,-15535.501418623615
ala-ala,160,-100,,-15535.365366619146
ala-ala,160,-120,,-15535.141595999969
ala-ala,160,-140,,-15535.423713778984
ala-ala,160,-160,,-15535.273897706435
ala-ala,160,-180,,-15535.534080155034
ala-ala,180,0,,-15535.683266920361
ala-ala,180,20,,-15535.533709544981
ala-ala,180,40,,-15535.513901775772
ala-ala,180,60,,-15535.339517581699
ala-ala,180,80,,-15535.392923139012
ala-ala,180,100,,-15535.7359896469
ala-ala,180,120,,-15535.540209412748
ala-ala,180,140,,-15535.590194328484
ala-ala,180,160,,-15535.378128337064
ala-ala,180,180,,-15535.398784778965
ala-ala,180,-20,,-15535.470337658919
ala-ala,180,-40,,-15535.390636629072
ala-ala,180,-60,,-15535.387901251159
ala-ala,180,-80,,-15535.58887489182
ala-ala,180,-100,,-15535.557760677644
ala-ala,180,-120,,-15535.72527763775
ala-ala,180,-140,,-15535.397354240382
ala-ala,180,-160,,-15535.340810256586
ala-ala,180,-180,,-15535.53556746102
ala-ala,-20,0,,-15535.93617016583
ala-ala,-20,20,,-15535.524049760214
ala-ala,-20,40,,-15535.370192659455
ala-ala,-20,60,,-15535.152507505994
ala-ala,-20,80,,-15535.616308550805
ala-ala,-20,100,,-15535.430009284097
ala-ala,-20,120,,-15535.707143695998
ala-ala,-20,140,,-15535.510045647108
ala-ala,-20,160,,-15535.115295256177
ala-ala,-20,180,,-15535.412925944802
ala-ala,-20,-20,,-15535.572375851307
ala-ala,-20,-40,,-15535.372845724632
ala-ala,-20,-60,,-15535.132674191454
ala-ala,-20,-80,,-15535.515044017038
ala-ala,-20,-100,,-15535.762441229794
ala-ala,-20,-120,,-15535.396700604271
ala-ala,-20,-140,,-15535.586798826756
ala-ala,-20,-160,,-15535.132941809215
ala-ala,-20,-180,,-15535.407980692944
ala-ala,-40,0,,-15535.673907597355
ala-ala,-40,20,,-15535.538021840282
ala-ala,-40,40,,-15535.524465784189
ala-ala,-40,60,,-15535.341511739507
ala-ala,-40,80,,-15535.375815065348
ala-ala,-40,100,,-15535.727363028887
ala-ala,-40,120,,-15535.530554493758
ala-ala,-40,140,,-15535.601499557006
ala-ala,-40,160,,-15535.381673055968
ala-ala,-40,180,,-15535.402754036953
ala-ala,-40,-20,,-15535.42212185878
ala-ala,-40,-40,,-15535.39462778306
ala-ala,-40,-60,,-15535.392572803032
ala-ala,-40,-80,,-15535.599799373254
ala-ala,-40,-100,,-15535.545966843965
ala-ala,-40,-120,,-15535.709615916447
ala-ala,-40,-140,,-15535.387127998018
ala-ala,-40,-160,,-15535.342441103008
ala-ala,-40,-180,,-15535.546720228514
ala-ala,-60,0,,-15535.335759174066
ala-ala,-60,20,,-15535.32480630893
ala-ala,-60,40,,-15535.466616555581
ala-ala,-60,60,,-15535.218858869808
ala-ala,-60,80,,-15535.383589766818
ala-ala,-60,100,,-15535.135867357934
ala-ala,-60,120,,-15535.307325597807
ala-ala,-60,140,,-15535.460153586626
ala-ala,-60,160,,-15535.322103369534
ala-ala,-60,180,,-15535.316714926443
ala-ala,-60,-20,,-15535.092168215755
ala-ala,-60,-40,,-15535.295131959412
ala-ala,-60,-60,,-15535.338468195685
ala-ala,-60,-80,,-15535.442450266182
ala-ala,-60,-100,,-15535.311833740654
ala-ala,-60,-120,,-15535.075573887098
ala-ala,-60,-140,,-15535.38707852928
ala-ala,-60,-160,,-15535.231654242689
ala-ala,-60,-180,,-15535.479560740156
ala-ala,-80,0,,-15535.197959949997
ala-ala,-80,20,,-15535.151624772861
ala-ala,-80,40,,-15535.203345554719
ala-ala,-80,60,,-15535.117067615629
ala-ala,-80,80,,-15535.328240331397
ala-ala,-80,100,,-15535.277416880006
ala-ala,-80,120,,-15535.152209071643
ala-ala,-80,140,,-15535.23191334534
ala-ala,-80,160,,-15535.116649969726
ala-ala,-80,180,,-15535.28601349239
ala-ala,-80,-20,,-15535.342086712215
ala-ala,-80,-40,,-15535.250254893597
ala-ala,-80,-60,,-15535.124559291042
ala-ala,-80,-80,,-15535.222423862786
ala-ala,-80,-100,,-15535.157730512652
ala-ala,-80,-120,,-15535.292456998235
ala-ala,-80,-140,,-15535.332903773642
ala-ala,-80,-160,,-15535.107811690394
ala-ala,-80,-180,,-15535.216312040773
ala-ala,-100,0,,-15535.535700458939
ala-ala,-100,20,,-15534.33529287746
ala-ala,-100,40,,-15534.822229477802
ala-ala,-100,60,,-15535.254081016634
ala-ala,-100,80,,-15529.856972266847
ala-ala,-100,100,,-15535.216741851118
ala-ala,-100,120,,-15535.10169986838
ala-ala,-100,140,,-15533.896044545878
ala-ala,-100,160,,-15535.292356438833
ala-ala,-100,180,,-15534.566915645066
ala-ala,-100,-20,,-15531.110161483717
ala-ala,-100,-40,,-15534.78186988091
ala-ala,-100,-60,,-15535.26574915106
ala-ala,-100,-80,,-15533.808911040911
ala-ala,-100,-100,,-15535.196501838675
ala-ala,-100,-120,,-15534.996000989393
ala-ala,-100,-140,,-15531.719653638207
ala-ala,-100,-160,,-15535.27965716506
ala-ala,-100,-180,,-15534.68611502919
ala-ala,-120,0,,-15533.854262114548
ala-ala,-120,20,,-15535.403842754667
ala-ala,-120,40,,-15533.892147463586
ala-ala,-120,60,,-15534.735719197837
ala-ala,-120,80,,-15535.3863105474
ala-ala,-120,100,,-15523.346407201976
ala-ala,-120,120,,-15535.369047174338
ala-ala,-120,140,,-15535.021331821537
ala-ala,-120,160,,-15533.710982808578
ala-ala,-120,180,,-15535.364822057549
ala-ala,-120,-20,,-15533.672089432635
ala-ala,-120,-40,,-15535.302122459743
ala-ala,-120,-60,,-15533.543043742275
ala-ala,-120,-80,,-15535.128756429609
ala-ala,-120,-100,,-15535.31841673212
ala-ala,-120,-120,,-15524.63042384359
ala-ala,-120,-140,,-15535.439115181192
ala-ala,-120,-160,,-15534.604537025676
ala-ala,-120,-180,,-15534.122611770668
ala-ala,-140,0,,-15535.812830005061
ala-ala,-140,20,,-15535.512287148607
ala-ala,-140,40,,-15535.484620337784
ala-ala,-140,60,,-15535.332779290835
ala-ala,-140,80,,-15535.497367052889
ala-ala,-140,100,,-15535.72952505602
ala-ala,-140,120,,-15535.644715365288
ala-ala,-140,140,,-15535.534366830423
ala-ala,-140,160,,-15535.375995910079
ala-ala,-140,180,,-15535.407103636551
ala-ala,-140,-20,,-15535.637242747503
ala-ala,-140,-40,,-15535.396489753914
ala-ala,-140,-60,,-15535.383880497024
ala-ala,-140,-80,,-15535.533915935042
ala-ala,-140,-100,,-15535.683099862
ala-ala,-140,-120,,-15535.721627088185
ala-ala,-140,-140,,-15535.478573798287
ala-ala,-140,-160,,-15535.334654237095
ala-ala,-140,-180,,-15535.500403703525
ala-ala,-160,0,,-15535.584972943752
ala-ala,-160,20,,-15535.52769260563
ala-ala,-160,40,,-15535.604423483797
ala-ala,-160,60,,-15535.3522359131
ala-ala,-160,80,,-15535.402370046013
ala-ala,-160,100,,-15535.509524197954
ala-ala,-160,120,,-15535.489599244604
ala-ala,-160,140,,-15535.64809829709
ala-ala,-160,160,,-15535.42856617559
ala-ala,-160,180,,-15535.445061972252
ala-ala,-160,-20,,-15535.115274171141
ala-ala,-160,-40,,-15535.43189071806
ala-ala,-160,-60,,-15535.446554954979
ala-ala,-160,-80,,-15535.63653802073
ala-ala,-160,-100,,-15535.499404597214
ala-ala,-160,-120,,-15535.445046969438
ala-ala,-160,-140,,-15535.433821620762
ala-ala,-160,-160,,-15535.356759869725
ala-ala,-160,-180,,-15535.625452563158
ala-ala,-180,0,,-15535.004010870109
ala-ala,-180,20,,-15535.025626275656
ala-ala,-180,40,,-15535.117200208066
ala-ala,-180,60,,-15534.971475443423
ala-ala,-180,80,,-15535.166546895987
ala-ala,-180,100,,-15534.949687708257
ala-ala,-180,120,,-15535.017845897446
ala-ala,-180,140,,-15535.112763835436
ala-ala,-180,160,,-15535.045140070808
ala-ala,-180,180,,-15535.078448345152
ala-ala,-180,-20,,-15535.117640560928
ala-ala,-180,-40,,-15535.05409756169
ala-ala,-180,-60,,-15535.053124406191
ala-ala,-180,-80,,-15535.10082078458
ala-ala,-180,-100,,-15535.015904857708
ala-ala,-180,-120,,-15534.947972116208
ala-ala,-180,-140,,-15535.156613816718
ala-ala,-180,-160,,-15534.982195562201
ala-ala,-180,-180,,-15535.124891380356
aspartame,0,0,,-28019.59204330394
aspartame,0,20,,-28019.551471640243
aspartame,0,40,,-28014.104851488366
aspartame,0,60,,-28020.079014370207
aspartame,0,80,,-28016.22215097498
aspartame,0,100,,-28014.18848852672
aspartame,0,120,,-28020.42071116173
aspartame,0,140,,-28015.72122364242
aspartame,0,160,,-28018.628655042787
aspartame,0,180,,-28020.050792860748
aspartame,0,-20,,-28008.618047718544
aspartame,0,-40,,-28020.225736213753
aspartame,0,-60,,-28018.16213889414
aspartame,0,-80,,-28016.522804122393
aspartame,0,-100,,-28020.47326723539
aspartame,0,-120,,-28012.86854541699
aspartame,0,-140,,-28017.277379975338
aspartame,0,-160,,-28019.933399491038
aspartame,0,-180,,-28013.79854552395
aspartame,20,0,,-28020.756969635942
aspartame,20,20,,-28020.478420904717
aspartame,20,40,,-28020.751951397422
aspartame,20,60,,-28020.567899308953
aspartame,20,80,,-28020.183271762613
aspartame,20,100,,-28020.74873755139
aspartame,20,120,,-28020.587531910172
aspartame,20,140,,-28020.670102532295
aspartame,20,160,,-28020.650074181172
aspartame,20,180,,-28020.241976557096
aspartame,20,-20,,-28020.481701249708
aspartame,20,-40,,-28020.300245864495
aspartame,20,-60,,-28020.666445089544
aspartame,20,-80,,-28020.636675451882
aspartame,20,-100,,-28020.61777515018
aspartame,20,-120,,-28020.72721378465
aspartame,20,-140,,-28020.15806460231
aspartame,20,-160,,-28020.582876983037
aspartame,20,-180,,-28020.754628386007
aspartame,40,0,,-28013.314970973115
aspartame,40,20,,-28013.25840144399
aspartame,40,40,,-28013.31154222191
aspartame,40,60,,-28013.19317610218
aspartame,40,80,,-28013.23059190369
aspartame,40,100,,-28013.296061750818
aspartame,40,120,,-28013.258681226194
aspartame,40,140,,-28013.29710829846
aspartame,40,160,,-28013.23990216344
aspartame,40,180,,-28013.22959847412
aspartame,40,-20,,-28013.225012276092
aspartame,40,-40,,-28013.221591431775
aspartame,40,-60,,-28013.25163943246
aspartame,40,-80,,-28013.291894212394
aspartame,40,-100,,-28013.2629452692
aspartame,40,-120,,-28013.283343824896
aspartame,40,-140,,-28013.231124098107
aspartame,40,-160,,-28013.198041474192
aspartame,40,-180,,-28013.312895516276
aspartame,60,0,,-28017.648868706005
aspartame,60,20,,-28017.661675026884
aspartame,60,40,,-28017.761369941927
aspartame,60,60,,-28017.52522929992
aspartame,60,80,,-28017.646280112378
aspartame,60,100,,-28017.669455405096
aspartame,60,120,,-28017.599828156584
aspartame,60,140,,-28017.784094744744
aspartame,60,160,,-28017.594818027694
aspartame,60,180,,-28017.577820650466
aspartame,60,-20,,-28017.64813559553
aspartame,60,-40,,-28017.563661237964
aspartame,60,-60,,-28017.617827883972
aspartame,60,-80,,-28017.772719773413
aspartame,60,-100,,-28017.601579836482
aspartame,60,-120,,-28017.666848970286
aspartame,60,-140,,-28017.636829556046
aspartame,60,-160,,-28017.528319068628
aspartame,60,-180,,-28017.776298958237
aspartame,80,0,,-28020.76425208292
aspartame,80,20,,-28020.732555597373
aspartame,80,40,,-28020.77702150499
aspartame,80,60,,-28020.646352672353
aspartame,80,80,,-28020.713298471983
aspartame,80,100,,-28020.752845078554
aspartame,80,120,,-28020.705368065635
aspartame,80,140,,-28020.796722227093
aspartame,80,160,,-28020.677427149345
aspartame,80,180,,-28020.691618189405
aspartame,80,-20,,-28020.69610930203
aspartame,80,-40,,-28020.68514670534
aspartame,80,-60,,-28020.691098362175
aspartame,80,-80,,-28020.79289123828
aspartame,80,-100,,-28020.71163194319
aspartame,80,-120,,-28020.740937710067
aspartame,80,-140,,-28020.710842065313
aspartame,80,-160,,-28020.64465208312
aspartame,80,-180,,-28020.786734407826
aspartame,100,0,,-28017.83599353296
aspartame,100,20,,-28020.580918507596
aspartame,100,40,,-28018.5691871322
aspartame,100,60,,-28019.751477802147
aspartame,100,80,,-28020.317407461713
aspartame,100,100,,-28014.298467465236
aspartame,100,120,,-28020.44310914649
aspartame,100,140,,-28020.033471503837
aspartame,100,160,,-28018.365676799538
aspartame,100,180,,-28020.487455031594
aspartame,100,-20,,-28018.06231017021
aspartame,100,-40,,-28020.4310728349
aspartame,100,-60,,-28018.12806547628
aspartame,100,-80,,-28020.17384431872
aspartame,100,-100,,-28020.302362477705
aspartame,100,-120,,-28014.36864657401
aspartame,100,-140,,-28020.43937060745
aspartame,100,-160,,-28019.58364010621
aspartame,100,-180,,-28018.871207563087
aspartame,120,0,,-28020.71226449427
aspartame,120,20,,-28019.276093774017
aspartame,120,40,,-28020.026766462455
aspartame,120,60,,-28020.52218208556
aspartame,120,80,,-28015.489587088443
aspartame,120,100,,-28020.314774265124
aspartame,120,120,,-28020.221617333103
aspartame,120,140,,-28018.81237950224
aspartame,120,160,,-28020.52858869259
aspartame,120,180,,-28018.878202118234
aspartame,120,-20,,-28017.396139817563
aspartame,120,-40,,-28019.33155714973
aspartame,120,-60,,-28020.49912316602
aspartame,120,-80,,-28018.67653267139
aspartame,120,-100,,-28020.328198945226
aspartame,120,-120,,-28020.08924953316
aspartame,120,-140,,-28015.817217322718
aspartame,120,-160,,-28020.563940188
aspartame,120,-180,,-28019.8673700795
aspartame,140,0,,-28019.514743129803
aspartame,140,20,,-28019.493652417263
aspartame,140,40,,-28019.50263545348
aspartame,140,60,,-28019.376304461475
aspartame,140,80,,-28019.463435939033
aspartame,140,100,,-28019.504692866394
aspartame,140,120,,-28019.48797405493
aspartame,140,140,,-28019.531802545695
aspartame,140,160,,-28019.410236771782
aspartame,140,180,,-28019.46747372339
aspartame,140,-20,,-28019.442941284236
aspartame,140,-40,,-28019.45592885533
aspartame,140,-60,,-28019.42389419824
aspartame,140,-80,,-28019.530592589024
aspartame,140,-100,,-28019.493363714464
aspartame,140,-120,,-28019.495413017754
aspartame,140,-140,,-28019.46556796054
aspartame,140,-160,,-28019.371556273607
aspartame,140,-180,,-28019.512332137056
aspartame,160,0,,-28016.996352941445
aspartame,160,20,,-28016.956177838616
aspartame,160,40,,-28017.085352472077
aspartame,160,60,,-28016.872003942808
aspartame,160,80,,-28016.92655822909
aspartame,160,100,,-28017.01320353438
aspartame,160,120,,-28016.92523595406
aspartame,160,140,,-28017.065775016337
aspartame,160,160,,-28016.95292263347
aspartame,160,180,,-28016.8892928612
aspartame,160,-20,,-28016.951491283926
aspartame,160,-40,,-28016.88359787413
aspartame,160,-60,,-28016.9743940931
aspartame,160,-80,,-28017.052255453575
aspartame,160,-100,,-28016.929800458827
aspartame,160,-120,,-28017.004392016825
aspartame,160,-140,,-28016.91985967541
aspartame,160,-160,,-28016.878189967927
aspartame,160,-180,,-28017.091923704582
aspartame,180,0,,-28020.820847562863
aspartame,180,20,,-28020.829247516744
aspartame,180,40,,-28020.864277059874
aspartame,180,60,,-28020.694764725515
aspartame,180,80,,-28020.820453434888
aspartame,180,100,,-28020.813698924765
aspartame,180,120,,-28020.773885511397
aspartame,180,140,,-28020.916374939487
aspartame,180,160,,-28020.72822911022
aspartame,180,180,,-28020.760923891117
aspartame,180,-20,,-28020.79481565328
aspartame,180,-40,,-28020.746694735804
aspartame,180,-60,,-28020.74430645002
aspartame,180,-80,,-28020.912309582392
aspartame,180,-100,,-28020.776693065007
aspartame,180,-120,,-28020.805502522577
aspartame,180,-140,,-28020.814997276393
aspartame,180,-160,,-28020.693966738007
aspartame,180,-180,,-28020.88063255995
aspartame,-20,0,,-28020.271596166618
aspartame,-20,20,,-28020.720535505043
aspartame,-20,40,,-28020.645743639205
aspartame,-20,60,,-28020.44394362733
aspartame,-20,80,,-28020.70370559166
aspartame,-20,100,,-28020.29063595395
aspartame,-20,120,,-28020.60296047964
aspartame,-20,140,,-28020.76024268227
aspartame,-20,160,,-28020.41088634601
aspartame,-20,180,,-28020.627735396705
aspartame,-20,-20,,-28020.596055941376
aspartame,-20,-40,,-28020.60533984483
aspartame,-20,-60,,-28020.43564585478
aspartame,-20,-80,,-28020.765677755728
aspartame,-20,-100,,-28020.565889742848
aspartame,-20,-120,,-28020.33280359266
aspartame,-20,-140,,-28020.69918609533
aspartame,-20,-160,,-28020.421066363488
aspartame,-20,-180,,-28020.674643113656
aspartame,-40,0,,-28020.778064403297
aspartame,-40,20,,-28020.792466293715
aspartame,-40,40,,-28020.832897660825
aspartame,-40,60,,-28020.653082853587
aspartame,-40,80,,-28020.78421231316
aspartame,-40,100,,-28020.773124017218
aspartame,-40,120,,-28020.73304379705
aspartame,-40,140,,-28020.8848236163
aspartame,-40,160,,-28020.689867320467
aspartame,-40,180,,-28020.721165623225
aspartame,-40,-20,,-28020.761089327552
aspartame,-40,-40,,-28020.70672967237
aspartame,-40,-60,,-28020.706904029397
aspartame,-40,-80,,-28020.88013706161
aspartame,-40,-100,,-28020.735612927565
aspartame,-40,-120,,-28020.76580102209
aspartame,-40,-140,,-28020.77788436953
aspartame,-40,-160,,-28020.65238218163
aspartame,-40,-180,,-28020.849999246784
aspartame,-60,0,,-28016.138759252906
aspartame,-60,20,,-28016.09028678301
aspartame,-60,40,,-28016.21448494254
aspartame,-60,60,,-28016.013661330016
aspartame,-60,80,,-28016.05769783277
aspartame,-60,100,,-28016.14998176321
aspartame,-60,120,,-28016.06676602009
aspartame,-60,140,,-28016.19056842972
aspartame,-60,160,,-28016.092497062433
aspartame,-60,180,,-28016.02906394867
aspartame,-60,-20,,-28016.08199874201
aspartame,-60,-40,,-28016.024319004653
aspartame,-60,-60,,-28016.112588263182
aspartame,-60,-80,,-28016.17750260071
aspartame,-60,-100,,-28016.0722939488
aspartame,-60,-120,,-28016.140635010128
aspartame,-60,-140,,-28016.051914045256
aspartame,-60,-160,,-28016.020237833778
aspartame,-60,-180,,-28016.22064623329
aspartame,-80,0,,-28019.98028125718
aspartame,-80,20,,-28019.95709663839
aspartame,-80,40,,-28019.972129457954
aspartame,-80,60,,-28019.838823373917
aspartame,-80,80,,-28019.90699129466
aspartame,-80,100,,-28019.96526303495
aspartame,-80,120,,-28019.951879713954
aspartame,-80,140,,-28020.004669344933
aspartame,-80,160,,-28019.863584504612
aspartame,-80,180,,-28019.91809013312
aspartame,-80,-20,,-28019.911205057968
aspartame,-80,-40,,-28019.90906654876
aspartame,-80,-60,,-28019.878126691612
aspartame,-80,-80,,-28020.00278223423
aspartame,-80,-100,,-28019.95859854171
aspartame,-80,-120,,-28019.953473256082
aspartame,-80,-140,,-28019.906467412617
aspartame,-80,-160,,-28019.833284497203
aspartame,-80,-180,,-28019.983442390625
aspartame,-100,0,,-28020.68163685784
aspartame,-100,20,,-28019.031255960224
aspartame,-100,40,,-28019.603598714522
aspartame,-100,60,,-28020.527875856187
aspartame,-100,80,,-28014.44686029787
aspartame,-100,100,,-28020.014992091885
aspartame,-100,120,,-28020.18130761043
aspartame,-100,140,,-28017.88404024733
aspartame,-100,160,,-28020.421975452915
aspartame,-100,180,,-28018.80894669622
aspartame,-100,-20,,-28015.932097923836
aspartame,-100,-40,,-28019.308763415065
aspartame,-100,-60,,-28020.36948750014
aspartame,-100,-80,,-28017.770498140504
aspartame,-100,-100,,-28020.29684792988
aspartame,-100,-120,,-28019.6954597278
aspartame,-100,-140,,-28014.974720925296
aspartame,-100,-160,,-28020.555470491312
aspartame,-100,-180,,-28019.35016712671
aspartame,-120,0,,-28018.110532458053
aspartame,-120,20,,-28020.635257888705
aspartame,-120,40,,-28019.276510608957
aspartame,-120,60,,-28019.832407846294
aspartame,-120,80,,-28020.47085543168
aspartame,-120,100,,-28015.672813616668
aspartame,-120,120,,-28020.428364218762
aspartame,-120,140,,-28020.286666290478
aspartame,-120,160,,-28018.820548331685
aspartame,-120,180,,-28020.503590760723
aspartame,-120,-20,,-28018.962538206622
aspartame,-120,-40,,-28020.446793351017
aspartame,-120,-60,,-28018.699958146164
aspartame,-120,-80,,-28020.379512623702
aspartame,-120,-100,,-28020.286924987646
aspartame,-120,-120,,-28015.868974597906
aspartame,-120,-140,,-28020.537449273404
aspartame,-120,-160,,-28019.690222529294
aspartame,-120,-180,,-28019.494220091303
aspartame,-140,0,,-28020.77385145095
aspartame,-140,20,,-28020.740817687554
aspartame,-140,40,,-28020.778092787
aspartame,-140,60,,-28020.648912071316
aspartame,-140,80,,-28020.720103261807
aspartame,-140,100,,-28020.75730780748
aspartame,-140,120,,-28020.708053163846
aspartame,-140,140,,-28020.803974668444
aspartame,-140,160,,-28020.67826000826
aspartame,-140,180,,-28020.69214855915
aspartame,-140,-20,,-28020.702701619568
aspartame,-140,-40,,-28020.68534539125
aspartame,-140,-60,,-28020.691610079775
aspartame,-140,-80,,-28020.800906795736
aspartame,-140,-100,,-28020.71453032465
aspartame,-140,-120,,-28020.744673005254
aspartame,-140,-140,,-28020.71747817485
aspartame,-140,-160,,-28020.647062264903
aspartame,-140,-180,,-28020.788060332194
aspartame,-160,0,,-28017.247929857065
aspartame,-160,20,,-28017.252761168635
aspartame,-160,40,,-28017.36250310324
aspartame,-160,60,,-28017.122921140097
aspartame,-160,80,,-28017.235211931144
aspartame,-160,100,,-28017.27128639999
aspartame,-160,120,,-28017.193132281907
aspartame,-160,140,,-28017.378068319955
aspartame,-160,160,,-28017.19823161672
aspartame,-160,180,,-28017.168088125152
aspartame,-160,-20,,-28017.24146607715
aspartame,-160,-40,,-28017.154767248307
aspartame,-160,-60,,-28017.22158126646
aspartame,-160,-80,,-28017.365423786177
aspartame,-160,-100,,-28017.19551083614
aspartame,-160,-120,,-28017.26632614532
aspartame,-160,-140,,-28017.226064674942
aspartame,-160,-160,,-28017.126763887874
aspartame,-160,-180,,-28017.37641233368
aspartame,-180,0,,-28013.976640684326
aspartame,-180,20,,-28013.92392910853
aspartame,-180,40,,-28013.965844943254
aspartame,-180,60,,-28013.85499280042
aspartame,-180,80,,-28013.899296515454
aspartame,-180,100,,-28013.95629180011
aspartame,-180,120,,-28013.92656412978
aspartame,-180,140,,-28013.9574401236
aspartame,-180,160,,-28013.89934314582
aspartame,-180,180,,-28013.898229288257
aspartame,-180,-20,,-28013.8900912754
aspartame,-180,-40,,-28013.88861694482
aspartame,-180,-60,,-28013.911353303858
aspartame,-180,-80,,-28013.953505939757
aspartame,-180,-100,,-28013.92933255443
aspartame,-180,-120,,-28013.945062396622
aspartame,-180,-140,,-28013.900357863167
aspartame,-180,-160,,-28013.858634834873
aspartame,-180,-180,,-28013.969455958377
gly-gly,0,0,,-13395.74059447607
gly-gly,0,20,,-13395.299914389461
gly-gly,0,40,,-13392.307981210844
gly-gly,0,60,,-13395.90158642856
gly-gly,0,80,,-13392.78317380104
gly-gly,0,100,,-13392.15039999098
gly-gly,0,120,,-13395.940019177566
gly-gly,0,140,,-13392.631305282723
gly-gly,0,160,,-13395.173078167563
gly-gly,0,180,,-13395.754827280718
gly-gly,0,-20,,-13372.10021817798
gly-gly,0,-40,,-13395.863696213743
gly-gly,0,-60,,-13394.914386471544
gly-gly,0,-80,,-13393.137640420113
gly-gly,0,-100,,-13395.976865277627
gly-gly,0,-120,,-13390.737554718298
gly-gly,0,-140,,-13393.74083656264
gly-gly,0,-160,,-13395.839952436025
gly-gly,0,-180,,-13391.958540597798
gly-gly,20,0,,-13396.262480739697
gly-gly,20,20,,-13396.028110024252
gly-gly,20,40,,-13396.273169230923
gly-gly,20,60,,-13396.272797809908
gly-gly,20,80,,-13396.46638925515
gly-gly,20,100,,-13396.378325981203
gly-gly,20,120,,-13396.052949818351
gly-gly,20,140,,-13396.194792098036
gly-gly,20,160,,-13396.221791891861
gly-gly,20,180,,-13396.650328214293
gly-gly,20,-20,,-13396.237943029284
gly-gly,20,-40,,-13396.599513278014
gly-gly,20,-60,,-13396.231032408801
gly-gly,20,-80,,-13396.168475540468
gly-gly,20,-100,,-13396.0736030164
gly-gly,20,-120,,-13396.375342043155
gly-gly,20,-140,,-13396.556792562593
gly-gly,20,-160,,-13396.244444113496
gly-gly,20,-180,,-13396.269793192307
gly-gly,40,0,,-13396.169194459093
gly-gly,40,20,,-13396.176452171705
gly-gly,40,40,,-13396.356930346605
gly-gly,40,60,,-13396.2146205468
gly-gly,40,80,,-13396.377759523606
gly-gly,40,100,,-13396.129868839917
gly-gly,40,120,,-13396.153707905778
gly-gly,40,140,,-13396.296018111065
gly-gly,40,160,,-13396.297867511994
gly-gly,40,180,,-13396.295842943075
gly-gly,40,-20,,-13396.293872708673
gly-gly,40,-40,,-13396.273700817113
gly-gly,40,-60,,-13396.313501255077
gly-gly,40,-80,,-13396.27867850749
gly-gly,40,-100,,-13396.154971791482
gly-gly,40,-120,,-13396.129693671926
gly-gly,40,-140,,-13396.37418074426
gly-gly,40,-160,,-13396.223551681387
gly-gly,40,-180,,-13396.353250602377
gly-gly,60,0,,-13396.258163173135
gly-gly,60,20,,-13396.232383473018
gly-gly,60,40,,-13396.34744370242
gly-gly,60,60,,-13396.137765591306
gly-gly,60,80,,-13396.121620536103
gly-gly,60,100,,-13396.250079494796
gly-gly,60,120,,-13396.162465494303
gly-gly,60,140,,-13396.364818582884
gly-gly,60,160,,-13396.199972123659
gly-gly,60,180,,-13396.181407155118
gly-gly,60,-20,,-13395.93575918937
gly-gly,60,-40,,-13396.172334102019
gly-gly,60,-60,,-13396.22134140196
gly-gly,60,-80,,-13396.352164317552
gly-gly,60,-100,,-13396.16816169782
gly-gly,60,-120,,-13396.208116624219
gly-gly,60,-140,,-13396.152789490277
gly-gly,60,-160,,-13396.13846504682
gly-gly,60,-180,,-13396.360650638979
gly-gly,80,0,,-13396.537561793497
gly-gly,80,20,,-13396.22237578516
gly-gly,80,40,,-13396.284140342725
gly-gly,80,60,,-13396.146044306228
gly-gly,80,80,,-13396.283342355215
gly-gly,80,100,,-13396.431439186385
gly-gly,80,120,,-13396.325389565936
gly-gly,80,140,,-13396.279351201227
gly-gly,80,160,,-13396.19668975126
gly-gly,80,180,,-13396.203490891749
gly-gly,80,-20,,-13396.405436876947
gly-gly,80,-40,,-13396.19425888992
gly-gly,80,-60,,-13396.212513665145
gly-gly,80,-80,,-13396.272626696733
gly-gly,80,-100,,-13396.364289835063
gly-gly,80,-120,,-13396.425047582168
gly-gly,80,-140,,-13396.2676940148
gly-gly,80,-160,,-13396.146670369599
gly-gly,80,-180,,-13396.289328477977
gly-gly,100,0,,-13394.892970360133
gly-gly,100,20,,-13396.076435304383
gly-gly,100,40,,-13394.371191751834
gly-gly,100,60,,-13395.645636800897
gly-gly,100,80,,-13396.029728706231
gly-gly,100,100,,-13384.50236406039
gly-gly,100,120,,-13396.051848936195
gly-gly,100,140,,-13395.602912436143
gly-gly,100,160,,-13394.613595865918
gly-gly,100,180,,-13396.152383603338
gly-gly,100,-20,,-13393.786370102933
gly-gly,100,-40,,-13396.111801802605
gly-gly,100,-60,,-13394.405740596696
gly-gly,100,-80,,-13395.730696268207
gly-gly,100,-100,,-13396.015264371672
gly-gly,100,-120,,-13383.589472027094
gly-gly,100,-140,,-13396.118076222681
gly-gly,100,-160,,-13395.527897150021
gly-gly,100,-180,,-13394.589473774
gly-gly,120,0,,-13396.245621226168
gly-gly,120,20,,-13395.328986599015
gly-gly,120,40,,-13395.893691704578
gly-gly,120,60,,-13396.10873474086
gly-gly,120,80,,-13392.872812674565
gly-gly,120,100,,-13396.138176749504
gly-gly,120,120,,-13395.847585218984
gly-gly,120,140,,-13395.237595944225
gly-gly,120,160,,-13396.145173332055
gly-gly,120,180,,-13395.65773798952
gly-gly,120,-20,,-13394.278148557361
gly-gly,120,-40,,-13395.812557703259
gly-gly,120,-60,,-13396.13601715526
gly-gly,120,-80,,-13395.151421808388
gly-gly,120,-100,,-13395.916406775837
gly-gly,120,-120,,-13396.031904519734
gly-gly,120,-140,,-13393.776047964206
gly-gly,120,-160,,-13396.12068752327
gly-gly,120,-180,,-13395.80315053344
gly-gly,140,0,,-13396.218174591777
gly-gly,140,20,,-13396.195344769263
gly-gly,140,40,,-13396.321516812533
gly-gly,140,60,,-13396.256735472924
gly-gly,140,80,,-13396.422630507199
gly-gly,140,100,,-13396.30448699679
gly-gly,140,120,,-13396.168727344453
gly-gly,140,140,,-13396.296700536359
gly-gly,140,160,,-13396.272134847724
gly-gly,140,180,,-13396.407968297688
gly-gly,140,-20,,-13396.411038603284
gly-gly,140,-40,,-13396.391158252894
gly-gly,140,-60,,-13396.281525798286
gly-gly,140,-80,,-13396.28467273988
gly-gly,140,-100,,-13396.171242140454
gly-gly,140,-120,,-13396.323350399685
gly-gly,140,-140,,-13396.424976217431
gly-gly,140,-160,,-13396.246736300176
gly-gly,140,-180,,-13396.322668379873
gly-gly,160,0,,-13396.189647349302
gly-gly,160,20,,-13396.17612292076
gly-gly,160,40,,-13396.378229882097
gly-gly,160,60,,-13396.154122307827
gly-gly,160,80,,-13396.258271031204
gly-gly,160,100,,-13396.058200803229
gly-gly,160,120,,-13396.1350934685
gly-gly,160,140,,-13396.333691798782
gly-gly,160,160,,-13396.25363597266
gly-gly,160,180,,-13396.210132678027
gly-gly,160,-20,,-13395.9776028484
gly-gly,160,-40,,-13396.195512233106
gly-gly,160,-60,,-13396.27688181915
gly-gly,160,-80,,-13396.31299845807
gly-gly,160,-100,,-13396.13989761281
gly-gly,160,-120,,-13396.01061268839
gly-gly,160,-140,,-13396.271344158882
gly-gly,160,-160,,-13396.162077448547
gly-gly,160,-180,,-13396.38196639373
gly-gly,180,0,,-13396.362782660484
gly-gly,180,20,,-13396.259047528196
gly-gly,180,40,,-13396.304103816814
gly-gly,180,60,,-13396.1632549667
gly-gly,180,80,,-13396.160223992803
gly-gly,180,100,,-13396.438168962139
gly-gly,180,120,,-13396.228726841233
gly-gly,180,140,,-13396.337537384927
gly-gly,180,160,,-13396.202455292105
gly-gly,180,180,,-13396.182313406176
gly-gly,180,-20,,-13396.24691227913
gly-gly,180,-40,,-13396.17971427003
gly-gly,180,-60,,-13396.21696585155
gly-gly,180,-80,,-13396.333317539396
gly-gly,180,-100,,-13396.238982683743
gly-gly,180,-120,,-13396.43524300794
gly-gly,180,-140,,-13396.165457541978
gly-gly,180,-160,,-13396.16326875307
gly-gly,180,-180,,-13396.314948823881
gly-gly,-20,0,,-13396.656375970235
gly-gly,-20,20,,-13396.207570035212
gly-gly,-20,40,,-13396.167707964069
gly-gly,-20,60,,-13395.984372766816
gly-gly,-20,80,,-13396.374248054182
gly-gly,-20,100,,-13396.25751318636
gly-gly,-20,120,,-13396.347626574558
gly-gly,-20,140,,-13396.237208296883
gly-gly,-20,160,,-13395.971924080583
gly-gly,-20,180,,-13396.183929249784
gly-gly,-20,-20,,-13396.316238254916
gly-gly,-20,-40,,-13396.151021996602
gly-gly,-20,-60,,-13395.992410220271
gly-gly,-20,-80,,-13396.235609888978
gly-gly,-20,-100,,-13396.403645865348
gly-gly,-20,-120,,-13396.211074611452
gly-gly,-20,-140,,-13396.34759900182
gly-gly,-20,-160,,-13395.968689554995
gly-gly,-20,-180,,-13396.190255571488
gly-gly,-40,0,,-13396.353114766089
gly-gly,-40,20,,-13396.261177522292
gly-gly,-40,40,,-13396.309170713108
gly-gly,-40,60,,-13396.161949721887
gly-gly,-40,80,,-13396.14231752615
gly-gly,-40,100,,-13396.425870304045
gly-gly,-40,120,,-13396.219109632018
gly-gly,-40,140,,-13396.346328628411
gly-gly,-40,160,,-13396.20108233189
gly-gly,-40,180,,-13396.18146311156
gly-gly,-40,-20,,-13396.202650328687
gly-gly,-40,-40,,-13396.178445113068
gly-gly,-40,-60,,-13396.21638398566
gly-gly,-40,-80,,-13396.341961998594
gly-gly,-40,-100,,-13396.227956426463
gly-gly,-40,-120,,-13396.417383577134
gly-gly,-40,-140,,-13396.15323268151
gly-gly,-40,-160,,-13396.161393401328
gly-gly,-40,-180,,-13396.321156339518
gly-gly,-60,0,,-13396.182366118765
gly-gly,-60,20,,-13396.171653704134
gly-gly,-60,40,,-13396.378746870956
gly-gly,-60,60,,-13396.162441570896
gly-gly,-60,80,,-13396.278564161717
gly-gly,-60,100,,-13396.04426805486
gly-gly,-60,120,,-13396.135549229657
gly-gly,-60,140,,-13396.325692460585
gly-gly,-60,160,,-13396.264594920018
gly-gly,-60,180,,-13396.22102390998
gly-gly,-60,-20,,-13396.019824010664
gly-gly,-60,-40,,-13396.205252303202
gly-gly,-60,-60,,-13396.286735018572
gly-gly,-60,-80,,-13396.30468689915
gly-gly,-60,-100,,-13396.139986413249
gly-gly,-60,-120,,-13396.002014048598
gly-gly,-60,-140,,-13396.288194346338
gly-gly,-60,-160,,-13396.171359730077
gly-gly,-60,-180,,-13396.38053950448
gly-gly,-80,0,,-13396.229170843428
gly-gly,-80,20,,-13396.190790807012
gly-gly,-80,40,,-13396.315931710935
gly-gly,-80,60,,-13396.266507981536
gly-gly,-80,80,,-13396.42527667919
gly-gly,-80,100,,-13396.324300848222
gly-gly,-80,120,,-13396.16451763596
gly-gly,-80,140,,-13396.298072685611
gly-gly,-80,160,,-13396.264309866554
gly-gly,-80,180,,-13396.450444913271
gly-gly,-80,-20,,-13396.40562420938
gly-gly,-80,-40,,-13396.430727160945
gly-gly,-80,-60,,-13396.273140441739
gly-gly,-80,-80,,-13396.285717260113
gly-gly,-80,-100,,-13396.168970633327
gly-gly,-80,-120,,-13396.344257023644
gly-gly,-80,-140,,-13396.435272202605
gly-gly,-80,-160,,-13396.250120448422
gly-gly,-80,-180,,-13396.319132581562
gly-gly,-100,0,,-13396.221565227726
gly-gly,-100,20,,-13395.158649920853
gly-gly,-100,40,,-13395.669344896249
gly-gly,-100,60,,-13396.081080499962
gly-gly,-100,80,,-13391.675718168035
gly-gly,-100,100,,-13395.989362621634
gly-gly,-100,120,,-13395.818858885112
gly-gly,-100,140,,-13394.780774249008
gly-gly,-100,160,,-13396.102519521075
gly-gly,-100,180,,-13395.486396122826
gly-gly,-100,-20,,-13393.061673773122
gly-gly,-100,-40,,-13395.683769493624
gly-gly,-100,-60,,-13396.081287295505
gly-gly,-100,-80,,-13394.695429930973
gly-gly,-100,-100,,-13395.89667726455
gly-gly,-100,-120,,-13395.827449820757
gly-gly,-100,-140,,-13393.048205503763
gly-gly,-100,-160,,-13396.09723853057
gly-gly,-100,-180,,-13395.53718186444
gly-gly,-120,0,,-13395.062324962204
gly-gly,-120,20,,-13396.121724339357
gly-gly,-120,40,,-13394.951679209433
gly-gly,-120,60,,-13395.67558728329
gly-gly,-120,80,,-13396.171345538225
gly-gly,-120,100,,-13388.285518630752
gly-gly,-120,120,,-13396.080805583533
gly-gly,-120,140,,-13395.837807033631
gly-gly,-120,160,,-13394.851254427764
gly-gly,-120,180,,-13396.171396223408
gly-gly,-120,-20,,-13394.741584871601
gly-gly,-120,-40,,-13396.120330294105
gly-gly,-120,-60,,-13394.71774621122
gly-gly,-120,-80,,-13395.917190166014
gly-gly,-120,-100,,-13396.05007049452
gly-gly,-120,-120,,-13388.619816602117
gly-gly,-120,-140,,-13396.218749564483
gly-gly,-120,-160,,-13395.57111214734
gly-gly,-120,-180,,-13395.130290953182
gly-gly,-140,0,,-13396.483106039208
gly-gly,-140,20,,-13396.231331248635
gly-gly,-140,40,,-13396.28692924419
gly-gly,-140,60,,-13396.157539705553
gly-gly,-140,80,,-13396.265145969319
gly-gly,-140,100,,-13396.435281123197
gly-gly,-140,120,,-13396.306631993702
gly-gly,-140,140,,-13396.28695924982
gly-gly,-140,160,,-13396.205804568946
gly-gly,-140,180,,-13396.199454729318
gly-gly,-140,-20,,-13396.396220688894
gly-gly,-140,-40,,-13396.19331330716
gly-gly,-140,-60,,-13396.219890589306
gly-gly,-140,-80,,-13396.281831125823
gly-gly,-140,-100,,-13396.339227026161
gly-gly,-140,-120,,-13396.432540879507
gly-gly,-140,-140,,-13396.250394553888
gly-gly,-140,-160,,-13396.15785881946
gly-gly,-140,-180,,-13396.291382647041
gly-gly,-160,0,,-13396.242790965593
gly-gly,-160,20,,-13396.221913536298
gly-gly,-160,40,,-13396.3549536245
gly-gly,-160,60,,-13396.1359725523
gly-gly,-160,80,,-13396.139211132702
gly-gly,-160,100,,-13396.213677396929
gly-gly,-160,120,,-13396.15446777803
gly-gly,-160,140,,-13396.36270075323
gly-gly,-160,160,,-13396.205472479633
gly-gly,-160,180,,-13396.182988532802
gly-gly,-160,-20,,-13395.913905766207
gly-gly,-160,-40,,-13396.172783780956
gly-gly,-160,-60,,-13396.228124701267
gly-gly,-160,-80,,-13396.348169514229
gly-gly,-160,-100,,-13396.160489583159
gly-gly,-160,-120,,-13396.167222197282
gly-gly,-160,-140,,-13396.169583721292
gly-gly,-160,-160,,-13396.137665437385
gly-gly,-160,-180,,-13396.367109553119
gly-gly,-180,0,,-13396.173975896441
gly-gly,-180,20,,-13396.17941664664
gly-gly,-180,40,,-13396.351777082758
gly-gly,-180,60,,-13396.22290453298
gly-gly,-180,80,,-13396.391640370348
gly-gly,-180,100,,-13396.162196660096
gly-gly,-180,120,,-13396.156824436262
gly-gly,-180,140,,-13396.29502387053
gly-gly,-180,160,,-13396.296230177868
gly-gly,-180,180,,-13396.30626381654
gly-gly,-180,-20,,-13396.331506253726
gly-gly,-180,-40,,-13396.284387686414
gly-gly,-180,-60,,-13396.310907390192
gly-gly,-180,-80,,-13396.278715811783
gly-gly,-180,-100,,-13396.15827889825
gly-gly,-180,-120,,-13396.167617136221
gly-gly,-180,-140,,-13396.38776031828
gly-gly,-180,-160,,-13396.229861783831
gly-gly,-180,-180,,-13396.348395367402
sucrose,,,0,-35310.08554622871
sucrose,,,20,-35309.05665243806
sucrose,,,40,-35303.19931646834
sucrose,,,60,-35301.04339122354
sucrose,,,80,-35305.56790741163
sucrose,,,100,-35292.01870841439
sucrose,,,120,-35281.08099774272
sucrose,,,140,-35294.85677612919
sucrose,,,160,-35254.624294429144
sucrose,,,180,-35241.30330080178
sucrose,,,-20,-35306.302117147396
sucrose,,,-40,-35252.403456266
sucrose,,,-60,-35226.18376659601
sucrose,,,-80,-35245.57825612806
sucrose,,,-100,-35276.79237931325
sucrose,,,-120,-35253.35618198675
sucrose,,,-140,-35232.691607750494
sucrose,,,-160,-35277.46446969518
sucrose,,,-180,-35241.30330080178
