name,phi,psi,theta,bobbrr_energy
ala-ala,0,0,,-570.698591268216
ala-ala,0,20,,-570.7013137572278
ala-ala,0,40,,-570.6954383361858
ala-ala,0,60,,-570.705994523179
ala-ala,0,80,,-570.705617923908
ala-ala,0,100,,-570.709439909009
ala-ala,0,120,,-570.7052486227421
ala-ala,0,140,,-570.688793073637
ala-ala,0,160,,-570.7042134521162
ala-ala,0,180,,-570.7015435931828
ala-ala,0,-20,,-570.6980835639308
ala-ala,0,-40,,-570.710123320596
ala-ala,0,-60,,-570.7037207756027
ala-ala,0,-80,,-570.6884829401097
ala-ala,0,-100,,-570.7045164344186
ala-ala,0,-120,,-570.7150591659276
ala-ala,0,-140,,-570.7020991740469
ala-ala,0,-160,,-570.7034519779829
ala-ala,0,-180,,-570.6935658860125
ala-ala,20,0,,-570.707443630399
ala-ala,20,20,,-570.6830340559577
ala-ala,20,40,,-570.6928696823152
ala-ala,20,60,,-570.7285973647474
ala-ala,20,80,,-570.7143766808365
ala-ala,20,100,,-570.6849328913968
ala-ala,20,120,,-570.7048846606699
ala-ala,20,140,,-570.6960740017396
ala-ala,20,160,,-570.7011746864121
ala-ala,20,180,,-570.7040905930958
ala-ala,20,-20,,-570.7088940355982
ala-ala,20,-40,,-570.707551668118
ala-ala,20,-60,,-570.6982435380667
ala-ala,20,-80,,-570.6940970368187
ala-ala,20,-100,,-570.7067474056132
ala-ala,20,-120,,-570.6880790873595
ala-ala,20,-140,,-570.7082268152499
ala-ala,20,-160,,-570.7243843501944
ala-ala,20,-180,,-570.694667226082
ala-ala,40,0,,-570.7061046338927
ala-ala,40,20,,-570.6921016252504
ala-ala,40,40,,-570.6897526672096
ala-ala,40,60,,-570.7103990968508
ala-ala,40,80,,-570.6947028036504
ala-ala,40,100,,-570.6746875031529
ala-ala,40,120,,-570.7109310655424
ala-ala,40,140,,-570.6947667589566
ala-ala,40,160,,-570.7114694766583
ala-ala,40,180,,-570.7026224660442
ala-ala,40,-20,,-570.690856238534
ala-ala,40,-40,,-570.7085648079883
ala-ala,40,-60,,-570.7073863399398
ala-ala,40,-80,,-570.6937731345947
ala-ala,40,-100,,-570.7120402109636
ala-ala,40,-120,,-570.6683359745944
ala-ala,40,-140,,-570.6934399980469
ala-ala,40,-160,,-570.7104406513613
ala-ala,40,-180,,-570.6906214912804
ala-ala,60,0,,-570.7056898386861
ala-ala,60,20,,-570.7036212200128
ala-ala,60,40,,-570.7042888850701
ala-ala,60,60,,-570.7227649264626
ala-ala,60,80,,-570.7039696184488
ala-ala,60,100,,-570.6926966769979
ala-ala,60,120,,-570.705972180338
ala-ala,60,140,,-570.7051723529162
ala-ala,60,160,,-570.7101045034187
ala-ala,60,180,,-570.7063559587705
ala-ala,60,-20,,-570.67212921131
ala-ala,60,-40,,-570.7053384925027
ala-ala,60,-60,,-570.7079265746345
ala-ala,60,-80,,-570.7028734549997
ala-ala,60,-100,,-570.7105549099651
ala-ala,60,-120,,-570.6962992068743
ala-ala,60,-140,,-570.7030575458402
ala-ala,60,-160,,-570.721473942554
ala-ala,60,-180,,-570.703254447646
ala-ala,80,0,,-570.7015559620145
ala-ala,80,20,,-570.7147844706283
ala-ala,80,40,,-570.7057379734676
ala-ala,80,60,,-570.7130524318159
ala-ala,80,80,,-570.7011106813125
ala-ala,80,100,,-570.7024355098197
ala-ala,80,120,,-570.7146854126761
ala-ala,80,140,,-570.6962426069747
ala-ala,80,160,,-570.7137962103482
ala-ala,80,180,,-570.7182362818121
ala-ala,80,-20,,-570.6959428848377
ala-ala,80,-40,,-570.7181031533746
ala-ala,80,-60,,-570.7145107795955
ala-ala,80,-80,,-570.6962834433405
ala-ala,80,-100,,-570.7117664759189
ala-ala,80,-120,,-570.7021767731071
ala-ala,80,-140,,-570.7033443514076
ala-ala,80,-160,,-570.7155844369915
ala-ala,80,-180,,-570.7032914369138
ala-ala,100,0,,-570.6986897736729
ala-ala,100,20,,-570.7064062387724
ala-ala,100,40,,-570.7075073369053
ala-ala,100,60,,-570.706061835629
ala-ala,100,80,,-570.6887718726059
ala-ala,100,100,,-570.7013685556756
ala-ala,100,120,,-570.7031678585222
ala-ala,100,140,,-570.6958931409049
ala-ala,100,160,,-570.7160985872708
ala-ala,100,180,,-570.7060405231923
ala-ala,100,-20,,-570.7106947642033
ala-ala,100,-40,,-570.7071355505054
ala-ala,100,-60,,-570.7178260471042
ala-ala,100,-80,,-570.6922862748204
ala-ala,100,-100,,-570.6999990176705
ala-ala,100,-120,,-570.7033720850532
ala-ala,100,-140,,-570.6847801376375
ala-ala,100,-160,,-570.7032127397979
ala-ala,100,-180,,-570.705294865824
ala-ala,120,0,,-570.6909908506029
ala-ala,120,20,,-570.6874049904156
ala-ala,120,40,,-570.6963767386717
ala-ala,120,60,,-570.7196040827898
ala-ala,120,80,,-570.7092378844993
ala-ala,120,100,,-570.6941706220302
ala-ala,120,120,,-570.7059857753848
ala-ala,120,140,,-570.6885008353147
ala-ala,120,160,,-570.7096024011198
ala-ala,120,180,,-570.7077179931434
ala-ala,120,-20,,-570.7165368248266
ala-ala,120,-40,,-570.710967205602
ala-ala,120,-60,,-570.708395619705
ala-ala,120,-80,,-570.6863817657268
ala-ala,120,-100,,-570.7088683003517
ala-ala,120,-120,,-570.6957780623447
ala-ala,120,-140,,-570.7117752978354
ala-ala,120,-160,,-570.7179328188115
ala-ala,120,-180,,-570.6931450037516
ala-ala,140,0,,-570.7119087060007
ala-ala,140,20,,-570.6941450793734
ala-ala,140,40,,-570.6983251614572
ala-ala,140,60,,-570.7186880980978
ala-ala,140,80,,-570.7010977789798
ala-ala,140,100,,-570.6860849693599
ala-ala,140,120,,-570.70414355098
ala-ala,140,140,,-570.6971166060869
ala-ala,140,160,,-570.706828553477
ala-ala,140,180,,-570.7039459107211
ala-ala,140,-20,,-570.6969562224872
ala-ala,140,-40,,-570.7054221725286
ala-ala,140,-60,,-570.7011031530906
ala-ala,140,-80,,-570.6958882448387
ala-ala,140,-100,,-570.7107297726329
ala-ala,140,-120,,-570.6866998169373
ala-ala,140,-140,,-570.6981849684751
ala-ala,140,-160,,-570.713118553788
ala-ala,140,-180,,-570.6983907461101
ala-ala,160,0,,-570.7148903348159
ala-ala,160,20,,-570.7002724111353
ala-ala,160,40,,-570.6955561919347
ala-ala,160,60,,-570.7173555425013
ala-ala,160,80,,-570.6945764778002
ala-ala,160,100,,-570.6866879739521
ala-ala,160,120,,-570.7084516055834
ala-ala,160,140,,-570.6938885632965
ala-ala,160,160,,-570.7148236311173
ala-ala,160,180,,-570.7021095340212
ala-ala,160,-20,,-570.6627380665536
ala-ala,160,-40,,-570.7069699612173
ala-ala,160,-60,,-570.7123754736917
ala-ala,160,-80,,-570.6931663329522
ala-ala,160,-100,,-570.7076692923035
ala-ala,160,-120,,-570.6745112898195
ala-ala,160,-140,,-570.6949503303624
ala-ala,160,-160,,-570.7151850538164
ala-ala,160,-180,,-570.6933631022953
ala-ala,180,0,,-570.6956007854849
ala-ala,180,20,,-570.6965704662853
ala-ala,180,40,,-570.7114371231612
ala-ala,180,60,,-570.718981667248
ala-ala,180,80,,-570.6917669031523
ala-ala,180,100,,-570.7009244001727
ala-ala,180,120,,-570.7022482813104
ala-ala,180,140,,-570.6996855259706
ala-ala,180,160,,-570.7136623329814
ala-ala,180,180,,-570.7059277797512
ala-ala,180,-20,,-570.703767448272
ala-ala,180,-40,,-570.7080904725678
ala-ala,180,-60,,-570.7150774810082
ala-ala,180,-80,,-570.6965079847726
ala-ala,180,-100,,-570.7037649164852
ala-ala,180,-120,,-570.6999613696519
ala-ala,180,-140,,-570.693646689349
ala-ala,180,-160,,-570.7153927686904
ala-ala,180,-180,,-570.7095235543525
ala-ala,-20,0,,-570.6940793031854
ala-ala,-20,20,,-570.7127117487996
ala-ala,-20,40,,-570.700363886617
ala-ala,-20,60,,-570.7049664708459
ala-ala,-20,80,,-570.6970576754982
ala-ala,-20,100,,-570.7063711765452
ala-ala,-20,120,,-570.7111393853315
ala-ala,-20,140,,-570.6995304222623
ala-ala,-20,160,,-570.7001109996522
ala-ala,-20,180,,-570.7119684090549
ala-ala,-20,-20,,-570.7050815926307
ala-ala,-20,-40,,-570.711499538329
ala-ala,-20,-60,,-570.7030853007643
ala-ala,-20,-80,,-570.6987688307047
ala-ala,-20,-100,,-570.709628846939
ala-ala,-20,-120,,-570.7049293648554
ala-ala,-20,-140,,-570.6989537823317
ala-ala,-20,-160,,-570.7023088975732
ala-ala,-20,-180,,-570.6991370699011
ala-ala,-40,0,,-570.6929364336354
ala-ala,-40,20,,-570.698148285182
ala-ala,-40,40,,-570.7118200806069
ala-ala,-40,60,,-570.7209011392788
ala-ala,-40,80,,-570.6909414012291
ala-ala,-40,100,,-570.6994054118566
ala-ala,-40,120,,-570.7014203176238
ala-ala,-40,140,,-570.6993599359485
ala-ala,-40,160,,-570.7134577698466
ala-ala,-40,180,,-570.7073317610507
ala-ala,-40,-20,,-570.7016941375618
ala-ala,-40,-40,,-570.708423168825
ala-ala,-40,-60,,-570.7147074466125
ala-ala,-40,-80,,-570.6961613848018
ala-ala,-40,-100,,-570.7028457972733
ala-ala,-40,-120,,-570.6983689504718
ala-ala,-40,-140,,-570.6918087059153
ala-ala,-40,-160,,-570.7172608783424
ala-ala,-40,-180,,-570.7095407996576
ala-ala,-60,0,,-570.7128378590642
ala-ala,-60,20,,-570.6980473626913
ala-ala,-60,40,,-570.6947817303087
ala-ala,-60,60,,-570.7211027270916
ala-ala,-60,80,,-570.6922395681734
ala-ala,-60,100,,-570.6819927138172
ala-ala,-60,120,,-570.7097367265696
ala-ala,-60,140,,-570.693461662212
ala-ala,-60,160,,-570.7163114798934
ala-ala,-60,180,,-570.7004104713392
ala-ala,-60,-20,,-570.6655094260748
ala-ala,-60,-40,,-570.7046650924267
ala-ala,-60,-60,,-570.7128365173619
ala-ala,-60,-80,,-570.6932455830333
ala-ala,-60,-100,,-570.7081329016644
ala-ala,-60,-120,,-570.6680453771692
ala-ala,-60,-140,,-570.6918680942845
ala-ala,-60,-160,,-570.7186750707106
ala-ala,-60,-180,,-570.692523047433
ala-ala,-80,0,,-570.7128502650135
ala-ala,-80,20,,-570.6936127980662
ala-ala,-80,40,,-570.6952316668107
ala-ala,-80,60,,-570.7225632875675
ala-ala,-80,80,,-570.7060482718005
ala-ala,-80,100,,-570.6862508219529
ala-ala,-80,120,,-570.7023801645244
ala-ala,-80,140,,-570.6945128484442
ala-ala,-80,160,,-570.7061869996448
ala-ala,-80,180,,-570.7012449600561
ala-ala,-80,-20,,-570.6961788190386
ala-ala,-80,-40,,-570.702843178181
ala-ala,-80,-60,,-570.7008335338346
ala-ala,-80,-80,,-570.6940738119649
ala-ala,-80,-100,,-570.7102423729466
ala-ala,-80,-120,,-570.6863791015376
ala-ala,-80,-140,,-570.7007443967384
ala-ala,-80,-160,,-570.7173909484077
ala-ala,-80,-180,,-570.6953784350187
ala-ala,-100,0,,-570.6918470351814
ala-ala,-100,20,,-570.6923429821497
ala-ala,-100,40,,-570.6959005204751
ala-ala,-100,60,,-570.7201774681562
ala-ala,-100,80,,-570.7091375613352
ala-ala,-100,100,,-570.6912165953377
ala-ala,-100,120,,-570.7049761480582
ala-ala,-100,140,,-570.6878165045459
ala-ala,-100,160,,-570.7122537831951
ala-ala,-100,180,,-570.7120531276776
ala-ala,-100,-20,,-570.7195673936988
ala-ala,-100,-40,,-570.7111526451085
ala-ala,-100,-60,,-570.7096170192526
ala-ala,-100,-80,,-570.6861144296595
ala-ala,-100,-100,,-570.707462645971
ala-ala,-100,-120,,-570.6927651821431
ala-ala,-100,-140,,-570.7105609841099
ala-ala,-100,-160,,-570.7186001146451
ala-ala,-100,-180,,-570.6935962014682
ala-ala,-120,0,,-570.6997161135423
ala-ala,-120,20,,-570.7079379621744
ala-ala,-120,40,,-570.7084527899685
ala-ala,-120,60,,-570.704130458935
ala-ala,-120,80,,-570.6879430980018
ala-ala,-120,100,,-570.7055782802761
ala-ala,-120,120,,-570.7043030122786
ala-ala,-120,140,,-570.6940085178485
ala-ala,-120,160,,-570.7162501905502
ala-ala,-120,180,,-570.7098495804426
ala-ala,-120,-20,,-570.7085247638099
ala-ala,-120,-40,,-570.7120190719918
ala-ala,-120,-60,,-570.7197412683292
ala-ala,-120,-80,,-570.6915749175173
ala-ala,-120,-100,,-570.7010120541258
ala-ala,-120,-120,,-570.7094746257262
ala-ala,-120,-140,,-570.6869604479348
ala-ala,-120,-160,,-570.7026142802611
ala-ala,-120,-180,,-570.7065825089326
ala-ala,-140,0,,-570.7038162156593
ala-ala,-140,20,,-570.7123449852452
ala-ala,-140,40,,-570.7062049903382
ala-ala,-140,60,,-570.7127997662485
ala-ala,-140,80,,-570.7019745126079
ala-ala,-140,100,,-570.7018764556765
ala-ala,-140,120,,-570.7153493258425
ala-ala,-140,140,,-570.6981572868149
ala-ala,-140,160,,-570.7136765181081
ala-ala,-140,180,,-570.7184187603627
ala-ala,-140,-20,,-570.6951445018278
ala-ala,-140,-40,,-570.7182081709577
ala-ala,-140,-60,,-570.7137099244653
ala-ala,-140,-80,,-570.698092754247
ala-ala,-140,-100,,-570.7118457885852
ala-ala,-140,-120,,-570.7017006942049
ala-ala,-140,-140,,-570.7045655053607
ala-ala,-140,-160,,-570.7136559616904
ala-ala,-140,-180,,-570.7036036704517
ala-ala,-160,0,,-570.7082205046222
ala-ala,-160,20,,-570.7011950200329
ala-ala,-160,40,,-570.703254397183
ala-ala,-160,60,,-570.7227342324277
ala-ala,-160,80,,-570.7007556244123
ala-ala,-160,100,,-570.6970907084735
ala-ala,-160,120,,-570.7056407740001
ala-ala,-160,140,,-570.7002545965606
ala-ala,-160,160,,-570.711052792348
ala-ala,-160,180,,-570.706338701211
ala-ala,-160,-20,,-570.666908893827
ala-ala,-160,-40,,-570.705642934362
ala-ala,-160,-60,,-570.7097127115976
ala-ala,-160,-80,,-570.6990710068164
ala-ala,-160,-100,,-570.709410368959
ala-ala,-160,-120,,-570.6978754955865
ala-ala,-160,-140,,-570.7028912215912
ala-ala,-160,-160,,-570.7220015271332
ala-ala,-160,-180,,-570.7021389222277
ala-ala,-180,0,,-570.7080991976786
ala-ala,-180,20,,-570.6937595527259
ala-ala,-180,40,,-570.693219602849
ala-ala,-180,60,,-570.7123220849776
ala-ala,-180,80,,-570.6930219896374
ala-ala,-180,100,,-570.6780346030487
ala-ala,-180,120,,-570.71269631985
ala-ala,-180,140,,-570.6955872140352
ala-ala,-180,160,,-570.7100942510444
ala-ala,-180,180,,-570.7055468040191
ala-ala,-180,-20,,-570.693903520377
ala-ala,-180,-40,,-570.7107119707371
ala-ala,-180,-60,,-570.7064969782725
ala-ala,-180,-80,,-570.6951645009221
ala-ala,-180,-100,,-570.7142008546784
ala-ala,-180,-120,,-570.6740454410944
ala-ala,-180,-140,,-570.6932059303692
ala-ala,-180,-160,,-570.7125339760548
ala-ala,-180,-180,,-570.6942351069529
aspartame,0,0,,-725.8522657106873
aspartame,0,20,,-725.8388737631722
aspartame,0,40,,-725.855472361287
aspartame,0,60,,-725.8352915640694
aspartame,0,80,,-725.8396263002637
aspartame,0,100,,-725.8401134911305
aspartame,0,120,,-725.846137141654
aspartame,0,140,,-725.8569160171849
aspartame,0,160,,-725.8350347429787
aspartame,0,180,,-725.8250333526394
aspartame,0,-20,,-725.8367420052621
aspartame,0,-40,,-725.8277071579523
aspartame,0,-60,,-725.837823699045
aspartame,0,-80,,-725.8575599913418
aspartame,0,-100,,-725.8463154842427
aspartame,0,-120,,-725.839681277482
aspartame,0,-140,,-725.8377591861622
aspartame,0,-160,,-725.8433738919375
aspartame,0,-180,,-725.8581802632066
aspartame,20,0,,-725.8310300445039
aspartame,20,20,,-725.8624145043409
aspartame,20,40,,-725.8635616669999
aspartame,20,60,,-725.8602837221144
aspartame,20,80,,-725.8575273875456
aspartame,20,100,,-725.8520147577337
aspartame,20,120,,-725.8452472788474
aspartame,20,140,,-725.8443269343113
aspartame,20,160,,-725.8620952943475
aspartame,20,180,,-725.8696801163453
aspartame,20,-20,,-725.8493517112463
aspartame,20,-40,,-725.8688086303332
aspartame,20,-60,,-725.8624350410169
aspartame,20,-80,,-725.849185009891
aspartame,20,-100,,-725.8458219269237
aspartame,20,-120,,-725.851648343556
aspartame,20,-140,,-725.8533357476911
aspartame,20,-160,,-725.8588316298894
aspartame,20,-180,,-725.8598947961289
aspartame,40,0,,-725.8568782970165
aspartame,40,20,,-725.8447315888379
aspartame,40,40,,-725.86969947784
aspartame,40,60,,-725.8615199320514
aspartame,40,80,,-725.8370297884469
aspartame,40,100,,-725.8434520578153
aspartame,40,120,,-725.8501234537789
aspartame,40,140,,-725.860590584733
aspartame,40,160,,-725.8719083728993
aspartame,40,180,,-725.8404235824182
aspartame,40,-20,,-725.8367652669615
aspartame,40,-40,,-725.849091073512
aspartame,40,-60,,-725.8695661923614
aspartame,40,-80,,-725.8579028769652
aspartame,40,-100,,-725.8542331684678
aspartame,40,-120,,-725.8442056405511
aspartame,40,-140,,-725.8391042507001
aspartame,40,-160,,-725.8663704915334
aspartame,40,-180,,-725.8686666170663
aspartame,60,0,,-725.7844294079325
aspartame,60,20,,-725.7797948692482
aspartame,60,40,,-725.7931538929561
aspartame,60,60,,-725.7902942608873
aspartame,60,80,,-725.7808309903437
aspartame,60,100,,-725.7821857215624
aspartame,60,120,,-725.7788779092234
aspartame,60,140,,-725.7839822950511
aspartame,60,160,,-725.7921202087573
aspartame,60,180,,-725.7937573588474
aspartame,60,-20,,-725.7730894003766
aspartame,60,-40,,-725.7918458496802
aspartame,60,-60,,-725.792727450086
aspartame,60,-80,,-725.7888869230405
aspartame,60,-100,,-725.7790501043266
aspartame,60,-120,,-725.7844435148033
aspartame,60,-140,,-725.7805694254944
aspartame,60,-160,,-725.7845303571901
aspartame,60,-180,,-725.784949662534
aspartame,80,0,,-725.8716886426305
aspartame,80,20,,-725.8724909919674
aspartame,80,40,,-725.8741402228186
aspartame,80,60,,-725.8803198106327
aspartame,80,80,,-725.8527147312152
aspartame,80,100,,-725.8756731547603
aspartame,80,120,,-725.8653266215754
aspartame,80,140,,-725.8652981977139
aspartame,80,160,,-725.8701453171536
aspartame,80,180,,-725.8648424109663
aspartame,80,-20,,-725.8638379817655
aspartame,80,-40,,-725.8669830683057
aspartame,80,-60,,-725.876507977865
aspartame,80,-80,,-725.8664803043055
aspartame,80,-100,,-725.8652650060608
aspartame,80,-120,,-725.8697469543156
aspartame,80,-140,,-725.8554488542532
aspartame,80,-160,,-725.880443278618
aspartame,80,-180,,-725.8675582180224
aspartame,100,0,,-725.8356240362057
aspartame,100,20,,-725.8501233821339
aspartame,100,40,,-725.8619200922544
aspartame,100,60,,-725.8561416204627
aspartame,100,80,,-725.8388545880525
aspartame,100,100,,-725.8540548218652
aspartame,100,120,,-725.8337223462331
aspartame,100,140,,-725.8658966626515
aspartame,100,160,,-725.8499744539015
aspartame,100,180,,-725.8535705259756
aspartame,100,-20,,-725.8389602520695
aspartame,100,-40,,-725.8533632158101
aspartame,100,-60,,-725.8551940305713
aspartame,100,-80,,-725.8616258505665
aspartame,100,-100,,-725.8290931453139
aspartame,100,-120,,-725.8540946072872
aspartame,100,-140,,-725.8412456260512
aspartame,100,-160,,-725.854422237984
aspartame,100,-180,,-725.8642545570649
aspartame,120,0,,-725.8607575718218
aspartame,120,20,,-725.8456005740468
aspartame,120,40,,-725.8600584847095
aspartame,120,60,,-725.845854696742
aspartame,120,80,,-725.8461091618806
aspartame,120,100,,-725.8379402476912
aspartame,120,120,,-725.8492583327275
aspartame,120,140,,-725.8467006129422
aspartame,120,160,,-725.8527175963986
aspartame,120,180,,-725.8578738704955
aspartame,120,-20,,-725.8489015810751
aspartame,120,-40,,-725.8511545936026
aspartame,120,-60,,-725.8588362972077
aspartame,120,-80,,-725.8534038536218
aspartame,120,-100,,-725.8485529473833
aspartame,120,-120,,-725.8371266708189
aspartame,120,-140,,-725.8615768473335
aspartame,120,-160,,-725.8527711535603
aspartame,120,-180,,-725.8611501741723
aspartame,140,0,,-725.8497148782487
aspartame,140,20,,-725.8604862002178
aspartame,140,40,,-725.8659705635685
aspartame,140,60,,-725.8783786640845
aspartame,140,80,,-725.8494573747616
aspartame,140,100,,-725.8461633851273
aspartame,140,120,,-725.8589087260843
aspartame,140,140,,-725.8649659166153
aspartame,140,160,,-725.8824193603871
aspartame,140,180,,-725.8540660138106
aspartame,140,-20,,-725.8449559458431
aspartame,140,-40,,-725.8622314553293
aspartame,140,-60,,-725.8854955597803
aspartame,140,-80,,-725.8613398131488
aspartame,140,-100,,-725.8560742727884
aspartame,140,-120,,-725.8416584458369
aspartame,140,-140,,-725.8568139961808
aspartame,140,-160,,-725.8781521125711
aspartame,140,-180,,-725.8658565454512
aspartame,160,0,,-725.8708121000561
aspartame,160,20,,-725.8839820371891
aspartame,160,40,,-725.8795496190685
aspartame,160,60,,-725.8877243645129
aspartame,160,80,,-725.8632253151945
aspartame,160,100,,-725.8609751222389
aspartame,160,120,,-725.8750575370991
aspartame,160,140,,-725.8851243477673
aspartame,160,160,,-725.8674262006418
aspartame,160,180,,-725.8774267402162
aspartame,160,-20,,-725.8715226443328
aspartame,160,-40,,-725.8799114396111
aspartame,160,-60,,-725.8712943913181
aspartame,160,-80,,-725.8801199601264
aspartame,160,-100,,-725.8764222787074
aspartame,160,-120,,-725.8629254837472
aspartame,160,-140,,-725.8674951177627
aspartame,160,-160,,-725.8857663620349
aspartame,160,-180,,-725.8786583862743
aspartame,180,0,,-725.8829684888851
aspartame,180,20,,-725.8818128218418
aspartame,180,40,,-725.888592331062
aspartame,180,60,,-725.8912411965619
aspartame,180,80,,-725.8744542015788
aspartame,180,100,,-725.8799684604551
aspartame,180,120,,-725.8803183084542
aspartame,180,140,,-725.8753684632952
aspartame,180,160,,-725.8823428175635
aspartame,180,180,,-725.8791533007513
aspartame,180,-20,,-725.878746998281
aspartame,180,-40,,-725.8818176001512
aspartame,180,-60,,-725.8788504867312
aspartame,180,-80,,-725.8758810664451
aspartame,180,-100,,-725.8862484414603
aspartame,180,-120,,-725.8798579283134
aspartame,180,-140,,-725.8799893650541
aspartame,180,-160,,-725.8859432657284
aspartame,180,-180,,-725.8885800256812
aspartame,-20,0,,-725.8463005358869
aspartame,-20,20,,-725.8525695826643
aspartame,-20,40,,-725.8648644171592
aspartame,-20,60,,-725.8549424267335
aspartame,-20,80,,-725.8467025823716
aspartame,-20,100,,-725.8303158084193
aspartame,-20,120,,-725.8383233129834
aspartame,-20,140,,-725.8514584153281
aspartame,-20,160,,-725.8526201421487
aspartame,-20,180,,-725.8663519301638
aspartame,-20,-20,,-725.8511156907739
aspartame,-20,-40,,-725.8580510146414
aspartame,-20,-60,,-725.8572168327546
aspartame,-20,-80,,-725.8534496130333
aspartame,-20,-100,,-725.8410775536436
aspartame,-20,-120,,-725.8364453570705
aspartame,-20,-140,,-725.8483796513988
aspartame,-20,-160,,-725.851534182561
aspartame,-20,-180,,-725.8563180392039
aspartame,-40,0,,-725.8971227082179
aspartame,-40,20,,-725.8812631736932
aspartame,-40,40,,-725.8987427107566
aspartame,-40,60,,-725.9039952956541
aspartame,-40,80,,-725.8831253898854
aspartame,-40,100,,-725.8928205667924
aspartame,-40,120,,-725.8741758673418
aspartame,-40,140,,-725.8878442963635
aspartame,-40,160,,-725.8941796084073
aspartame,-40,180,,-725.8974172581875
aspartame,-40,-20,,-725.8814639030434
aspartame,-40,-40,,-725.8947723928318
aspartame,-40,-60,,-725.8891197007663
aspartame,-40,-80,,-725.8858510815464
aspartame,-40,-100,,-725.8830196044689
aspartame,-40,-120,,-725.8884539142512
aspartame,-40,-140,,-725.8906841055259
aspartame,-40,-160,,-725.9062401940735
aspartame,-40,-180,,-725.9018872787551
aspartame,-60,0,,-725.8645223019355
aspartame,-60,20,,-725.883021246239
aspartame,-60,40,,-725.8742885221591
aspartame,-60,60,,-725.8882303428798
aspartame,-60,80,,-725.8647516170129
aspartame,-60,100,,-725.8561681616666
aspartame,-60,120,,-725.8780346609315
aspartame,-60,140,,-725.8909884520706
aspartame,-60,160,,-725.8651657245066
aspartame,-60,180,,-725.8821010809702
aspartame,-60,-20,,-725.8737131967973
aspartame,-60,-40,,-725.8805463223723
aspartame,-60,-60,,-725.8663249044853
aspartame,-60,-80,,-725.8837409744849
aspartame,-60,-100,,-725.8771450993529
aspartame,-60,-120,,-725.85641756663
aspartame,-60,-140,,-725.8697468871524
aspartame,-60,-160,,-725.8816351347987
aspartame,-60,-180,,-725.8721715372669
aspartame,-80,0,,-725.8462588937614
aspartame,-80,20,,-725.8502326848193
aspartame,-80,40,,-725.8643912602552
aspartame,-80,60,,-725.8835886002328
aspartame,-80,80,,-725.8464481762571
aspartame,-80,100,,-725.8337269456149
aspartame,-80,120,,-725.8548666144516
aspartame,-80,140,,-725.8630652376105
aspartame,-80,160,,-725.8777091668355
aspartame,-80,180,,-725.8498373378181
aspartame,-80,-20,,-725.8524905622296
aspartame,-80,-40,,-725.849497652425
aspartame,-80,-60,,-725.8810738714787
aspartame,-80,-80,,-725.8540575369097
aspartame,-80,-100,,-725.8596553864863
aspartame,-80,-120,,-725.8351460097072
aspartame,-80,-140,,-725.8502570589055
aspartame,-80,-160,,-725.8816567319268
aspartame,-80,-180,,-725.8675669094093
aspartame,-100,0,,-725.8622583561823
aspartame,-100,20,,-725.8551189178481
aspartame,-100,40,,-725.8585258237563
aspartame,-100,60,,-725.8461188286151
aspartame,-100,80,,-725.8573673301053
aspartame,-100,100,,-725.8315034229552
aspartame,-100,120,,-725.8414358668654
aspartame,-100,140,,-725.851147279946
aspartame,-100,160,,-725.8515225849915
aspartame,-100,180,,-725.8573570054525
aspartame,-100,-20,,-725.8420346311366
aspartame,-100,-40,,-725.8518541454159
aspartame,-100,-60,,-725.8572208878506
aspartame,-100,-80,,-725.8523047214449
aspartame,-100,-100,,-725.8465757636993
aspartame,-100,-120,,-725.8381926789143
aspartame,-100,-140,,-725.8491546452399
aspartame,-100,-160,,-725.8477903302278
aspartame,-100,-180,,-725.8611839112034
aspartame,-120,0,,-725.8303153316131
aspartame,-120,20,,-725.850130046628
aspartame,-120,40,,-725.8670340371254
aspartame,-120,60,,-725.8597169096713
aspartame,-120,80,,-725.8474702345347
aspartame,-120,100,,-725.8574739277722
aspartame,-120,120,,-725.8466973579593
aspartame,-120,140,,-725.8693092722935
aspartame,-120,160,,-725.8437023405711
aspartame,-120,180,,-725.8474618933863
aspartame,-120,-20,,-725.8464751977972
aspartame,-120,-40,,-725.8454456770219
aspartame,-120,-60,,-725.8523876972322
aspartame,-120,-80,,-725.8634688984519
aspartame,-120,-100,,-725.8349483193854
aspartame,-120,-120,,-725.8553163877211
aspartame,-120,-140,,-725.8462559609118
aspartame,-120,-160,,-725.853606975
aspartame,-120,-180,,-725.8752217760425
aspartame,-140,0,,-725.8724174488038
aspartame,-140,20,,-725.8588898780729
aspartame,-140,40,,-725.8683783411102
aspartame,-140,60,,-725.8649166018372
aspartame,-140,80,,-725.8560753941526
aspartame,-140,100,,-725.865771969286
aspartame,-140,120,,-725.8533884488027
aspartame,-140,140,,-725.85912250604
aspartame,-140,160,,-725.8687260109837
aspartame,-140,180,,-725.8558245634808
aspartame,-140,-20,,-725.8659488834999
aspartame,-140,-40,,-725.8608267360028
aspartame,-140,-60,,-725.8642662571476
aspartame,-140,-80,,-725.8610058551767
aspartame,-140,-100,,-725.8563069340998
aspartame,-140,-120,,-725.8663293039974
aspartame,-140,-140,,-725.854027630224
aspartame,-140,-160,,-725.8641501581285
aspartame,-140,-180,,-725.8668892054175
aspartame,-160,0,,-725.8037908649421
aspartame,-160,20,,-725.7826265042536
aspartame,-160,40,,-725.8136767205974
aspartame,-160,60,,-725.7982637233574
aspartame,-160,80,,-725.7992624800443
aspartame,-160,100,,-725.804411189971
aspartame,-160,120,,-725.7920861722441
aspartame,-160,140,,-725.7995580106485
aspartame,-160,160,,-725.8016176434558
aspartame,-160,180,,-725.7932133241363
aspartame,-160,-20,,-725.7802561747676
aspartame,-160,-40,,-725.790722837472
aspartame,-160,-60,,-725.8011874384631
aspartame,-160,-80,,-725.8042944470242
aspartame,-160,-100,,-725.7965144521488
aspartame,-160,-120,,-725.8001345274229
aspartame,-160,-140,,-725.7993245422736
aspartame,-160,-160,,-725.798097242
aspartame,-160,-180,,-725.8081148315764
aspartame,-180,0,,-725.8653654309599
aspartame,-180,20,,-725.8505277789927
aspartame,-180,40,,-725.8642000035627
aspartame,-180,60,,-725.8677014522741
aspartame,-180,80,,-725.837240884634
aspartame,-180,100,,-725.852126854734
aspartame,-180,120,,-725.8600059072937
aspartame,-180,140,,-725.865407161268
aspartame,-180,160,,-725.8680805867439
aspartame,-180,180,,-725.8481861994483
aspartame,-180,-20,,-725.8320484593016
aspartame,-180,-40,,-725.850782207985
aspartame,-180,-60,,-725.8681916940313
aspartame,-180,-80,,-725.859799983898
aspartame,-180,-100,,-725.8641105306253
aspartame,-180,-120,,-725.8488706453536
aspartame,-180,-140,,-725.8407002873232
aspartame,-180,-160,,-725.8648264936642
aspartame,-180,-180,,-725.862701995776
biphenyl-twist,,,0,-310.941656833352
biphenyl-twist,,,15,-310.9446291945853
biphenyl-twist,,,30,-310.95219668240827
biphenyl-twist,,,45,-310.9624135973922
biphenyl-twist,,,60,-310.9664645849876
biphenyl-twist,,,75,-310.97051239275083
biphenyl-twist,,,90,-310.976149942935
biphenyl-twist,,,105,-310.97107620565083
biphenyl-twist,,,120,-310.9670021651678
biphenyl-twist,,,135,-310.9636639835369
biphenyl-twist,,,150,-310.9535815094263
biphenyl-twist,,,165,-310.94538230638267
biphenyl-twist,,,180,-310.94155645945585
biphenyl-twist,,,-15,-310.94540382442807
biphenyl-twist,,,-30,-310.95366408249885
biphenyl-twist,,,-45,-310.96375259205405
biphenyl-twist,,,-60,-310.96707745548184
biphenyl-twist,,,-75,-310.97101506792313
biphenyl-twist,,,-90,-310.97594672689326
biphenyl-twist,,,-105,-310.97050133447163
biphenyl-twist,,,-120,-310.9664764996001
biphenyl-twist,,,-135,-310.9623884667249
biphenyl-twist,,,-150,-310.95200001599665
biphenyl-twist,,,-165,-310.94460443236204
biphenyl-twist,,,-180,-310.941656833352
gly-gly,0,0,,-492.1041846321212
gly-gly,0,20,,-492.10740782680625
gly-gly,0,40,,-492.10321395463455
gly-gly,0,60,,-492.1029125394951
gly-gly,0,80,,-492.11756782916444
gly-gly,0,100,,-492.1239572802312
gly-gly,0,120,,-492.10188622045644
gly-gly,0,140,,-492.10484993475137
gly-gly,0,160,,-492.10669784244595
gly-gly,0,180,,-492.09877547708993
gly-gly,0,-20,,-492.1157366960321
gly-gly,0,-40,,-492.100437905578
gly-gly,0,-60,,-492.1062375909193
gly-gly,0,-80,,-492.1056285640329
gly-gly,0,-100,,-492.09908584676094
gly-gly,0,-120,,-492.12810126808716
gly-gly,0,-140,,-492.11306377203755
gly-gly,0,-160,,-492.1037459772585
gly-gly,0,-180,,-492.1022655047645
gly-gly,20,0,,-492.0933364558529
gly-gly,20,20,,-492.1117279012936
gly-gly,20,40,,-492.09415397035957
gly-gly,20,60,,-492.10612498505765
gly-gly,20,80,,-492.12033369450734
gly-gly,20,100,,-492.095878918729
gly-gly,20,120,,-492.11285063014026
gly-gly,20,140,,-492.10146964656604
gly-gly,20,160,,-492.10018373669936
gly-gly,20,180,,-492.1144546335096
gly-gly,20,-20,,-492.1124527945463
gly-gly,20,-40,,-492.11357567329554
gly-gly,20,-60,,-492.09998551199686
gly-gly,20,-80,,-492.10389932031256
gly-gly,20,-100,,-492.1093550495119
gly-gly,20,-120,,-492.09735316758196
gly-gly,20,-140,,-492.1209293285247
gly-gly,20,-160,,-492.1032909779342
gly-gly,20,-180,,-492.09410171721214
gly-gly,40,0,,-492.09996329757837
gly-gly,40,20,,-492.1122196432737
gly-gly,40,40,,-492.0944233147932
gly-gly,40,60,,-492.11253817813474
gly-gly,40,80,,-492.0958823635769
gly-gly,40,100,,-492.1116447555024
gly-gly,40,120,,-492.1107240958777
gly-gly,40,140,,-492.09919466617106
gly-gly,40,160,,-492.1067496408804
gly-gly,40,180,,-492.10911237439603
gly-gly,40,-20,,-492.10885582956286
gly-gly,40,-40,,-492.11057883754813
gly-gly,40,-60,,-492.10573047222664
gly-gly,40,-80,,-492.1012444338582
gly-gly,40,-100,,-492.10999428811004
gly-gly,40,-120,,-492.111802792314
gly-gly,40,-140,,-492.0961956743099
gly-gly,40,-160,,-492.1111744534301
gly-gly,40,-180,,-492.09420507933083
gly-gly,60,0,,-492.0951008020887
gly-gly,60,20,,-492.11316676808684
gly-gly,60,40,,-492.0995156937501
gly-gly,60,60,,-492.1139914704914
gly-gly,60,80,,-492.1095946909641
gly-gly,60,100,,-492.10291287360866
gly-gly,60,120,,-492.11165600053624
gly-gly,60,140,,-492.1023862578047
gly-gly,60,160,,-492.1093855891344
gly-gly,60,180,,-492.09996069508355
gly-gly,60,-20,,-492.0925778932732
gly-gly,60,-40,,-492.1013703980958
gly-gly,60,-60,,-492.10866069825084
gly-gly,60,-80,,-492.10390651620173
gly-gly,60,-100,,-492.111899513332
gly-gly,60,-120,,-492.1064767246816
gly-gly,60,-140,,-492.10697406445667
gly-gly,60,-160,,-492.1139581609891
gly-gly,60,-180,,-492.0987974019283
gly-gly,80,0,,-492.1142922291211
gly-gly,80,20,,-492.11046359673884
gly-gly,80,40,,-492.10084297441296
gly-gly,80,60,,-492.12114933127174
gly-gly,80,80,,-492.0991895921739
gly-gly,80,100,,-492.1053462830029
gly-gly,80,120,,-492.1151045218261
gly-gly,80,140,,-492.10425983461755
gly-gly,80,160,,-492.11577088421546
gly-gly,80,180,,-492.0986593625391
gly-gly,80,-20,,-492.1059128596329
gly-gly,80,-40,,-492.1024711561244
gly-gly,80,-60,,-492.1143990025335
gly-gly,80,-80,,-492.1055898560215
gly-gly,80,-100,,-492.1157467848702
gly-gly,80,-120,,-492.10481966901676
gly-gly,80,-140,,-492.0977833730784
gly-gly,80,-160,,-492.1212566588571
gly-gly,80,-180,,-492.1003960797194
gly-gly,100,0,,-492.1165340416026
gly-gly,100,20,,-492.10727162717507
gly-gly,100,40,,-492.1023585479099
gly-gly,100,60,,-492.1087221630805
gly-gly,100,80,,-492.1056308016196
gly-gly,100,100,,-492.1210747823447
gly-gly,100,120,,-492.10900595832913
gly-gly,100,140,,-492.1044263274429
gly-gly,100,160,,-492.10972204465594
gly-gly,100,180,,-492.09979191118776
gly-gly,100,-20,,-492.12150903825227
gly-gly,100,-40,,-492.10072397812263
gly-gly,100,-60,,-492.1096537238003
gly-gly,100,-80,,-492.1053071171072
gly-gly,100,-100,,-492.110031397705
gly-gly,100,-120,,-492.1212121440542
gly-gly,100,-140,,-492.10297816089104
gly-gly,100,-160,,-492.1084055664783
gly-gly,100,-180,,-492.1014528632042
gly-gly,120,0,,-492.0988490158151
gly-gly,120,20,,-492.1101451985567
gly-gly,120,40,,-492.0961906389418
gly-gly,120,60,,-492.1044636359082
gly-gly,120,80,,-492.12858597297685
gly-gly,120,100,,-492.10952856601676
gly-gly,120,120,,-492.10707725380036
gly-gly,120,140,,-492.1022417808807
gly-gly,120,160,,-492.1020139769238
gly-gly,120,180,,-492.11510665907014
gly-gly,120,-20,,-492.12855381371884
gly-gly,120,-40,,-492.11356588901714
gly-gly,120,-60,,-492.10222649885424
gly-gly,120,-80,,-492.10464031013925
gly-gly,120,-100,,-492.105139779011
gly-gly,120,-120,,-492.1116943884327
gly-gly,120,-140,,-492.13129209594143
gly-gly,120,-160,,-492.10356738552514
gly-gly,120,-180,,-492.09561343478885
gly-gly,140,0,,-492.0947115573321
gly-gly,140,20,,-492.11492749886287
gly-gly,140,40,,-492.09564366594134
gly-gly,140,60,,-492.1100721802386
gly-gly,140,80,,-492.0984213136408
gly-gly,140,100,,-492.1028184612343
gly-gly,140,120,,-492.1170318903549
gly-gly,140,140,,-492.10101328089826
gly-gly,140,160,,-492.1047199862407
gly-gly,140,180,,-492.1106504396832
gly-gly,140,-20,,-492.0957740339884
gly-gly,140,-40,,-492.1101275673589
gly-gly,140,-60,,-492.1040306483861
gly-gly,140,-80,,-492.1034635461363
gly-gly,140,-100,,-492.11433994331486
gly-gly,140,-120,,-492.1019642754311
gly-gly,140,-140,,-492.0999089779825
gly-gly,140,-160,,-492.10869178264034
gly-gly,140,-180,,-492.09504520412696
gly-gly,160,0,,-492.0979569400698
gly-gly,160,20,,-492.1111668504887
gly-gly,160,40,,-492.09740500602874
gly-gly,160,60,,-492.1091697528662
gly-gly,160,80,,-492.1014488835487
gly-gly,160,100,,-492.1119622598657
gly-gly,160,120,,-492.1101045643672
gly-gly,160,140,,-492.1001664771707
gly-gly,160,160,,-492.10604759096947
gly-gly,160,180,,-492.1018484560705
gly-gly,160,-20,,-492.09641121390126
gly-gly,160,-40,,-492.1043828027434
gly-gly,160,-60,,-492.1054513746462
gly-gly,160,-80,,-492.10171027369955
gly-gly,160,-100,,-492.1081999471534
gly-gly,160,-120,,-492.10544979237073
gly-gly,160,-140,,-492.0995735577855
gly-gly,160,-160,,-492.1089064517847
gly-gly,160,-180,,-492.0966951197126
gly-gly,180,0,,-492.10637593962304
gly-gly,180,20,,-492.1106421436902
gly-gly,180,40,,-492.10229182295797
gly-gly,180,60,,-492.1195796441835
gly-gly,180,80,,-492.1079177924824
gly-gly,180,100,,-492.09985381085045
gly-gly,180,120,,-492.11592823146003
gly-gly,180,140,,-492.1060214585632
gly-gly,180,160,,-492.1163937663415
gly-gly,180,180,,-492.09718676175345
gly-gly,180,-20,,-492.11254538419485
gly-gly,180,-40,,-492.0984197200366
gly-gly,180,-60,,-492.11487482513957
gly-gly,180,-80,,-492.10754469345653
gly-gly,180,-100,,-492.11573693063957
gly-gly,180,-120,,-492.10119298991384
gly-gly,180,-140,,-492.1059380071687
gly-gly,180,-160,,-492.1203937626201
gly-gly,180,-180,,-492.10202627590087
gly-gly,-20,0,,-492.12064773218964
gly-gly,-20,20,,-492.1079083918879
gly-gly,-20,40,,-492.0994457557575
gly-gly,-20,60,,-492.11742536117055
gly-gly,-20,80,,-492.0980100092658
gly-gly,-20,100,,-492.1212475096249
gly-gly,-20,120,,-492.11541501274786
gly-gly,-20,140,,-492.1043278780116
gly-gly,-20,160,,-492.11210124784617
gly-gly,-20,180,,-492.09946885424256
gly-gly,-20,-20,,-492.1097537375803
gly-gly,-20,-40,,-492.1022841742535
gly-gly,-20,-60,,-492.11108263622845
gly-gly,-20,-80,,-492.106142540978
gly-gly,-20,-100,,-492.11792688758663
gly-gly,-20,-120,,-492.1198247598233
gly-gly,-20,-140,,-492.0951343339972
gly-gly,-20,-160,,-492.1170169302589
gly-gly,-20,-180,,-492.0990751270625
gly-gly,-40,0,,-492.1052096479381
gly-gly,-40,20,,-492.1110973743982
gly-gly,-40,40,,-492.1027816294472
gly-gly,-40,60,,-492.11936766431955
gly-gly,-40,80,,-492.10887550752153
gly-gly,-40,100,,-492.09988544399465
gly-gly,-40,120,,-492.1153561932168
gly-gly,-40,140,,-492.1060944702537
gly-gly,-40,160,,-492.116071845671
gly-gly,-40,180,,-492.0977827424065
gly-gly,-40,-20,,-492.11367841041647
gly-gly,-40,-40,,-492.0988607317209
gly-gly,-40,-60,,-492.11501840200805
gly-gly,-40,-80,,-492.1076165320986
gly-gly,-40,-100,,-492.11532909312484
gly-gly,-40,-120,,-492.1020588285957
gly-gly,-40,-140,,-492.1069543529872
gly-gly,-40,-160,,-492.12038223438475
gly-gly,-40,-180,,-492.10243689737337
gly-gly,-60,0,,-492.09734469187896
gly-gly,-60,20,,-492.110573079582
gly-gly,-60,40,,-492.0961497160808
gly-gly,-60,60,,-492.10879843727605
gly-gly,-60,80,,-492.0987317119093
gly-gly,-60,100,,-492.110277004343
gly-gly,-60,120,,-492.1091940216792
gly-gly,-60,140,,-492.09888296565936
gly-gly,-60,160,,-492.10562680592346
gly-gly,-60,180,,-492.1017230161355
gly-gly,-60,-20,,-492.0998347568757
gly-gly,-60,-40,,-492.1040474844699
gly-gly,-60,-60,,-492.10456872736887
gly-gly,-60,-80,,-492.10036493691933
gly-gly,-60,-100,,-492.107380845601
gly-gly,-60,-120,,-492.1030161060932
gly-gly,-60,-140,,-492.09682894100774
gly-gly,-60,-160,,-492.1082896552168
gly-gly,-60,-180,,-492.09554470722924
gly-gly,-80,0,,-492.0935182958103
gly-gly,-80,20,,-492.1150001670305
gly-gly,-80,40,,-492.0956572529324
gly-gly,-80,60,,-492.10983087638766
gly-gly,-80,80,,-492.10090692826014
gly-gly,-80,100,,-492.1003407722826
gly-gly,-80,120,,-492.1172826904148
gly-gly,-80,140,,-492.10144370951025
gly-gly,-80,160,,-492.1047734691036
gly-gly,-80,180,,-492.1115567387984
gly-gly,-80,-20,,-492.0944234535923
gly-gly,-80,-40,,-492.11054109515266
gly-gly,-80,-60,,-492.10409199489453
gly-gly,-80,-80,,-492.103905592579
gly-gly,-80,-100,,-492.1140006980676
gly-gly,-80,-120,,-492.09883858797906
gly-gly,-80,-140,,-492.10265651104004
gly-gly,-80,-160,,-492.10817204048055
gly-gly,-80,-180,,-492.0951336339978
gly-gly,-100,0,,-492.09912489714446
gly-gly,-100,20,,-492.1098472315637
gly-gly,-100,40,,-492.09680193571637
gly-gly,-100,60,,-492.1033635284975
gly-gly,-100,80,,-492.12737132043475
gly-gly,-100,100,,-492.1109201337922
gly-gly,-100,120,,-492.10604286148657
gly-gly,-100,140,,-492.1036239345809
gly-gly,-100,160,,-492.10276815075133
gly-gly,-100,180,,-492.113541069215
gly-gly,-100,-20,,-492.13153654957694
gly-gly,-100,-40,,-492.11173820647883
gly-gly,-100,-60,,-492.1030880117717
gly-gly,-100,-80,,-492.10512996652363
gly-gly,-100,-100,,-492.1041749683459
gly-gly,-100,-120,,-492.1138864291592
gly-gly,-100,-140,,-492.13038323531885
gly-gly,-100,-160,,-492.10368728737075
gly-gly,-100,-180,,-492.0961695086072
gly-gly,-120,0,,-492.11847460332007
gly-gly,-120,20,,-492.107511500434
gly-gly,-120,40,,-492.10195958125684
gly-gly,-120,60,,-492.10991930836934
gly-gly,-120,80,,-492.10464777944424
gly-gly,-120,100,,-492.12443150898775
gly-gly,-120,120,,-492.11071367049766
gly-gly,-120,140,,-492.1050285950941
gly-gly,-120,160,,-492.1107821874059
gly-gly,-120,180,,-492.09859773928105
gly-gly,-120,-20,,-492.1193532984193
gly-gly,-120,-40,,-492.1000925754767
gly-gly,-120,-60,,-492.110183901055
gly-gly,-120,-80,,-492.10601735974103
gly-gly,-120,-100,,-492.1117174377998
gly-gly,-120,-120,,-492.12527399373215
gly-gly,-120,-140,,-492.1012815492943
gly-gly,-120,-160,,-492.1099925722236
gly-gly,-120,-180,,-492.10122306903713
gly-gly,-140,0,,-492.1143018299698
gly-gly,-140,20,,-492.1109131837579
gly-gly,-140,40,,-492.1015726641071
gly-gly,-140,60,,-492.12099027977706
gly-gly,-140,80,,-492.10049855576483
gly-gly,-140,100,,-492.1043963486437
gly-gly,-140,120,,-492.1147411248681
gly-gly,-140,140,,-492.10468098492044
gly-gly,-140,160,,-492.1163712758962
gly-gly,-140,180,,-492.09775870762223
gly-gly,-140,-20,,-492.1068549090566
gly-gly,-140,-40,,-492.10215606036417
gly-gly,-140,-60,,-492.1149562790746
gly-gly,-140,-80,,-492.10573270344736
gly-gly,-140,-100,,-492.115560139203
gly-gly,-140,-120,,-492.1036757035882
gly-gly,-140,-140,,-492.0998097124788
gly-gly,-140,-160,,-492.1213024474153
gly-gly,-140,-180,,-492.1009512026127
gly-gly,-160,0,,-492.09583952869144
gly-gly,-160,20,,-492.1138019800109
gly-gly,-160,40,,-492.09946977301803
gly-gly,-160,60,,-492.11384082119736
gly-gly,-160,80,,-492.1094355221455
gly-gly,-160,100,,-492.1054477590574
gly-gly,-160,120,,-492.11181192043466
gly-gly,-160,140,,-492.1022283099167
gly-gly,-160,160,,-492.10878612471794
gly-gly,-160,180,,-492.1013138066568
gly-gly,-160,-20,,-492.0911128840375
gly-gly,-160,-40,,-492.1026944312568
gly-gly,-160,-60,,-492.10819900553696
gly-gly,-160,-80,,-492.1035466163714
gly-gly,-160,-100,,-492.1115236914765
gly-gly,-160,-120,,-492.1094526114363
gly-gly,-160,-140,,-492.10653170884945
gly-gly,-160,-160,,-492.11345477206606
gly-gly,-160,-180,,-492.0988257621978
gly-gly,-180,0,,-492.09997947699395
gly-gly,-180,20,,-492.1132845364974
gly-gly,-180,40,,-492.09496080796765
gly-gly,-180,60,,-492.11320479849036
gly-gly,-180,80,,-492.0953009680644
gly-gly,-180,100,,-492.11087266215696
gly-gly,-180,120,,-492.1121586655003
gly-gly,-180,140,,-492.099927859401
gly-gly,-180,160,,-492.106876720056
gly-gly,-180,180,,-492.1105805465606
gly-gly,-180,-20,,-492.10662382798665
gly-gly,-180,-40,,-492.11238720183957
gly-gly,-180,-60,,-492.106065935998
gly-gly,-180,-80,,-492.10192054238286
gly-gly,-180,-100,,-492.1115150166142
gly-gly,-180,-120,,-492.1110560521477
gly-gly,-180,-140,,-492.0970028470081
gly-gly,-180,-160,,-492.11127066598914
gly-gly,-180,-180,,-492.09465814674394
sucrose,,,0,-616.5782148560329
sucrose,,,20,-616.5313300413429
sucrose,,,40,-616.3001283845363
sucrose,,,60,-616.3116671979737
sucrose,,,80,-616.5876108145312
sucrose,,,100,-616.3618021704708
sucrose,,,120,-616.0884508062445
sucrose,,,140,-616.6027075774577
sucrose,,,160,-616.3993767534253
sucrose,,,180,-616.2749319892839
sucrose,,,-20,-616.5862834753384
sucrose,,,-40,-616.5705166770474
sucrose,,,-60,-615.3474271471991
sucrose,,,-80,-616.0281096052286
sucrose,,,-100,-616.299044543123
sucrose,,,-120,-616.2036787277432
sucrose,,,-140,-615.7846152589602
sucrose,,,-160,-616.6125872345924
sucrose,,,-180,-616.2749319892839
