name,phi,psi,theta,cnn_energy
ala-ala,0.0,0.0,,-358221.93260035204
ala-ala,0.0,-100.0,,-358227.15257105517
ala-ala,0.0,100.0,,-358134.9877761333
ala-ala,0.0,-120.0,,-358123.1086944072
ala-ala,0.0,120.0,,-358224.53347620653
ala-ala,0.0,-140.0,,-358182.5499556987
ala-ala,0.0,140.0,,-358147.05850825
ala-ala,0.0,-160.0,,-358215.5312941997
ala-ala,0.0,160.0,,-358180.14881739306
ala-ala,0.0,-180.0,,-358141.7756789653
ala-ala,0.0,180.0,,-358222.50208887743
ala-ala,0.0,-20.0,,-357903.1045058696
ala-ala,0.0,20.0,,-358195.98951563524
ala-ala,0.0,-40.0,,-358221.4033187358
ala-ala,0.0,40.0,,-358141.03389582323
ala-ala,0.0,-60.0,,-358168.9439681499
ala-ala,0.0,60.0,,-358217.4172042339
ala-ala,0.0,-80.0,,-358149.722860667
ala-ala,0.0,80.0,,-358168.5999434917
ala-ala,-100.0,0.0,,-358229.0516799419
ala-ala,100.0,0.0,,-358187.9453414409
ala-ala,-100.0,-100.0,,-358224.3381789653
ala-ala,-100.0,100.0,,-358230.7826980083
ala-ala,100.0,-100.0,,-358227.48783716845
ala-ala,100.0,100.0,,-358036.1752515762
ala-ala,-100.0,-120.0,,-358227.6159957378
ala-ala,-100.0,120.0,,-358223.9202712505
ala-ala,100.0,-120.0,,-358034.54776281404
ala-ala,100.0,120.0,,-358227.3600905864
ala-ala,-100.0,-140.0,,-358157.27174219774
ala-ala,-100.0,140.0,,-358168.9120009868
ala-ala,100.0,-140.0,,-358227.8983443706
ala-ala,100.0,140.0,,-358204.4404433696
ala-ala,-100.0,-160.0,,-358221.75008997606
ala-ala,-100.0,160.0,,-358222.38752588915
ala-ala,100.0,-160.0,,-358201.56289515184
ala-ala,100.0,160.0,,-358159.0328582256
ala-ala,-100.0,-180.0,,-358197.65719446825
ala-ala,-100.0,180.0,,-358211.42594752
ala-ala,100.0,-180.0,,-358163.2673018901
ala-ala,100.0,180.0,,-358226.06291041063
ala-ala,-100.0,-20.0,,-358158.8627685039
ala-ala,-100.0,20.0,,-358185.4021438091
ala-ala,100.0,-20.0,,-358160.64369043993
ala-ala,100.0,20.0,,-358226.3179610698
ala-ala,-100.0,-40.0,,-358214.7528365581
ala-ala,-100.0,40.0,,-358203.5832198589
ala-ala,100.0,-40.0,,-358223.55746302294
ala-ala,100.0,40.0,,-358160.8579848735
ala-ala,-100.0,-60.0,,-358222.55605921434
ala-ala,-100.0,60.0,,-358222.0299972026
ala-ala,100.0,-60.0,,-358155.8660872905
ala-ala,100.0,60.0,,-358209.18813929247
ala-ala,-100.0,-80.0,,-358166.6507247417
ala-ala,-100.0,80.0,,-358144.24845728563
ala-ala,100.0,-80.0,,-358212.7571700542
ala-ala,100.0,80.0,,-358227.8542159526
ala-ala,-120.0,0.0,,-358189.7101119487
ala-ala,120.0,0.0,,-358233.6819442241
ala-ala,-120.0,-100.0,,-358229.1706374614
ala-ala,-120.0,100.0,,-358094.4439490764
ala-ala,120.0,-100.0,,-358225.53332361864
ala-ala,120.0,100.0,,-358231.6968825786
ala-ala,-120.0,-120.0,,-358105.00388941454
ala-ala,-120.0,120.0,,-358228.7205947368
ala-ala,120.0,-120.0,,-358232.11436304735
ala-ala,120.0,120.0,,-358223.2261641948
ala-ala,-120.0,-140.0,,-358230.0628188579
ala-ala,-120.0,140.0,,-358218.1051925151
ala-ala,120.0,-140.0,,-358177.84597620653
ala-ala,120.0,140.0,,-358184.0057204692
ala-ala,-120.0,-160.0,,-358204.53068384813
ala-ala,-120.0,160.0,,-358163.4125960796
ala-ala,120.0,-160.0,,-358224.3411544292
ala-ala,120.0,160.0,,-358224.06606897997
ala-ala,-120.0,-180.0,,-358176.2069228618
ala-ala,-120.0,180.0,,-358227.53738245653
ala-ala,120.0,-180.0,,-358215.4494307964
ala-ala,120.0,180.0,,-358215.279173228
ala-ala,-120.0,-20.0,,-358186.6595138042
ala-ala,-120.0,20.0,,-358225.9468978374
ala-ala,120.0,-20.0,,-358177.25511011767
ala-ala,120.0,20.0,,-358194.3526900737
ala-ala,-120.0,-40.0,,-358225.07949671434
ala-ala,-120.0,40.0,,-358171.0664504497
ala-ala,120.0,-40.0,,-358219.340879771
ala-ala,120.0,40.0,,-358218.8121169536
ala-ala,-120.0,-60.0,,-358159.10029444384
ala-ala,-120.0,60.0,,-358211.41921839403
ala-ala,120.0,-60.0,,-358223.97180018114
ala-ala,120.0,60.0,,-358223.0404952495
ala-ala,-120.0,-80.0,,-358221.37818751024
ala-ala,-120.0,80.0,,-358229.03903040575
ala-ala,120.0,-80.0,,-358179.73600611376
ala-ala,120.0,80.0,,-358167.3306868999
ala-ala,-140.0,0.0,,-358237.0143722026
ala-ala,140.0,0.0,,-358231.33852991747
ala-ala,-140.0,-100.0,,-358234.0462325542
ala-ala,-140.0,100.0,,-358236.27828821825
ala-ala,140.0,-100.0,,-358231.99525293993
ala-ala,140.0,100.0,,-358231.5468734233
ala-ala,-140.0,-120.0,,-358235.7029250591
ala-ala,-140.0,120.0,,-358235.55605921434
ala-ala,140.0,-120.0,,-358231.2857345073
ala-ala,140.0,120.0,,-358230.9456008403
ala-ala,-140.0,-140.0,,-358233.8902724712
ala-ala,-140.0,140.0,,-358233.90580591845
ala-ala,140.0,-140.0,,-358231.62594446825
ala-ala,140.0,140.0,,-358227.486494395
ala-ala,-140.0,-160.0,,-358225.03848108934
ala-ala,-140.0,160.0,,-358227.090299937
ala-ala,140.0,-160.0,,-358224.3333419292
ala-ala,140.0,160.0,,-358224.2485335796
ala-ala,-140.0,-180.0,,-358231.053480479
ala-ala,-140.0,180.0,,-358231.96075281786
ala-ala,140.0,-180.0,,-358229.83898768114
ala-ala,140.0,180.0,,-358229.773313853
ala-ala,-140.0,-20.0,,-358234.06107935595
ala-ala,-140.0,20.0,,-358232.8388656108
ala-ala,140.0,-20.0,,-358232.95768580126
ala-ala,140.0,20.0,,-358229.4559920757
ala-ala,-140.0,-40.0,,-358231.06973108934
ala-ala,-140.0,40.0,,-358229.3662551372
ala-ala,140.0,-40.0,,-358228.4844497173
ala-ala,140.0,40.0,,-358230.1565993755
ala-ala,-140.0,-60.0,,-358224.5992110698
ala-ala,-140.0,60.0,,-358224.84174952196
ala-ala,140.0,-60.0,,-358227.9827559917
ala-ala,140.0,60.0,,-358224.74575647997
ala-ala,-140.0,-80.0,,-358233.1221145122
ala-ala,-140.0,80.0,,-358234.8940261333
ala-ala,140.0,-80.0,,-358229.8020919292
ala-ala,140.0,80.0,,-358233.32238611864
ala-ala,-160.0,0.0,,-358235.26882776903
ala-ala,160.0,0.0,,-358232.89643702196
ala-ala,-160.0,-100.0,,-358231.8558028667
ala-ala,-160.0,100.0,,-358230.88136133837
ala-ala,160.0,-100.0,,-358229.9933761089
ala-ala,160.0,100.0,,-358225.4237349956
ala-ala,-160.0,-120.0,,-358230.6001876323
ala-ala,-160.0,120.0,,-358232.9114364116
ala-ala,160.0,-120.0,,-358219.8278945415
ala-ala,160.0,120.0,,-358231.51865992235
ala-ala,-160.0,-140.0,,-358231.112364146
ala-ala,-160.0,140.0,,-358235.799864146
ala-ala,160.0,-140.0,,-358231.261595103
ala-ala,160.0,140.0,,-358230.1299575298
ala-ala,-160.0,-160.0,,-358227.51865992235
ala-ala,-160.0,160.0,,-358227.64785608934
ala-ala,160.0,-160.0,,-358227.15536341356
ala-ala,160.0,160.0,,-358226.8744643657
ala-ala,-160.0,-180.0,,-358234.2179549663
ala-ala,-160.0,180.0,,-358234.2056563823
ala-ala,160.0,-180.0,,-358233.8454879253
ala-ala,160.0,180.0,,-358230.4751723735
ala-ala,-160.0,-20.0,,-358215.4589827983
ala-ala,-160.0,20.0,,-358232.24868616747
ala-ala,160.0,-20.0,,-358214.7366317241
ala-ala,160.0,20.0,,-358231.502409312
ala-ala,-160.0,-40.0,,-358230.8319686382
ala-ala,-160.0,40.0,,-358233.3230422466
ala-ala,160.0,-40.0,,-358229.65342554735
ala-ala,160.0,40.0,,-358231.91262659716
ala-ala,-160.0,-60.0,,-358228.4606612651
ala-ala,-160.0,60.0,,-358226.80576929735
ala-ala,160.0,-60.0,,-358227.61965784716
ala-ala,160.0,60.0,,-358224.96424708056
ala-ala,-160.0,-80.0,,-358234.4404586284
ala-ala,-160.0,80.0,,-358231.5652297466
ala-ala,160.0,-80.0,,-358232.3527205913
ala-ala,160.0,80.0,,-358232.7860702007
ala-ala,-180.0,0.0,,-358230.2480758159
ala-ala,180.0,0.0,,-358235.4475539653
ala-ala,-180.0,-100.0,,-358226.63961634325
ala-ala,-180.0,100.0,,-358222.33407435106
ala-ala,180.0,-100.0,,-358234.01226648974
ala-ala,180.0,100.0,,-358235.6943648784
ala-ala,-180.0,-120.0,,-358223.67477259325
ala-ala,-180.0,120.0,,-358228.74117884325
ala-ala,180.0,-120.0,,-358236.24087366747
ala-ala,180.0,120.0,,-358233.17545923876
ala-ala,-180.0,-140.0,,-358230.5671065776
ala-ala,-180.0,140.0,,-358227.5613997905
ala-ala,180.0,-140.0,,-358230.9120009868
ala-ala,180.0,140.0,,-358234.4792464702
ala-ala,-180.0,-160.0,,-358223.52352747606
ala-ala,-180.0,160.0,,-358225.7522567241
ala-ala,180.0,-160.0,,-358225.2897628276
ala-ala,180.0,160.0,,-358227.03176722216
ala-ala,-180.0,-180.0,,-358228.2867110698
ala-ala,-180.0,180.0,,-358226.9124129741
ala-ala,180.0,-180.0,,-358231.05203089403
ala-ala,180.0,180.0,,-358229.72555384325
ala-ala,-180.0,-20.0,,-358230.0940383403
ala-ala,-180.0,20.0,,-358226.14353785204
ala-ala,180.0,-20.0,,-358231.72903284716
ala-ala,180.0,20.0,,-358234.13500818895
ala-ala,-180.0,-40.0,,-358228.24844202684
ala-ala,-180.0,40.0,,-358227.7394698589
ala-ala,180.0,-40.0,,-358230.1829055278
ala-ala,180.0,40.0,,-358229.53133997606
ala-ala,-180.0,-60.0,,-358224.54672083544
ala-ala,-180.0,60.0,,-358223.68818506884
ala-ala,180.0,-60.0,,-358226.62080225634
ala-ala,180.0,60.0,,-358226.00567469286
ala-ala,-180.0,-80.0,,-358227.8662551372
ala-ala,-180.0,80.0,,-358230.68246302294
ala-ala,180.0,-80.0,,-358232.98348841356
ala-ala,180.0,80.0,,-358229.1116622417
ala-ala,-20.0,0.0,,-358229.07458338427
ala-ala,20.0,0.0,,-358235.6989882915
ala-ala,-20.0,-100.0,,-358234.3283370464
ala-ala,-20.0,100.0,,-358224.2613204448
ala-ala,20.0,-100.0,,-358231.3457473247
ala-ala,20.0,100.0,,-358234.59164271044
ala-ala,-20.0,-120.0,,-358230.3179763286
ala-ala,-20.0,120.0,,-358232.9732345073
ala-ala,20.0,-120.0,,-358235.311872813
ala-ala,20.0,120.0,,-358228.7242263286
ala-ala,-20.0,-140.0,,-358232.8429854839
ala-ala,-20.0,140.0,,-358232.00111231493
ala-ala,20.0,-140.0,,-358232.24831995653
ala-ala,20.0,140.0,,-358230.4400161235
ala-ala,-20.0,-160.0,,-358218.32711634325
ala-ala,-20.0,160.0,,-358217.90749964403
ala-ala,20.0,-160.0,,-358228.1535171001
ala-ala,20.0,160.0,,-358228.82375940966
ala-ala,-20.0,-180.0,,-358228.303770396
ala-ala,-20.0,180.0,,-358227.4626601665
ala-ala,20.0,-180.0,,-358230.4072555034
ala-ala,20.0,180.0,,-358234.18758997606
ala-ala,-20.0,-20.0,,-358235.079450938
ala-ala,-20.0,20.0,,-358230.578581187
ala-ala,20.0,-20.0,,-358240.560423228
ala-ala,20.0,20.0,,-358226.6787551372
ala-ala,-20.0,-40.0,,-358228.37789759325
ala-ala,-20.0,40.0,,-358227.1427596538
ala-ala,20.0,-40.0,,-358232.8285964458
ala-ala,20.0,40.0,,-358231.5159591167
ala-ala,-20.0,-60.0,,-358219.49175867724
ala-ala,-20.0,60.0,,-358219.94470057177
ala-ala,20.0,-60.0,,-358227.2403853862
ala-ala,20.0,60.0,,-358227.75791773485
ala-ala,-20.0,-80.0,,-358231.1345351665
ala-ala,-20.0,80.0,,-358234.5153487651
ala-ala,20.0,-80.0,,-358230.0156386821
ala-ala,20.0,80.0,,-358229.0633834331
ala-ala,-40.0,0.0,,-358235.9132369487
ala-ala,40.0,0.0,,-358229.1221145122
ala-ala,-40.0,-100.0,,-358233.6209548442
ala-ala,-40.0,100.0,,-358236.65870508837
ala-ala,40.0,-100.0,,-358228.121549937
ala-ala,40.0,100.0,,-358221.6350539653
ala-ala,-40.0,-120.0,,-358236.27761683153
ala-ala,-40.0,120.0,,-358235.30532679247
ala-ala,40.0,-120.0,,-358220.88529810595
ala-ala,40.0,120.0,,-358229.2923263042
ala-ala,-40.0,-140.0,,-358232.3058303325
ala-ala,-40.0,140.0,,-358234.06513819384
ala-ala,40.0,-140.0,,-358229.5597213237
ala-ala,40.0,140.0,,-358227.19051966356
ala-ala,-40.0,-160.0,,-358227.1372817485
ala-ala,-40.0,160.0,,-358227.5540450542
ala-ala,40.0,-160.0,,-358220.99496302294
ala-ala,40.0,160.0,,-358223.2162764995
ala-ala,-40.0,-180.0,,-358231.8157638042
ala-ala,-40.0,180.0,,-358230.7444594829
ala-ala,40.0,-180.0,,-358226.7074569194
ala-ala,40.0,180.0,,-358227.801527354
ala-ala,-40.0,-20.0,,-358229.72079310106
ala-ala,-40.0,20.0,,-358233.54360804247
ala-ala,40.0,-20.0,,-358228.0641005962
ala-ala,40.0,20.0,,-358227.41193995165
ala-ala,-40.0,-40.0,,-358230.7533858745
ala-ala,-40.0,40.0,,-358230.1188643901
ala-ala,40.0,-40.0,,-358226.935713145
ala-ala,40.0,40.0,,-358227.25008997606
ala-ala,-40.0,-60.0,,-358225.3378890483
ala-ala,-40.0,60.0,,-358224.3135055034
ala-ala,40.0,-60.0,,-358223.52575525927
ala-ala,40.0,60.0,,-358223.04293665575
ala-ala,-40.0,-80.0,,-358234.2629073589
ala-ala,-40.0,80.0,,-358229.84109339403
ala-ala,40.0,-80.0,,-358227.6696761577
ala-ala,40.0,80.0,,-358229.7969191997
ala-ala,-60.0,0.0,,-358231.7362349956
ala-ala,60.0,0.0,,-358234.97247156786
ala-ala,-60.0,-100.0,,-358231.01769861864
ala-ala,-60.0,100.0,,-358223.76000818895
ala-ala,60.0,-100.0,,-358233.2851851909
ala-ala,60.0,100.0,,-358233.7756942241
ala-ala,-60.0,-120.0,,-358218.1365188091
ala-ala,-60.0,120.0,,-358231.94474634813
ala-ala,60.0,-120.0,,-358229.5783217876
ala-ala,60.0,120.0,,-358234.4969924419
ala-ala,-60.0,-140.0,,-358230.38529810595
ala-ala,-60.0,140.0,,-358231.9742110698
ala-ala,60.0,-140.0,,-358232.4976485698
ala-ala,60.0,140.0,,-358233.29629358934
ala-ala,-60.0,-160.0,,-358224.00681910204
ala-ala,-60.0,160.0,,-358224.5765059917
ala-ala,60.0,-160.0,,-358227.577497813
ala-ala,60.0,160.0,,-358227.5249007671
ala-ala,-60.0,-180.0,,-358232.20879969286
ala-ala,-60.0,180.0,,-358227.45030054735
ala-ala,60.0,-180.0,,-358234.8137801616
ala-ala,60.0,180.0,,-358232.57069239306
ala-ala,-60.0,-20.0,,-358219.5230544536
ala-ala,-60.0,20.0,,-358229.1183608501
ala-ala,60.0,-20.0,,-358216.8085006206
ala-ala,60.0,20.0,,-358232.04714808153
ala-ala,-60.0,-40.0,,-358229.88751063036
ala-ala,-60.0,40.0,,-358232.562376353
ala-ala,60.0,-40.0,,-358230.9570601909
ala-ala,60.0,40.0,,-358232.0018599956
ala-ala,-60.0,-60.0,,-358227.77342066454
ala-ala,-60.0,60.0,,-358225.3299697368
ala-ala,60.0,-60.0,,-358229.1708053081
ala-ala,60.0,60.0,,-358224.41641077684
ala-ala,-60.0,-80.0,,-358232.9090407817
ala-ala,-60.0,80.0,,-358231.36686548876
ala-ala,60.0,-80.0,,-358234.2320388286
ala-ala,60.0,80.0,,-358231.01223597216
ala-ala,-80.0,0.0,,-358231.41958460497
ala-ala,80.0,0.0,,-358237.8261702983
ala-ala,-80.0,-100.0,,-358230.8549331157
ala-ala,-80.0,100.0,,-358231.2514327495
ala-ala,80.0,-100.0,,-358235.34373316454
ala-ala,80.0,100.0,,-358236.11813196825
ala-ala,-80.0,-120.0,,-358231.2533706157
ala-ala,-80.0,120.0,,-358229.73031458544
ala-ala,80.0,-120.0,,-358234.52761683153
ala-ala,80.0,120.0,,-358236.4263595073
ala-ala,-80.0,-140.0,,-358232.70060572313
ala-ala,-80.0,140.0,,-358230.4651626079
ala-ala,80.0,-140.0,,-358234.54334864306
ala-ala,80.0,140.0,,-358233.5581954448
ala-ala,-80.0,-160.0,,-358226.0704940288
ala-ala,-80.0,160.0,,-358224.3859084575
ala-ala,80.0,-160.0,,-358223.9609969585
ala-ala,80.0,160.0,,-358226.14895472216
ala-ala,-80.0,-180.0,,-358230.00932154345
ala-ala,-80.0,180.0,,-358231.95199427294
ala-ala,80.0,-180.0,,-358231.4105819194
ala-ala,80.0,180.0,,-358232.8538497417
ala-ala,-80.0,-20.0,,-358232.92642054247
ala-ala,-80.0,20.0,,-358229.4116042583
ala-ala,80.0,-20.0,,-358234.4887526958
ala-ala,80.0,20.0,,-358232.0051711528
ala-ala,-80.0,-40.0,,-358228.7148726909
ala-ala,-80.0,40.0,,-358226.8175490825
ala-ala,80.0,-40.0,,-358230.4464400737
ala-ala,80.0,40.0,,-358229.9781173198
ala-ala,-80.0,-60.0,,-358226.39964136767
ala-ala,-80.0,60.0,,-358224.28039393114
ala-ala,80.0,-60.0,,-358225.07015833544
ala-ala,80.0,60.0,,-358225.99813685106
ala-ala,-80.0,-80.0,,-358229.3560470073
ala-ala,-80.0,80.0,,-358232.67254481005
ala-ala,80.0,-80.0,,-358232.89741358446
ala-ala,80.0,80.0,,-358235.2955001323
aspartame,0.0,0.0,,-645962.3384232873
aspartame,0.0,-100.0,,-645979.3302750939
aspartame,0.0,100.0,,-645909.1001115197
aspartame,0.0,-120.0,,-645893.9887986535
aspartame,0.0,120.0,,-645984.9701371545
aspartame,0.0,-140.0,,-645931.2907243127
aspartame,0.0,140.0,,-645895.0839372033
aspartame,0.0,-160.0,,-645960.0074296349
aspartame,0.0,160.0,,-645917.6244035119
aspartame,0.0,-180.0,,-645885.7736344689
aspartame,0.0,180.0,,-645980.64320234
aspartame,0.0,-20.0,,-645855.2448563927
aspartame,0.0,20.0,,-645949.742018258
aspartame,0.0,-40.0,,-645982.0164933556
aspartame,0.0,40.0,,-645888.4059434289
aspartame,0.0,-60.0,,-645905.6461930627
aspartame,0.0,60.0,,-645967.7624650353
aspartame,0.0,-80.0,,-645902.9212785119
aspartame,0.0,80.0,,-645924.0812363976
aspartame,-100.0,0.0,,-645991.8811173791
aspartame,100.0,0.0,,-645936.8683457726
aspartame,-100.0,-100.0,,-645979.9160905236
aspartame,-100.0,100.0,,-645971.0524430627
aspartame,100.0,-100.0,,-645981.6871171349
aspartame,100.0,100.0,,-645917.7163224572
aspartame,-100.0,-120.0,,-645963.253950631
aspartame,-100.0,120.0,,-645976.1947465295
aspartame,100.0,-120.0,,-645918.4555192345
aspartame,100.0,120.0,,-645980.0007157677
aspartame,-100.0,-140.0,,-645913.6345811242
aspartame,-100.0,140.0,,-645910.80335859
aspartame,100.0,-140.0,,-645992.751997506
aspartame,100.0,140.0,,-645964.0275407189
aspartame,-100.0,-160.0,,-645982.0175004357
aspartame,-100.0,160.0,,-645981.3140397423
aspartame,100.0,-160.0,,-645949.3545976037
aspartame,100.0,160.0,,-645921.3268113488
aspartame,-100.0,-180.0,,-645928.0116563195
aspartame,-100.0,180.0,,-645939.6207871789
aspartame,100.0,-180.0,,-645926.0227342003
aspartame,100.0,180.0,,-645982.5610795373
aspartame,-100.0,-20.0,,-645911.7534776086
aspartame,-100.0,20.0,,-645919.5487199181
aspartame,100.0,-20.0,,-645941.8623338097
aspartame,100.0,20.0,,-645986.8469682091
aspartame,-100.0,-40.0,,-645949.2563615197
aspartame,-100.0,40.0,,-645935.4326768273
aspartame,100.0,-40.0,,-645977.5487809533
aspartame,100.0,40.0,,-645923.9207902306
aspartame,-100.0,-60.0,,-645974.4930863732
aspartame,-100.0,60.0,,-645989.328535592
aspartame,100.0,-60.0,,-645913.0473008507
aspartame,100.0,60.0,,-645962.1506181115
aspartame,-100.0,-80.0,,-645902.210478341
aspartame,-100.0,80.0,,-645914.1904893273
aspartame,100.0,-80.0,,-645979.412153756
aspartame,100.0,80.0,,-645986.9140153283
aspartame,-120.0,0.0,,-645933.3467545861
aspartame,120.0,0.0,,-645985.4101395959
aspartame,-120.0,-100.0,,-645986.6622453087
aspartame,-120.0,100.0,,-645921.997221505
aspartame,120.0,-100.0,,-645985.1841264123
aspartame,120.0,100.0,,-645978.8328080529
aspartame,-120.0,-120.0,,-645928.5645280236
aspartame,-120.0,120.0,,-645988.0713029259
aspartame,120.0,-120.0,,-645972.826582467
aspartame,120.0,120.0,,-645972.9501176232
aspartame,-120.0,-140.0,,-645990.6889481896
aspartame,-120.0,140.0,,-645977.8192582482
aspartame,120.0,-140.0,,-645923.8997941369
aspartame,120.0,140.0,,-645918.6983170861
aspartame,-120.0,-160.0,,-645960.6890092248
aspartame,-120.0,160.0,,-645925.387846505
aspartame,120.0,-160.0,,-645979.887342965
aspartame,120.0,160.0,,-645980.9693131798
aspartame,-120.0,-180.0,,-645943.7704148644
aspartame,-120.0,180.0,,-645989.7146439904
aspartame,120.0,-180.0,,-645943.7283769005
aspartame,120.0,180.0,,-645937.9034562462
aspartame,-120.0,-20.0,,-645947.4114823693
aspartame,-120.0,20.0,,-645984.4398942345
aspartame,120.0,-20.0,,-645923.0965714806
aspartame,120.0,20.0,,-645920.4258408898
aspartame,-120.0,-40.0,,-645990.2788224572
aspartame,-120.0,40.0,,-645930.1920457238
aspartame,120.0,-40.0,,-645950.1213822716
aspartame,120.0,40.0,,-645953.4707169884
aspartame,-120.0,-60.0,,-645921.2179093712
aspartame,-120.0,60.0,,-645969.6363358849
aspartame,120.0,-60.0,,-645986.8149857873
aspartame,120.0,60.0,,-645993.5050492638
aspartame,-120.0,-80.0,,-645977.2820268029
aspartame,-120.0,80.0,,-645989.4370560998
aspartame,120.0,-80.0,,-645911.1712937707
aspartame,120.0,80.0,,-645917.8993668908
aspartame,-140.0,0.0,,-646010.8886247033
aspartame,140.0,0.0,,-645961.6179643029
aspartame,-140.0,-100.0,,-646001.8470902795
aspartame,-140.0,100.0,,-646007.3708024377
aspartame,140.0,-100.0,,-645953.961348092
aspartame,140.0,100.0,,-645958.8978410119
aspartame,-140.0,-120.0,,-646004.7827592248
aspartame,-140.0,120.0,,-646011.027174508
aspartame,140.0,-120.0,,-645956.0345597619
aspartame,140.0,120.0,,-645957.787519967
aspartame,-140.0,-140.0,,-646008.6726212853
aspartame,-140.0,140.0,,-646002.5654740685
aspartame,140.0,-140.0,,-645960.3331742638
aspartame,140.0,140.0,,-645953.802565133
aspartame,-140.0,-160.0,,-645995.4026322716
aspartame,-140.0,160.0,,-645999.4415727013
aspartame,140.0,-160.0,,-645961.0274491662
aspartame,140.0,160.0,,-645958.7342973107
aspartame,-140.0,-180.0,,-646002.8975053185
aspartame,-140.0,180.0,,-646000.9620805138
aspartame,140.0,-180.0,,-645952.8075089806
aspartame,140.0,180.0,,-645960.1538529748
aspartame,-140.0,-20.0,,-646008.8643021935
aspartame,-140.0,20.0,,-646008.8874345177
aspartame,140.0,-20.0,,-645958.4451737755
aspartame,140.0,20.0,,-645954.4274735802
aspartame,-140.0,-40.0,,-646003.7009110802
aspartame,-140.0,40.0,,-646008.2180619591
aspartame,140.0,-40.0,,-645959.2561478966
aspartame,140.0,40.0,,-645954.467207467
aspartame,-140.0,-60.0,,-646006.3347916955
aspartame,-140.0,60.0,,-645997.9747147912
aspartame,140.0,-60.0,,-645955.5427384728
aspartame,140.0,60.0,,-645959.0764298791
aspartame,-140.0,-80.0,,-646010.7010331505
aspartame,-140.0,80.0,,-646002.6009660119
aspartame,140.0,-80.0,,-645955.1693559045
aspartame,140.0,80.0,,-645959.8361649865
aspartame,-160.0,0.0,,-645932.91323713
aspartame,160.0,0.0,,-645929.0970750207
aspartame,-160.0,-100.0,,-645930.6624589318
aspartame,-160.0,100.0,,-645934.5563340539
aspartame,160.0,-100.0,,-645923.0850358361
aspartame,160.0,100.0,,-645931.6064591759
aspartame,-160.0,-120.0,,-645935.1624894494
aspartame,-160.0,120.0,,-645929.1688523644
aspartame,160.0,-120.0,,-645934.163313424
aspartame,160.0,120.0,,-645924.8236222619
aspartame,-160.0,-140.0,,-645932.5420518273
aspartame,-160.0,140.0,,-645931.0922227257
aspartame,160.0,-140.0,,-645927.9100633019
aspartame,160.0,140.0,,-645930.8586564416
aspartame,-160.0,-160.0,,-645933.1119218224
aspartame,-160.0,160.0,,-645930.3366837853
aspartame,160.0,-160.0,,-645931.0656266564
aspartame,160.0,160.0,,-645928.9715867394
aspartame,-160.0,-180.0,,-645932.9773545617
aspartame,-160.0,180.0,,-645938.9689469689
aspartame,160.0,-180.0,,-645928.6077714318
aspartame,160.0,180.0,,-645930.9055467003
aspartame,-160.0,-20.0,,-645940.103346383
aspartame,-160.0,20.0,,-645931.3809342736
aspartame,160.0,-20.0,,-645931.8584580773
aspartame,160.0,20.0,,-645930.6499619836
aspartame,-160.0,-40.0,,-645931.3195939416
aspartame,-160.0,40.0,,-645931.956495797
aspartame,160.0,-40.0,,-645928.2292771691
aspartame,160.0,40.0,,-645924.7166123742
aspartame,-160.0,-60.0,,-645928.463804757
aspartame,-160.0,60.0,,-645927.0760331505
aspartame,160.0,-60.0,,-645926.8262467736
aspartame,160.0,60.0,,-645930.0318131798
aspartame,-160.0,-80.0,,-645926.1486192101
aspartame,-160.0,80.0,,-645934.1449113244
aspartame,160.0,-80.0,,-645923.8227677697
aspartame,160.0,80.0,,-645932.8391862267
aspartame,-180.0,0.0,,-645915.7897019738
aspartame,180.0,0.0,,-646009.999250924
aspartame,-180.0,-100.0,,-645909.9263444298
aspartame,-180.0,100.0,,-645910.811461007
aspartame,180.0,-100.0,,-646011.8777299279
aspartame,180.0,100.0,,-646007.9861283654
aspartame,-180.0,-120.0,,-645915.0320573205
aspartame,-180.0,120.0,,-645906.15933088
aspartame,180.0,-120.0,,-646009.490278756
aspartame,180.0,120.0,,-646010.3374467248
aspartame,-180.0,-140.0,,-645910.6325974816
aspartame,-180.0,140.0,,-645904.4182725304
aspartame,180.0,-140.0,,-646014.6533036584
aspartame,180.0,140.0,,-646008.35413984
aspartame,-180.0,-160.0,,-645909.7660508507
aspartame,-180.0,160.0,,-645908.2364335412
aspartame,180.0,-160.0,,-646005.4940629357
aspartame,180.0,160.0,,-646002.4367204064
aspartame,-180.0,-180.0,,-645909.1354813927
aspartame,-180.0,180.0,,-645917.3825974816
aspartame,180.0,-180.0,,-646014.0922990197
aspartame,180.0,180.0,,-646005.2498612755
aspartame,-180.0,-20.0,,-645912.9449296349
aspartame,-180.0,20.0,,-645905.7138963097
aspartame,180.0,-20.0,,-646008.3680863732
aspartame,180.0,20.0,,-646003.738905465
aspartame,-180.0,-40.0,,-645911.1173234337
aspartame,-180.0,40.0,,-645905.6851182336
aspartame,180.0,-40.0,,-646012.4006791466
aspartame,180.0,40.0,,-646004.8839555138
aspartame,-180.0,-60.0,,-645905.8047166222
aspartame,-180.0,60.0,,-645914.251127755
aspartame,180.0,-60.0,,-646004.1807694787
aspartame,180.0,60.0,,-646001.8783402795
aspartame,-180.0,-80.0,,-645909.5707383507
aspartame,-180.0,80.0,,-645909.7191453332
aspartame,180.0,-80.0,,-646005.2488236779
aspartame,180.0,80.0,,-646004.5264115685
aspartame,-20.0,0.0,,-645983.0721879357
aspartame,20.0,0.0,,-645997.2434525841
aspartame,-20.0,-100.0,,-645999.9701981896
aspartame,-20.0,100.0,,-645992.0507035607
aspartame,20.0,-100.0,,-645997.6728959435
aspartame,20.0,100.0,,-645991.1168046349
aspartame,-20.0,-120.0,,-645997.3511796349
aspartame,-20.0,120.0,,-646003.8358292931
aspartame,20.0,-120.0,,-645992.3342728966
aspartame,20.0,120.0,,-645987.0579667443
aspartame,-20.0,-140.0,,-646005.7470536584
aspartame,-20.0,140.0,,-645993.3423905724
aspartame,20.0,-140.0,,-645977.7791581505
aspartame,20.0,140.0,,-645990.1259904259
aspartame,-20.0,-160.0,,-645985.8791947716
aspartame,-20.0,160.0,,-645986.0596452111
aspartame,20.0,-160.0,,-645990.9773087853
aspartame,20.0,160.0,,-645987.6246781701
aspartame,-20.0,-180.0,,-645990.9782243127
aspartame,-20.0,180.0,,-645993.2076859826
aspartame,20.0,-180.0,,-645998.6320329064
aspartame,20.0,180.0,,-645982.4987016076
aspartame,-20.0,-20.0,,-645991.4722733849
aspartame,-20.0,20.0,,-645997.777967965
aspartame,20.0,-20.0,,-645983.8484635705
aspartame,20.0,20.0,,-645988.0396256798
aspartame,-20.0,-40.0,,-645992.3098893517
aspartame,-20.0,40.0,,-645993.089308297
aspartame,20.0,-40.0,,-645987.103926217
aspartame,20.0,40.0,,-645988.1147599572
aspartame,-20.0,-60.0,,-645994.9743790978
aspartame,-20.0,60.0,,-645997.0510697716
aspartame,20.0,-60.0,,-645984.7905717248
aspartame,20.0,60.0,,-645986.5819230431
aspartame,-20.0,-80.0,,-645996.6899857873
aspartame,-20.0,80.0,,-645998.9358964318
aspartame,20.0,-80.0,,-645981.8673539513
aspartame,20.0,80.0,,-645974.3601518029
aspartame,-40.0,0.0,,-646003.9143510216
aspartame,40.0,0.0,,-645911.4518876427
aspartame,-40.0,-100.0,,-646006.0306840295
aspartame,-40.0,100.0,,-646004.7989640587
aspartame,40.0,-100.0,,-645909.6176133507
aspartame,40.0,100.0,,-645916.9823289269
aspartame,-40.0,-120.0,,-646011.0669389123
aspartame,-40.0,120.0,,-646004.4221330041
aspartame,40.0,-120.0,,-645914.7502274865
aspartame,40.0,120.0,,-645908.3776994103
aspartame,-40.0,-140.0,,-646008.115278756
aspartame,-40.0,140.0,,-646002.4587540978
aspartame,40.0,-140.0,,-645916.7072587365
aspartame,40.0,140.0,,-645902.4833512658
aspartame,-40.0,-160.0,,-646006.8596635216
aspartame,-40.0,160.0,,-646002.4817338341
aspartame,40.0,-160.0,,-645914.4027238244
aspartame,40.0,160.0,,-645913.5563340539
aspartame,-40.0,-180.0,,-646005.0047135705
aspartame,-40.0,180.0,,-646002.5767350548
aspartame,40.0,-180.0,,-645913.8114304894
aspartame,40.0,180.0,,-645911.8967576378
aspartame,-40.0,-20.0,,-646005.476973092
aspartame,-40.0,20.0,,-646001.8071732873
aspartame,40.0,-20.0,,-645910.8700089806
aspartame,40.0,20.0,,-645912.9506974572
aspartame,-40.0,-40.0,,-646008.2591691369
aspartame,-40.0,40.0,,-646001.633650338
aspartame,40.0,-40.0,,-645909.7473435753
aspartame,40.0,40.0,,-645911.1018662804
aspartame,-40.0,-60.0,,-645998.8347916955
aspartame,-40.0,60.0,,-645998.5730424279
aspartame,40.0,-60.0,,-645906.4923692101
aspartame,40.0,60.0,,-645907.6198258752
aspartame,-40.0,-80.0,,-646004.188124215
aspartame,-40.0,80.0,,-646004.4763627404
aspartame,40.0,-80.0,,-645906.9440751427
aspartame,40.0,80.0,,-645911.1616349572
aspartame,-60.0,0.0,,-645926.1363816613
aspartame,60.0,0.0,,-645942.251493966
aspartame,-60.0,-100.0,,-645925.282454049
aspartame,-60.0,100.0,,-645932.5611863488
aspartame,60.0,-100.0,,-645938.3576798791
aspartame,60.0,100.0,,-645945.1641373986
aspartame,-60.0,-120.0,,-645930.7111344689
aspartame,-60.0,120.0,,-645925.7016892785
aspartame,60.0,-120.0,,-645941.3648209923
aspartame,60.0,120.0,,-645940.4124284142
aspartame,-60.0,-140.0,,-645935.2354264611
aspartame,-60.0,140.0,,-645925.4802079552
aspartame,60.0,-140.0,,-645941.3669572228
aspartame,60.0,140.0,,-645943.1709275597
aspartame,-60.0,-160.0,,-645928.5931992882
aspartame,-60.0,160.0,,-645926.0920701378
aspartame,60.0,-160.0,,-645938.5803513878
aspartame,60.0,160.0,,-645934.2638688439
aspartame,-60.0,-180.0,,-645925.4944596642
aspartame,-60.0,180.0,,-645931.2018113488
aspartame,60.0,-180.0,,-645938.1396775597
aspartame,60.0,180.0,,-645939.9002519005
aspartame,-60.0,-20.0,,-645928.9678788537
aspartame,-60.0,20.0,,-645924.5263963097
aspartame,60.0,-20.0,,-645945.2419572228
aspartame,60.0,20.0,,-645935.8424668664
aspartame,-60.0,-40.0,,-645931.4636369103
aspartame,-60.0,40.0,,-645927.9192643517
aspartame,60.0,-40.0,,-645943.2237382287
aspartame,60.0,40.0,,-645932.0000138634
aspartame,-60.0,-60.0,,-645925.7617783898
aspartame,-60.0,60.0,,-645929.1154313439
aspartame,60.0,-60.0,,-645940.2379746789
aspartame,60.0,60.0,,-645936.6850724572
aspartame,-60.0,-80.0,,-645929.5421281212
aspartame,-60.0,80.0,,-645931.7010331505
aspartame,60.0,-80.0,,-645940.2986894005
aspartame,60.0,80.0,,-645946.7669511193
aspartame,-80.0,0.0,,-645976.3005814904
aspartame,80.0,0.0,,-646003.6262345666
aspartame,-80.0,-100.0,,-645972.0758500451
aspartame,-80.0,100.0,,-645975.3219743127
aspartame,80.0,-100.0,,-646001.1836686486
aspartame,80.0,100.0,,-646007.9272904748
aspartame,-80.0,-120.0,,-645972.5115189904
aspartame,-80.0,120.0,,-645977.3032670373
aspartame,80.0,-120.0,,-646003.6117692345
aspartame,80.0,120.0,,-646007.6196427697
aspartame,-80.0,-140.0,,-645975.0024552697
aspartame,-80.0,140.0,,-645975.2360368127
aspartame,80.0,-140.0,,-646002.6630387658
aspartame,80.0,140.0,,-646009.1161942834
aspartame,-80.0,-160.0,,-645974.5628190392
aspartame,-80.0,160.0,,-645971.3198075646
aspartame,80.0,-160.0,,-646005.2616105431
aspartame,80.0,160.0,,-646002.8828873986
aspartame,-80.0,-180.0,,-645969.3406205529
aspartame,-80.0,180.0,,-645979.3958573693
aspartame,80.0,-180.0,,-646000.4407792443
aspartame,80.0,180.0,,-646016.284987008
aspartame,-80.0,-20.0,,-645974.1112504357
aspartame,-80.0,20.0,,-645968.0370927209
aspartame,80.0,-20.0,,-646010.7779984826
aspartame,80.0,20.0,,-646010.8706498498
aspartame,-80.0,-40.0,,-645978.0974564904
aspartame,-80.0,40.0,,-645970.7623734826
aspartame,80.0,-40.0,,-646004.1743607873
aspartame,80.0,40.0,,-646016.5322709435
aspartame,-80.0,-60.0,,-645972.6981950158
aspartame,-80.0,60.0,,-645981.9179520959
aspartame,80.0,-60.0,,-645999.8690324181
aspartame,80.0,60.0,,-646005.1665482873
aspartame,-80.0,-80.0,,-645975.8531937951
aspartame,-80.0,80.0,,-645977.8885941857
aspartame,80.0,-80.0,,-646000.3578629845
aspartame,80.0,80.0,,-646007.1685014123
biphenyl-twist,,,0.0,-290583.6539204944
biphenyl-twist,,,-105.0,-290587.90916951786
biphenyl-twist,,,105.0,-290587.4414723743
biphenyl-twist,,,-120.0,-290586.633550011
biphenyl-twist,,,120.0,-290588.09027608525
biphenyl-twist,,,-135.0,-290589.6362813343
biphenyl-twist,,,135.0,-290587.1715443958
biphenyl-twist,,,-150.0,-290588.4294637073
biphenyl-twist,,,150.0,-290586.4786122669
biphenyl-twist,,,-15.0,-290587.18553670536
biphenyl-twist,,,15.0,-290586.48520406376
biphenyl-twist,,,-165.0,-290586.0660451282
biphenyl-twist,,,165.0,-290585.3513844837
biphenyl-twist,,,-180.0,-290584.3699391712
biphenyl-twist,,,180.0,-290584.6930592884
biphenyl-twist,,,-30.0,-290588.70227559697
biphenyl-twist,,,30.0,-290587.5794728626
biphenyl-twist,,,-45.0,-290589.1391652454
biphenyl-twist,,,45.0,-290588.3700765003
biphenyl-twist,,,-60.0,-290586.3057301868
biphenyl-twist,,,60.0,-290588.9678853382
biphenyl-twist,,,-75.0,-290585.51047261845
biphenyl-twist,,,75.0,-290586.9804280628
biphenyl-twist,,,-90.0,-290587.5098317493
biphenyl-twist,,,90.0,-290585.5979817737
gly-gly,0.0,0.0,,-308908.4826752284
gly-gly,0.0,-100.0,,-308907.2015167811
gly-gly,0.0,100.0,,-308832.9173981288
gly-gly,0.0,-120.0,,-308815.4426437953
gly-gly,0.0,120.0,,-308906.3242737391
gly-gly,0.0,-140.0,,-308870.47988287
gly-gly,0.0,140.0,,-308832.95466772106
gly-gly,0.0,-160.0,,-308903.7650238612
gly-gly,0.0,160.0,,-308877.48313299206
gly-gly,0.0,-180.0,,-308829.6877686122
gly-gly,0.0,180.0,,-308906.8667389491
gly-gly,0.0,-20.0,,-308607.9565826991
gly-gly,0.0,20.0,,-308884.5084778407
gly-gly,0.0,-40.0,,-308907.9521271327
gly-gly,0.0,40.0,,-308829.7917725184
gly-gly,0.0,-60.0,,-308866.8095261195
gly-gly,0.0,60.0,,-308905.47312322643
gly-gly,0.0,-80.0,,-308837.47100225475
gly-gly,0.0,80.0,,-308855.7528702357
gly-gly,-100.0,0.0,,-308911.4424530604
gly-gly,100.0,0.0,,-308889.0946747401
gly-gly,-100.0,-100.0,,-308906.22686162975
gly-gly,-100.0,100.0,,-308911.14342657116
gly-gly,100.0,-100.0,,-308908.78461614635
gly-gly,100.0,100.0,,-308776.5592133143
gly-gly,-100.0,-120.0,,-308909.67162481335
gly-gly,-100.0,120.0,,-308903.96721807506
gly-gly,100.0,-120.0,,-308757.4442879298
gly-gly,100.0,120.0,,-308907.78418890026
gly-gly,-100.0,-140.0,,-308850.7114121058
gly-gly,-100.0,140.0,,-308856.72823492077
gly-gly,100.0,-140.0,,-308910.15290227917
gly-gly,100.0,140.0,,-308893.56235662487
gly-gly,-100.0,-160.0,,-308908.4285523036
gly-gly,-100.0,160.0,,-308908.55611578014
gly-gly,100.0,-160.0,,-308895.56795660045
gly-gly,100.0,160.0,,-308852.0486084559
gly-gly,-100.0,-180.0,,-308889.44407049206
gly-gly,-100.0,180.0,,-308902.64289251354
gly-gly,100.0,-180.0,,-308851.83343664196
gly-gly,100.0,180.0,,-308910.7749115565
gly-gly,-100.0,-20.0,,-308856.69646612194
gly-gly,-100.0,20.0,,-308873.4977051356
gly-gly,100.0,-20.0,,-308855.4639603236
gly-gly,100.0,20.0,,-308907.9669281581
gly-gly,-100.0,-40.0,,-308907.64080205944
gly-gly,-100.0,40.0,,-308896.9956604579
gly-gly,100.0,-40.0,,-308910.32785955456
gly-gly,100.0,40.0,,-308849.9922424891
gly-gly,-100.0,-60.0,,-308908.124704037
gly-gly,-100.0,60.0,,-308908.1541229823
gly-gly,100.0,-60.0,,-308849.265870724
gly-gly,100.0,60.0,,-308899.91785589245
gly-gly,-100.0,-80.0,,-308856.4695221522
gly-gly,-100.0,80.0,,-308837.43513647106
gly-gly,100.0,-80.0,,-308898.58680120495
gly-gly,100.0,80.0,,-308908.97921148327
gly-gly,-120.0,0.0,,-308888.1638886073
gly-gly,120.0,0.0,,-308911.8174530604
gly-gly,-120.0,-100.0,,-308909.1978851893
gly-gly,-120.0,100.0,,-308814.914182339
gly-gly,120.0,-100.0,,-308906.5207764247
gly-gly,120.0,100.0,,-308912.75896612194
gly-gly,-120.0,-120.0,,-308817.4311920741
gly-gly,-120.0,120.0,,-308909.0641266444
gly-gly,120.0,-120.0,,-308912.949716244
gly-gly,120.0,120.0,,-308905.08051458385
gly-gly,-120.0,-140.0,,-308911.8116089442
gly-gly,-120.0,140.0,,-308902.1910492518
gly-gly,120.0,-140.0,,-308870.6316315272
gly-gly,120.0,140.0,,-308873.1323792079
gly-gly,-120.0,-160.0,,-308896.8005920985
gly-gly,-120.0,160.0,,-308859.97280279186
gly-gly,120.0,-160.0,,-308908.46976629284
gly-gly,120.0,160.0,,-308909.20078435924
gly-gly,-120.0,-180.0,,-308869.2802063563
gly-gly,-120.0,180.0,,-308911.1153656581
gly-gly,120.0,-180.0,,-308901.2813202479
gly-gly,120.0,180.0,,-308905.4781738856
gly-gly,-120.0,-20.0,,-308879.82745519665
gly-gly,-120.0,20.0,,-308907.8672882655
gly-gly,120.0,-20.0,,-308868.6122376063
gly-gly,120.0,20.0,,-308882.8864914515
gly-gly,-120.0,-40.0,,-308909.642282162
gly-gly,-120.0,40.0,,-308861.74849096325
gly-gly,120.0,-40.0,,-308909.44727483776
gly-gly,120.0,40.0,,-308903.64835516
gly-gly,-120.0,-60.0,,-308854.06896368053
gly-gly,-120.0,60.0,,-308899.8736969569
gly-gly,120.0,-60.0,,-308909.3602997401
gly-gly,120.0,60.0,,-308909.54802862194
gly-gly,-120.0,-80.0,,-308903.34430852917
gly-gly,-120.0,80.0,,-308910.7521912196
gly-gly,120.0,-80.0,,-308867.59460607555
gly-gly,120.0,80.0,,-308865.1295563319
gly-gly,-140.0,0.0,,-308920.22921148327
gly-gly,140.0,0.0,,-308917.0001312831
gly-gly,-140.0,-100.0,,-308916.46805730846
gly-gly,-140.0,100.0,,-308918.92513433483
gly-gly,140.0,-100.0,,-308915.8772980311
gly-gly,140.0,100.0,,-308917.6895844081
gly-gly,-140.0,-120.0,,-308918.3145233729
gly-gly,-140.0,120.0,,-308917.0674378016
gly-gly,140.0,-120.0,,-308918.31308904674
gly-gly,140.0,120.0,,-308914.21372381237
gly-gly,-140.0,-140.0,,-308916.2629486659
gly-gly,-140.0,140.0,,-308915.5957581141
gly-gly,140.0,-140.0,,-308918.6773010829
gly-gly,140.0,140.0,,-308915.5947968104
gly-gly,-140.0,-160.0,,-308912.4594971278
gly-gly,-140.0,160.0,,-308914.45105901745
gly-gly,140.0,-160.0,,-308915.9094482997
gly-gly,140.0,160.0,,-308916.36229864147
gly-gly,-140.0,-180.0,,-308915.10828557995
gly-gly,-140.0,180.0,,-308915.4668671229
gly-gly,140.0,-180.0,,-308916.7130219081
gly-gly,140.0,180.0,,-308919.87194219616
gly-gly,-140.0,-20.0,,-308917.56403509167
gly-gly,-140.0,20.0,,-308915.8253265956
gly-gly,140.0,-20.0,,-308919.6225830653
gly-gly,140.0,20.0,,-308913.1446625331
gly-gly,-140.0,-40.0,,-308915.37488714245
gly-gly,-140.0,40.0,,-308915.9819885829
gly-gly,140.0,-40.0,,-308919.6062714198
gly-gly,140.0,40.0,,-308915.98285833385
gly-gly,-140.0,-60.0,,-308913.3695465663
gly-gly,-140.0,60.0,,-308913.4124847987
gly-gly,140.0,-60.0,,-308915.6062714198
gly-gly,140.0,60.0,,-308918.1711060145
gly-gly,-140.0,-80.0,,-308915.1982971766
gly-gly,-140.0,80.0,,-308917.1045624354
gly-gly,140.0,-80.0,,-308914.4278656581
gly-gly,140.0,80.0,,-308919.6531159022
gly-gly,-160.0,0.0,,-308917.64945379284
gly-gly,160.0,0.0,,-308917.20694891
gly-gly,-160.0,-100.0,,-308914.3487640956
gly-gly,-160.0,100.0,,-308914.73455205944
gly-gly,160.0,-100.0,,-308915.9708344081
gly-gly,160.0,100.0,,-308911.97657171276
gly-gly,-160.0,-120.0,,-308913.62807622936
gly-gly,-160.0,120.0,,-308916.2935883143
gly-gly,160.0,-120.0,,-308909.19994512585
gly-gly,160.0,120.0,,-308913.9318329432
gly-gly,-160.0,-140.0,,-308915.49598089245
gly-gly,-160.0,140.0,,-308917.4272400477
gly-gly,160.0,-140.0,,-308917.8403259852
gly-gly,160.0,140.0,,-308916.45800176647
gly-gly,-160.0,-160.0,,-308913.8669678309
gly-gly,-160.0,160.0,,-308915.07312932995
gly-gly,160.0,-160.0,,-308915.3020264247
gly-gly,160.0,160.0,,-308914.4672791102
gly-gly,-160.0,-180.0,,-308918.79020086315
gly-gly,-160.0,180.0,,-308916.567773495
gly-gly,160.0,-180.0,,-308918.80861822155
gly-gly,160.0,180.0,,-308917.0327393153
gly-gly,-160.0,-20.0,,-308904.64817205456
gly-gly,-160.0,20.0,,-308916.8229462245
gly-gly,160.0,-20.0,,-308905.7136475184
gly-gly,160.0,20.0,,-308915.3854004481
gly-gly,-160.0,-40.0,,-308916.2600342372
gly-gly,-160.0,40.0,,-308918.3973785975
gly-gly,160.0,-40.0,,-308916.50782171276
gly-gly,160.0,40.0,,-308917.94936529186
gly-gly,-160.0,-60.0,,-308915.229013119
gly-gly,-160.0,60.0,,-308914.90418401745
gly-gly,160.0,-60.0,,-308916.2400757411
gly-gly,160.0,60.0,,-308916.45052495983
gly-gly,-160.0,-80.0,,-308916.5803162196
gly-gly,-160.0,80.0,,-308914.03948370006
gly-gly,160.0,-80.0,,-308917.47364202526
gly-gly,160.0,80.0,,-308917.24108282116
gly-gly,-180.0,0.0,,-308917.4732910731
gly-gly,180.0,0.0,,-308919.13169256237
gly-gly,-180.0,-100.0,,-308916.3046509364
gly-gly,-180.0,100.0,,-308913.6892944911
gly-gly,180.0,-100.0,,-308916.38634649303
gly-gly,180.0,100.0,,-308918.06212774303
gly-gly,-180.0,-120.0,,-308913.8431488612
gly-gly,-180.0,120.0,,-308915.45563665417
gly-gly,180.0,-120.0,,-308917.7235962489
gly-gly,180.0,120.0,,-308917.0893646815
gly-gly,-180.0,-140.0,,-308918.4996430018
gly-gly,-180.0,140.0,,-308916.42481390026
gly-gly,180.0,-140.0,,-308915.17736211803
gly-gly,180.0,140.0,,-308917.18541875866
gly-gly,-180.0,-160.0,,-308915.5195099452
gly-gly,-180.0,160.0,,-308917.03026739147
gly-gly,180.0,-160.0,,-308914.5327087977
gly-gly,180.0,160.0,,-308914.1494690516
gly-gly,-180.0,-180.0,,-308917.51548162487
gly-gly,-180.0,180.0,,-308919.12992254284
gly-gly,180.0,-180.0,,-308916.80947271374
gly-gly,180.0,180.0,,-308918.3502289393
gly-gly,-180.0,-20.0,,-308917.31672063854
gly-gly,-180.0,20.0,,-308914.22185674694
gly-gly,180.0,-20.0,,-308915.3039642909
gly-gly,180.0,20.0,,-308916.34656682995
gly-gly,-180.0,-40.0,,-308918.18807378795
gly-gly,-180.0,40.0,,-308918.95606390026
gly-gly,180.0,-40.0,,-308916.9485107997
gly-gly,180.0,40.0,,-308915.5728088954
gly-gly,-180.0,-60.0,,-308917.29816595104
gly-gly,-180.0,60.0,,-308916.8961731532
gly-gly,180.0,-60.0,,-308914.6364075282
gly-gly,180.0,60.0,,-308915.2627655604
gly-gly,-180.0,-80.0,,-308916.4371887782
gly-gly,-180.0,80.0,,-308920.1980682948
gly-gly,180.0,-80.0,,-308918.20214239147
gly-gly,180.0,80.0,,-308915.488488827
gly-gly,-20.0,0.0,,-308913.7319428065
gly-gly,20.0,0.0,,-308915.9450928309
gly-gly,-20.0,-100.0,,-308917.05166021374
gly-gly,-20.0,100.0,,-308912.6259552577
gly-gly,20.0,-100.0,,-308912.656747494
gly-gly,20.0,100.0,,-308916.1680542567
gly-gly,-20.0,-120.0,,-308915.0795990565
gly-gly,-20.0,120.0,,-308915.3460632899
gly-gly,20.0,-120.0,,-308917.4908539393
gly-gly,20.0,120.0,,-308911.9378601649
gly-gly,-20.0,-140.0,,-308915.37211004284
gly-gly,-20.0,140.0,,-308912.0366303065
gly-gly,20.0,-140.0,,-308917.15836492565
gly-gly,20.0,140.0,,-308911.66144720104
gly-gly,-20.0,-160.0,,-308906.580285702
gly-gly,-20.0,160.0,,-308905.56182256725
gly-gly,20.0,-160.0,,-308914.3597504237
gly-gly,20.0,160.0,,-308913.2099091151
gly-gly,-20.0,-180.0,,-308911.5550934413
gly-gly,-20.0,180.0,,-308913.9791657069
gly-gly,20.0,-180.0,,-308912.31514898327
gly-gly,20.0,180.0,,-308921.8837219813
gly-gly,-20.0,-20.0,,-308918.24680486706
gly-gly,-20.0,20.0,,-308911.8614441493
gly-gly,20.0,-20.0,,-308918.59028020885
gly-gly,20.0,20.0,,-308908.5479828456
gly-gly,-20.0,-40.0,,-308913.3555389979
gly-gly,-20.0,40.0,,-308910.6860901454
gly-gly,20.0,-40.0,,-308921.50476995495
gly-gly,20.0,40.0,,-308912.7950531581
gly-gly,-20.0,-60.0,,-308905.8757568934
gly-gly,-20.0,60.0,,-308908.5593964198
gly-gly,20.0,-60.0,,-308913.41869512585
gly-gly,20.0,60.0,,-308915.04175725963
gly-gly,-20.0,-80.0,,-308912.68792120006
gly-gly,-20.0,80.0,,-308915.0908905604
gly-gly,20.0,-80.0,,-308909.92675176647
gly-gly,20.0,80.0,,-308916.2376648524
gly-gly,-40.0,0.0,,-308918.12096563366
gly-gly,40.0,0.0,,-308917.78586736706
gly-gly,-40.0,-100.0,,-308916.596780453
gly-gly,-40.0,100.0,,-308917.67286077526
gly-gly,40.0,-100.0,,-308916.8325592616
gly-gly,40.0,100.0,,-308913.6477142909
gly-gly,-40.0,-120.0,,-308918.33535162
gly-gly,-40.0,120.0,,-308915.65877691295
gly-gly,40.0,-120.0,,-308911.97614446667
gly-gly,40.0,120.0,,-308915.02707830456
gly-gly,-40.0,-140.0,,-308915.69616094616
gly-gly,-40.0,140.0,,-308917.6073700526
gly-gly,40.0,-140.0,,-308919.07212224987
gly-gly,40.0,140.0,,-308915.2177216151
gly-gly,-40.0,-160.0,,-308914.28841558483
gly-gly,-40.0,160.0,,-308914.0951325038
gly-gly,40.0,-160.0,,-308917.1914917567
gly-gly,40.0,160.0,,-308918.0302216151
gly-gly,-40.0,-180.0,,-308917.26117864635
gly-gly,-40.0,180.0,,-308917.6971069911
gly-gly,40.0,-180.0,,-308916.6666962245
gly-gly,40.0,180.0,,-308918.6099945643
gly-gly,-40.0,-20.0,,-308914.58291021374
gly-gly,-40.0,20.0,,-308914.9077240565
gly-gly,40.0,-20.0,,-308916.3507019618
gly-gly,40.0,20.0,,-308915.1430908778
gly-gly,-40.0,-40.0,,-308916.4543701747
gly-gly,-40.0,40.0,,-308916.34824529674
gly-gly,40.0,-40.0,,-308917.91143194225
gly-gly,40.0,40.0,,-308919.4816376307
gly-gly,-40.0,-60.0,,-308914.98230901745
gly-gly,-40.0,60.0,,-308914.7736298182
gly-gly,40.0,-60.0,,-308917.71140447643
gly-gly,40.0,60.0,,-308917.0838257411
gly-gly,-40.0,-80.0,,-308916.23647466686
gly-gly,-40.0,80.0,,-308914.8496948817
gly-gly,40.0,-80.0,,-308916.35396734264
gly-gly,40.0,80.0,,-308920.24317327526
gly-gly,-60.0,0.0,,-308915.86176458385
gly-gly,60.0,0.0,,-308917.06936040905
gly-gly,-60.0,-100.0,,-308915.853219662
gly-gly,-60.0,100.0,,-308912.3796631434
gly-gly,60.0,-100.0,,-308916.2816559413
gly-gly,60.0,100.0,,-308916.9600311854
gly-gly,-60.0,-120.0,,-308910.76986089733
gly-gly,-60.0,120.0,,-308913.83626714733
gly-gly,60.0,-120.0,,-308914.685464535
gly-gly,60.0,120.0,,-308916.40168157604
gly-gly,-60.0,-140.0,,-308917.5557800868
gly-gly,-60.0,140.0,,-308917.9810883143
gly-gly,60.0,-140.0,,-308914.37850347545
gly-gly,60.0,140.0,,-308919.125787411
gly-gly,-60.0,-160.0,,-308915.63160100963
gly-gly,-60.0,160.0,,-308917.7027985194
gly-gly,60.0,-160.0,,-308914.9451386073
gly-gly,60.0,160.0,,-308914.9169098475
gly-gly,-60.0,-180.0,,-308917.4934174159
gly-gly,-60.0,180.0,,-308917.72030035045
gly-gly,60.0,-180.0,,-308917.6745850184
gly-gly,60.0,180.0,,-308917.96544805553
gly-gly,-60.0,-20.0,,-308908.66158453014
gly-gly,-60.0,20.0,,-308914.7333160975
gly-gly,60.0,-20.0,,-308905.4229828456
gly-gly,60.0,20.0,,-308915.7911469081
gly-gly,-60.0,-40.0,,-308916.85202947643
gly-gly,-60.0,40.0,,-308918.50937810924
gly-gly,60.0,-40.0,,-308916.7105957606
gly-gly,60.0,40.0,,-308918.0084473231
gly-gly,-60.0,-60.0,,-308916.16689458874
gly-gly,-60.0,60.0,,-308916.5664764979
gly-gly,60.0,-60.0,,-308916.19045415905
gly-gly,60.0,60.0,,-308915.759469662
gly-gly,-60.0,-80.0,,-308916.76539007213
gly-gly,-60.0,80.0,,-308916.8472076991
gly-gly,60.0,-80.0,,-308917.02568975475
gly-gly,60.0,80.0,,-308913.56392828014
gly-gly,-80.0,0.0,,-308917.01049200085
gly-gly,80.0,0.0,,-308921.18152776745
gly-gly,-80.0,-100.0,,-308915.0217224696
gly-gly,-80.0,100.0,,-308917.43651739147
gly-gly,80.0,-100.0,,-308918.74471441295
gly-gly,80.0,100.0,,-308919.1543671229
gly-gly,-80.0,-120.0,,-308917.5588318446
gly-gly,-80.0,120.0,,-308913.79367986706
gly-gly,80.0,-120.0,,-308918.3536469081
gly-gly,80.0,120.0,,-308916.9230896571
gly-gly,-80.0,-140.0,,-308919.51813665417
gly-gly,-80.0,140.0,,-308914.9113556483
gly-gly,80.0,-140.0,,-308916.91381231335
gly-gly,80.0,140.0,,-308915.19226995495
gly-gly,-80.0,-160.0,,-308916.3635498622
gly-gly,-80.0,160.0,,-308915.4331146815
gly-gly,80.0,-160.0,,-308912.21082464245
gly-gly,80.0,160.0,,-308912.16547552135
gly-gly,-80.0,-180.0,,-308916.46000066784
gly-gly,-80.0,180.0,,-308919.9191681483
gly-gly,80.0,-180.0,,-308914.1453339198
gly-gly,80.0,180.0,,-308914.98259893444
gly-gly,-80.0,-20.0,,-308919.2820526698
gly-gly,-80.0,20.0,,-308913.2063080409
gly-gly,80.0,-20.0,,-308917.5376373866
gly-gly,80.0,20.0,,-308915.1890961268
gly-gly,-80.0,-40.0,,-308920.4500214198
gly-gly,-80.0,40.0,,-308915.7201019862
gly-gly,80.0,-40.0,,-308915.8601318934
gly-gly,80.0,40.0,,-308914.8934876063
gly-gly,-80.0,-60.0,,-308916.19590154674
gly-gly,-80.0,60.0,,-308917.00432745006
gly-gly,80.0,-60.0,,-308913.09864202526
gly-gly,80.0,60.0,,-308912.9367767909
gly-gly,-80.0,-80.0,,-308914.80121770885
gly-gly,-80.0,80.0,,-308920.79268804577
gly-gly,80.0,-80.0,,-308915.5753876307
gly-gly,80.0,80.0,,-308915.96447149303
sucrose,,,0.0,-814099.6536772514
sucrose,,,-100.0,-813371.9774687553
sucrose,,,100.0,-813863.1775114799
sucrose,,,-120.0,-813389.7683928276
sucrose,,,120.0,-813763.3710882927
sucrose,,,-140.0,-813387.1000273491
sucrose,,,140.0,-813872.5068266655
sucrose,,,-160.0,-813753.019144323
sucrose,,,160.0,-813568.2894499565
sucrose,,,-180.0,-813565.9653227592
sucrose,,,180.0,-813564.0672514702
sucrose,,,-20.0,-814058.5579436088
sucrose,,,20.0,-814082.844900396
sucrose,,,-40.0,-813633.8414824272
sucrose,,,40.0,-813993.8369200493
sucrose,,,-60.0,-813153.6620085503
sucrose,,,60.0,-813959.4276640678
sucrose,,,-80.0,-813324.8372710014
sucrose,,,80.0,-813995.9408018852
