name,point,bond,length,energy,ani2_energy,BAND_energy,bobrfr_energy,bobkrr_energy,bobbrr_energy,mmff_energy,gaff_energy
C6H6-C,1,CC,0.9846,-6259.129632672544,-6260.3025691954945,-1012.032470703125,-6325.68414377225,-6320.09692053709,-6318.32426321755,967.9733912443103,3420.359315035404
C6H6-C,2,CC,1.0846,-6290.9199381662975,-6289.0224121198025,-1110.4476318359377,-6322.702226680548,-6320.702054576874,-6317.652786810299,458.86204703192635,1548.9545077473065
C6H6-C,3,CC,1.1846,-6307.793559665541,-6307.997540563835,-1222.9683837890625,-6316.9793482643045,-6320.226570800305,-6317.045847477507,181.2769415762756,641.7008656986912
C6H6-C,4,CC,1.2846,-6315.569916902109,-6315.675316810711,-1319.632568359375,-6316.373402704877,-6319.117238409042,-6316.485921616186,53.06757633315804,178.6850047041766
C6H6-C,5,CC,1.3846,-6317.796290384941,-6317.90965046115,-1372.7620849609375,-6316.399086004198,-6317.632462626458,-6315.967470882976,16.57567546437426,19.456137364738208
C6H6-C,6,CC,1.4846,-6316.6767013488525,-6316.746184546644,-1344.743408203125,-6314.437331105022,-6315.957168948078,-6315.490898554758,32.53447620514042,121.92971572713977
C6H6-C,7,CC,1.5846,-6313.59679216075,-6313.406461888148,-1295.9119873046875,-6311.968628754206,-6314.186246522714,-6315.048977683023,77.48163424056065,472.3855686469848
C6H6-C,8,CC,1.6846,-6309.434617616517,-6309.230874050643,-1267.739013671875,-6311.25368789625,-6312.390372390366,-6314.644770291812,142.6200145838287,1066.0262428522735
C6H6-C,9,CC,1.7846,-6304.751019056186,-6303.7349994578735,-1216.769287109375,-6310.998192204133,-6310.588451718521,-6314.264792070446,233.2993412853513,1901.0884798813934
C6H6-C,10,CC,1.8846,-6299.902597871241,-6296.6706909591285,-1142.380126953125,-6310.604903924396,-6308.827663085747,-6313.913577251448,368.74121492989286,2976.8951563127616
C6H6-C,11,CC,1.9846,-6295.117453224749,-6291.418234995052,,-6310.001817531841,-6307.137253058624,-6313.5847678641985,619.286969771032,6757.1851555425155
C6H6-C,12,CC,2.0846,-6290.548359900592,-6289.39825774873,,-6308.931060568468,-6305.4966426422125,-6313.270523779825,465.54667539584136,3690.5520924327197
C6H6-C,13,CC,2.1846,-6286.2794650253345,-6288.603179974897,,-6305.399884772674,-6303.891026897526,-6312.987146984358,354.46527474555967,2062.62670905042
C6H6-C,14,CC,2.2846,-6282.356353927547,-6287.133750854525,,-6305.401661737164,-6302.3761092453005,-6312.716245064781,273.0367145195208,1175.3059332246123
C6H6-C,15,CC,2.3846,-6278.804252649634,-6284.730050285515,,-6305.441414857384,-6300.936539779473,-6312.463650067474,212.5487601859128,680.2644993244941
C6H6-C,16,CC,2.4846,-6275.62597185555,-6282.8828227375125,,-6305.092812211487,-6299.565765919687,-6312.2257955316345,167.06715243794457,398.33989152400267
C6H6-C,17,CC,2.5846,-6272.813412348653,-6280.0100709497765,,-6304.032089483825,-6298.240509786415,-6311.998835593492,132.53682449631322,235.02680913168876
C6H6-C,18,CC,2.6846,-6270.342692873194,-6279.795555039391,,-6301.416045162066,-6296.975070277787,-6311.789013807524,106.08007015096149,138.98500581492908
C6H6-C,19,CC,2.7846,-6268.18656149916,-6281.743572302375,,-6300.98837936108,-6295.760650068093,-6311.586035201978,85.66472752737951,81.82940580955491
C6H6-C,20,CC,2.8846,-6266.309909825445,-6281.576024120197,,-6300.286733637165,-6294.613740899182,-6311.393225718872,69.82169579570407,47.52389480736499
C6H6-C,21,CC,2.9846,-6264.673630193683,-6278.215942009624,,-6300.2865284408945,-6293.525701150227,-6311.214465258621,57.474036301497144,26.83213832178145
C6H6-C,22,CC,3.0846,-6263.238672633645,-6272.7225830238185,,-6298.509001812844,-6292.473862785817,-6311.041016000321,47.81920087972407,14.34111569903459
C6H6-C,23,CC,3.1846,-6261.971164141103,-6267.943971069297,,-6297.84167128554,-6291.471356917477,-6310.878841799019,40.247143668249095,6.841997301501582
C6H6-C,24,CC,3.2846,-6260.842731132758,-6264.484546001586,,-6297.731099338811,-6290.509217539216,-6310.721958176453,34.290007806531165,2.398073038536248
C6H6-C,25,CC,3.3846,-6259.835629336529,-6260.750039069113,,-6297.590512329704,-6289.585628094102,-6310.575586958774,29.583495316200477,-0.16138187926855585
C6H6-C,26,CC,3.4846,-6258.934830992906,-6257.242780164798,,-6297.590205039798,-6288.706414539718,-6310.43363315709,25.844407496183987,-1.5600094773252375
C6H6-C,27,CC,3.5846,-6258.122360260932,-6252.33236727341,,-6297.59093914024,-6287.874937506389,-6310.296587718534,22.852881479192,-2.255818223404173
C6H6-C,28,CC,3.6846,-6257.386648492358,-6245.489131320222,,-6297.59093914024,-6287.0566953878415,-6310.16739146033,20.43625778434213,-2.5207500808857666
C6H6-C,29,CC,3.7846,-6256.721545097827,-6238.710272847113,,-6295.867035142129,-6286.2699575566285,-6310.043601004566,18.46169499629802,-2.5279121898744994
C6H6-C,30,CC,3.8846,-6256.120850779596,-6235.078910665927,,-6295.906435932842,-6285.527297181798,-6309.923959825923,16.827851638219535,-2.3920333613083278
C6H6-C,31,CC,3.9846,-6255.577885686863,-6236.719268061908,,-6295.911322786125,-6284.830764377594,-6309.81271509852,15.45635541128552,-2.1714351754782286
C6H6-C,32,CC,4.0846,-6255.087047267559,-6243.075608368381,,-6295.576586183666,-6284.1283277633665,-6309.703029320485,14.28938357963059,-1.921071160949044
C6H6-C,33,CC,4.1846,-6254.643272843495,-6250.532029601177,,-6295.232558118882,-6283.473303285027,-6309.601413284855,13.281719841960289,-1.6535728789587858
C6H6-C,34,CC,4.2846,-6254.242285873398,-6253.816117998871,,-6295.232558118882,-6282.828438550091,-6309.500036093783,12.400603935845757,-1.3937726865979383
C6H6-C,35,CC,4.3846,-6253.8790051753385,-6251.279017274126,,-6295.230399645598,-6282.232101836014,-6309.406005786537,11.620377431197676,-1.144547804202506
C6H6-C,36,CC,4.4846,-6253.549673401265,-6248.204812566645,,-6295.230399645597,-6281.646145447254,-6309.311139453672,10.92262070169661,-0.9119030914427722
C6H6-C,37,CC,4.5846,-6253.2507669489305,-6250.5865133336865,,-6295.247868779079,-6281.062965795517,-6309.221630997056,10.29294807875378,-0.7049896596662735
C6H6-C,38,CC,4.6846,-6252.978355677992,-6257.553314084373,,-6285.235619421161,-6280.519867174911,-6309.134873124075,9.719868411742114,-0.5110779062645634
C6H6-C,39,CC,4.7846,-6252.729600624649,-6266.41950351778,,-6285.235619421161,-6279.983930978775,-6309.052877293763,9.195196325798564,-0.33927978648724494
C6H6-C,40,CC,4.8846,-6252.501864189342,-6274.298715400752,,-6285.235619421161,-6279.476255218316,-6308.972804978953,8.712228089532449,-0.1884532677395825
C6H6-C,41,CC,4.9846,-6252.292892453053,-6278.436196293601,,-6274.874198616094,-6278.983942339325,-6308.8968625068255,8.265472376314117,-0.04745211563869192
C6H6-C,42,CC,5.0846,-6252.099837200109,-6279.336258082612,,-6274.874198616094,-6278.495716713429,-6308.821136047206,7.85092653714137,0.07218490791610294
C6H6-C,43,CC,5.1846,-6251.920575398244,-6279.341237394913,,-6274.874198616094,-6278.0433291606905,-6308.749811068327,7.4649058843669645,0.18493142748472985
C6H6-C,44,CC,5.2846,-6251.753555998517,-6279.3411952248425,,-6243.796031392041,-6277.592667337037,-6308.681238449842,7.10465928587521,0.28241945930730444
C6H6-C,45,CC,5.3846,-6251.597691633975,-6279.3433329230875,,-6222.933142128598,-6277.158276673317,-6308.611634781068,6.767723537272963,0.3659430263109197
C6H6-H,1,CH,0.6804487710327648,-6273.901410055158,-6274.155512325296,-1166.7752685546875,-6325.023458659608,-6314.039728230858,-6313.640296398661,842.7217402101221,1458.7196959861428
C6H6-H,2,CH,0.7804465708810565,-6298.354977557907,-6298.417574821756,-1188.34521484375,-6319.494491208314,-6315.688020088006,-6314.569921762739,407.4045000200805,836.7253444261643
C6H6-H,3,CH,0.8804443707583121,-6310.7712111897645,-6310.862265035153,-1229.0394287109375,-6316.481672042546,-6316.6999720523845,-6315.220097091043,162.75398799835753,390.24584254842927
C6H6-H,4,CH,0.9804921723297948,-6316.28022276103,-6316.3829932733315,-1338.080810546875,-6316.190210828196,-6317.294959324168,-6315.662475776003,48.29234144504052,118.01918493169727
C6H6-H,5,CH,1.0804899721885437,-6317.7962906570565,-6317.90965046115,-1372.7620849609375,-6316.399086004195,-6317.632462626458,-6315.967470882976,16.57567546437426,19.456137364738208
C6H6-H,6,CH,1.180487772067123,-6317.019101390594,-6317.1318673838205,-1350.7396240234375,-6313.64008759167,-6317.799520987034,-6316.174354704365,33.06996720775836,94.24513309290826
C6H6-H,7,CH,1.2804355704212529,-6314.95549090264,-6315.0693116447,-1309.7349853515625,-6311.473307180394,-6317.849735810757,-6316.304357785616,76.11912463929525,342.162014117601
C6H6-H,8,CH,1.3804833718665357,-6312.206940192568,-6312.312027899346,-1256.15234375,-6309.466281767687,-6317.827612742424,-6316.393506227586,136.98292957638242,763.3659859560718
C6H6-H,9,CH,1.480517774293845,-6309.1406007779615,-6309.225207041791,-1203.6331787109375,-6308.256003970228,-6317.741313312817,-6316.430541714304,219.69066728475516,1357.4673541981792
C6H6-H,10,CH,1.58056557282512,-6305.978362455936,-6306.050417792949,-721.0477905273438,-6307.906335523729,-6317.620019211483,-6316.441854955744,6.658860703821622,8772.057988048442
C6H6-H,11,CH,1.6805633728009188,-6302.8572299242815,-6302.7301847781155,-721.992919921875,-6307.253608906903,-6317.486476326275,-6316.440477436482,6.658860703821622,4174.750379236878
C6H6-H,12,CH,1.7805111737925152,-6299.854459026289,-6299.493977252873,-735.5145263671875,-6304.816101444901,-6317.322921325494,-6316.410573833406,6.658860703821622,2069.7136803629896
C6H6-H,13,CH,1.8805589727525165,-6297.013830975714,-6296.453174485954,-749.0032958984375,-6303.307500608118,-6317.152917547608,-6316.375796141578,6.658860703821622,1063.9559650725523
C6H6-H,14,CH,1.980506773530452,-6294.3598463594235,-6293.565825365742,-764.9752197265625,-6302.654739835267,-6316.9841853595735,-6316.333003033304,6.658860703821622,565.9491495576116
C6H6-H,15,CH,2.0805045734148244,-6291.898732502887,-6290.817763992032,-774.24072265625,-6302.6547398352695,-6316.800271945764,-6316.275829353574,6.658860703821622,311.00196246573637
C6H6-H,16,CH,2.1805023733075832,-6289.634722681277,-6288.398162062176,-779.2962036132812,-6302.590368939817,-6316.623183595849,-6316.220153447298,6.658860703821622,176.95778727359138
C6H6-H,17,CH,2.2805001732076238,-6287.564756974344,-6286.307768905911,-780.5523071289062,-6301.155708753339,-6316.450091671181,-6316.160857441592,6.658860703821622,104.77922102536915
C6H6-H,18,CH,2.3805479726315117,-6285.681784640111,-6284.485548210368,-780.5523071289062,-6299.115789827132,-6316.273963501359,-6316.09947364607,6.658860703821622,65.1689291554961
C6H6-H,19,CH,2.480545772607311,-6283.977711924204,-6283.030791031059,-780.5523071289062,-6296.13591810875,-6316.104323034858,-6316.036212706147,6.658860703821622,43.1357221151894
C6H6-H,20,CH,2.580493572942975,-6282.443589002082,-6281.707439038714,-780.5523071289062,-6295.226708999019,-6315.93483827324,-6315.967996315029,6.658860703821622,30.75880032433821
C6H6-H,21,CH,2.6804913728643114,-6281.068174306355,-6280.41948071185,-780.5523071289062,-6295.221273510983,-6315.773346362114,-6315.904971227082,6.658860703821622,23.791073965919555
C6H6-H,22,CH,2.7804891727895646,-6279.842235558301,-6279.052485939249,-780.5523071289062,-6294.8826368351665,-6315.614851769925,-6315.839466161275,6.658860703821622,19.891887739070718
C6H6-H,23,CH,2.8805369725105074,-6278.756715176291,-6277.6363565455285,-780.5523071289062,-6293.2231357920255,-6315.4609764225,-6315.776064106794,6.658860703821622,17.752360871346763
C6H6-H,24,CH,2.9805347724863065,-6277.805318622739,-6276.590678255424,-780.5523071289062,-6292.883077617162,-6315.311175352765,-6315.711268217289,6.658860703821622,16.62858137711485
C6H6-H,25,CH,3.0804825725850167,-6276.980557052365,-6276.02134660643,-780.5523071289062,-6292.798636654043,-6315.167161314393,-6315.648135587723,6.658860703821622,16.089642329544187
C6H6-H,26,CH,3.1804803725223647,-6276.276005312927,-6275.866903584964,-780.5523071289062,-6292.804422749535,-6315.025158464051,-6315.586021883088,6.658860703821622,15.885534465776908
C6H6-H,27,CH,3.280478172462057,-6275.683030320407,-6276.136853676399,-780.3690185546875,-6292.766144020359,-6314.893574865246,-6315.528269366068,6.658860703821622,15.869373313933492
C6H6-H,28,CH,3.380525972389504,-6275.193302397726,-6276.917519017298,-780.3690185546875,-6292.7324321807155,-6314.759733545685,-6315.467103301585,6.658860703821622,15.954823349988176
C6H6-H,29,CH,3.480523772365303,-6274.795762838001,-6278.260596871599,-780.3690185546875,-6291.4152046975505,-6314.636129821969,-6315.410538857712,6.658860703821622,16.091000463055533
C6H6-H,30,CH,3.5804715722932365,-6274.476045118381,-6279.868405460009,-780.3690185546875,-6291.335213878897,-6314.511578893567,-6315.352177024818,6.658860703821622,16.248370772585044
C6H6-H,31,CH,3.680469372240448,-6274.219920133508,-6281.438526979812,-780.3690185546875,-6291.366451294289,-6314.38840335827,-6315.292442425835,6.658860703821622,16.409948345271257
C6H6-H,32,CH,3.780467172189173,-6274.013850219322,-6283.029636219868,-780.3690185546875,-6291.3664512942905,-6314.2743495338445,-6315.23975837176,6.658860703821622,16.566425623627676
C6H6-H,33,CH,3.8805149722684997,-6273.846362239542,-6284.6926227250415,-780.0023803710938,-6291.035843577418,-6314.16361741352,-6315.187311435465,6.658860703821622,16.712982750352694
C6H6-H,34,CH,3.9805127722443,-6273.708147451457,-6286.191901768407,-780.0023803710938,-6290.661959220066,-6314.05554525156,-6315.1343049175675,6.658860703821622,16.84733753787359
C6H6-H,35,CH,4.0804605720433065,-6273.591719730926,-6287.257078850849,-780.0023803710938,-6290.661959220063,-6313.947187630653,-6315.082156651602,6.658860703821622,16.968979812481177
C6H6-H,36,CH,4.180508372195899,-6273.491608501101,-6287.939744189201,-780.0023803710938,-6290.658379583253,-6313.845849704742,-6315.0317599648315,6.658860703821622,17.078157298375373
C6H6-H,37,CH,4.28045617195177,-6273.403461300939,-6288.459847145375,-780.0023803710938,-6290.671020885928,-6313.748975318718,-6314.985059920141,6.658860703821622,17.175591763422275
C6H6-H,38,CH,4.380453971907478,-6273.3242307274295,-6288.994709626611,-780.0023803710938,-6290.671020885928,-6313.654942546748,-6314.937725061012,6.658860703821622,17.262285702357225
C6H6-H,39,CH,4.480501772123295,-6273.252196476811,-6289.601146072837,-780.0023803710938,-6290.547098896017,-6313.561156307507,-6314.8913236866565,6.658860703821622,17.33922384609346
C6H6-H,40,CH,4.580449571821526,-6273.18619145278,-6290.309867649659,-780.0023803710938,-6290.54709889602,-6313.471210788632,-6314.845574597335,6.658860703821622,17.40744309292846
C6H6-H,41,CH,4.680497372074894,-6273.12483032372,-6291.046003016872,-779.8190307617188,-6290.54709889602,-6313.384223662472,-6314.80128553544,6.658860703821622,17.46791067662969
C6H6-H,42,CH,4.780445171738716,-6273.066980279673,-6291.632171877917,-779.8190307617188,-6290.547098896018,-6313.302258018685,-6314.760671197169,6.658860703821622,17.521508850920995
C6H6-H,43,CH,4.880442971698368,-6273.0119074295835,-6291.9929887420985,-779.8190307617188,-6290.547098896018,-6313.219552776718,-6314.718294613923,6.658860703821622,17.569068454638117
C6H6-H,44,CH,4.980490772002294,-6272.958930944599,-6292.152125616916,-779.8190307617188,-6290.549099104753,-6313.140649328899,-6314.677372170051,6.658860703821622,17.611284327900535
C6H6-H,45,CH,5.08043857161958,-6272.908288924337,-6292.185697859689,-779.8190307617188,-6290.549099104752,-6313.062394651412,-6314.637455638958,6.658860703821622,17.648803334269623
CH3OH,1,OC,1.0062,-3140.223112315517,-3140.6289210110162,-429.03253173828125,-3922.2778472020836,-3142.025315514183,-3141.7887321972853,136.35931696568667,243.86234864177425
CH3OH,2,OC,1.1062,-3144.400183188266,-3144.509482972778,-453.7724304199219,-3922.278753475854,-3143.0873136219975,-3142.020417959107,65.13099873267473,146.20427988624056
CH3OH,3,OC,1.2062,-3146.549131028761,-3146.6029152125707,-481.9469604492188,-3942.983933861247,-3143.469296618271,-3142.1936396056904,24.99338221182673,74.87146916162419
CH3OH,4,OC,1.3062,-3147.507850710258,-3147.559760127572,-502.32611083984375,-3953.9102018510544,-3143.4425932313916,-3142.330222319944,6.205903032097204,29.862318174168948
CH3OH,5,OC,1.4062,-3147.7711214048445,-3147.823689798216,-506.98822021484375,-3933.771788904476,-3143.157238088417,-3142.4386682255677,1.0776572810097858,11.175286265965688
CH3OH,6,OC,1.5062,-3147.633735203435,-3147.687413321747,-505.87152099609375,-3943.141132193024,-3142.713634885979,-3142.5201021219286,3.9640119812170576,18.808910985638388
CH3OH,7,OC,1.6062,-3147.274611860782,-3147.332792125541,-502.0545959472656,-3953.482710829708,-3142.1690959952352,-3142.588149492146,11.263641571732164,52.76181858671156
CH3OH,8,OC,1.7062,-3146.801892686441,-3146.864917715377,-498.66357421875,-3951.8179270018363,-3141.5757695755005,-3142.6389590126437,21.415985717508107,113.03272796180251
CH3OH,9,OC,1.8062,-3146.280604455152,-3146.3524092748494,-496.5112609863281,-3951.809894265403,-3140.943309329319,-3142.6829767903373,34.89919216265923,199.62045039004553
CH3OH,10,OC,1.9062,-3145.7455480793697,-3145.839363216593,,-3951.170072578835,-3140.313534992313,-3142.7135466244226,113.47045935297304,1389.0649916852976
CH3OH,11,OC,2.0062,-3145.2208208732372,-3145.1675826224937,,-3956.1788099024043,-3139.6812434264184,-3142.7394051890237,87.1136986562364,740.6886660738597
CH3OH,12,OC,2.1062,-3144.716742482424,-3144.013104533953,,-3955.6605902211027,-3139.055089227867,-3142.7602094300023,68.15400352288208,404.83376270828575
CH3OH,13,OC,2.2062,-3144.2408512769275,-3142.751292867926,,-3955.6605902211018,-3138.436434814358,-3142.777137945856,54.321508463789634,225.85379604222985
CH3OH,14,OC,2.3062,-3143.7967451460804,-3141.648427905914,,-3960.648902766663,-3137.8468453117366,-3142.789725421549,44.10224302475745,128.0739408666672
CH3OH,15,OC,2.4062,-3143.384459464683,-3140.8880285282703,,-3960.6489027666644,-3137.2767578453067,-3142.7993213308337,36.468423316506026,73.4928256303639
CH3OH,16,OC,2.5062,-3143.003669873026,-3140.472272981385,,-3960.640186206112,-3136.722863686371,-3142.805447314749,30.71087654175464,42.46277644620719
CH3OH,17,OC,2.6062,-3142.653031856573,-3140.1906677309307,,-3973.698047132787,-3136.1907941614154,-3142.8107445224778,26.33267822471857,24.554311900871674
CH3OH,18,OC,2.7062,-3142.329638150947,-3139.978193014202,,-3973.6980471327847,-3135.6754369602204,-3142.814627959229,22.980303360641688,14.097898969763875
CH3OH,19,OC,2.8062,-3142.0310775553166,-3139.831846646485,,-3973.698047132786,-3135.1885478012086,-3142.814954918358,20.39832675982148,7.944697660211616
CH3OH,20,OC,2.9062,-3141.7552610516527,-3139.730123513189,,-3967.6874708347964,-3134.7142058604245,-3142.8168707107448,18.399279881180213,4.311801246508811
CH3OH,21,OC,3.0062,-3141.500200304049,-3139.670412313727,,-3965.3595356039796,-3134.2633234548575,-3142.8155512036483,16.843476753867144,2.172170188951136
CH3OH,22,OC,3.1062,-3141.2638854796082,-3139.658557657829,,-3970.3292750114106,-3133.829438831997,-3142.815838256563,15.625475974136885,0.9250989768414652
CH3OH,23,OC,3.2062,-3141.044932879397,-3139.656096385381,,-3970.3292750114106,-3133.4115139593127,-3142.8142504766247,14.664948262480516,0.21455018753618185
CH3OH,24,OC,3.3062,-3140.842095677754,-3139.6384417227123,,-3970.329275011409,-3133.0119233362198,-3142.812186281933,13.900421446543923,-0.1728871319329709
CH3OH,25,OC,3.4062,-3140.6545727715034,-3139.616863621459,,-3970.331746316245,-3132.6321591344836,-3142.808715617463,13.284865843284676,-0.366306840292004
CH3OH,26,OC,3.5062,-3140.481804422455,-3139.589686632237,,-3970.331746316245,-3132.2613739141466,-3142.8062130798926,12.782446338463386,-0.4443330371712391
CH3OH,27,OC,3.6062,-3140.322933744093,-3139.5534163158445,,-3970.331746316245,-3131.9112974428176,-3142.8021635039972,12.366031464435887,-0.4550512698018092
CH3OH,28,OC,3.7062,-3140.17746412864,-3139.529822971747,,-3963.9751161651848,-3131.566177576828,-3142.799405046146,12.015226492177725,-0.4278985969782563
CH3OH,29,OC,3.8062,-3140.0449082201903,-3139.538400526503,,-3963.9751161651848,-3131.2422595252992,-3142.794976669738,11.714802110254267,-0.3808399656021437
CH3OH,30,OC,3.9062,-3139.9245147124034,-3139.5750155021337,,-3963.9751161651848,-3130.9307459625243,-3142.791081489181,11.45344339617936,-0.3247446923989764
CH3OH,31,OC,4.0062,-3139.8155320268224,-3139.625351970295,,-3963.9751161651848,-3130.6232547758104,-3142.7873910700296,11.222766462689057,-0.26607960483028825
CH3OH,32,OC,4.1062,-3139.7170542964404,-3139.673150124529,,-3963.9751161651848,-3130.3413640664107,-3142.782248427745,11.016558520675757,-0.20857895199048776
CH3OH,33,OC,4.2062,-3139.6280292569973,-3139.702392636297,,-3963.9751161651848,-3130.0514805065154,-3142.7792382608013,10.830200842905011,-0.1542861571097316
CH3OH,34,OC,4.3062,-3139.5475371636776,-3139.7103822429394,,-3963.9751161651857,-3129.7883003335,-3142.774357136805,10.660237642399538,-0.10420654547441344
CH3OH,35,OC,4.4062,-3139.474651740935,-3139.7143835339643,,-3963.9751161651848,-3129.524030226326,-3142.7706612536745,10.504058381140617,-0.058717301108947184
CH3OH,36,OC,4.5062,-3139.4085231772137,-3139.728469148842,,-3963.9751161651857,-3129.271788321114,-3142.7657635901437,10.359666238212606,-0.017824948004360186
CH3OH,37,OC,4.6062,-3139.348407785362,-3139.748069311545,,-3952.337501982154,-3129.032846207714,-3142.7610384738805,10.225510762958155,0.018673420244634698
CH3OH,38,OC,4.7062,-3139.293648410429,-3139.762905878082,,-3945.9902291749054,-3128.7939300451276,-3142.757056792422,10.100367600740153,0.05108988876080378
CH3OH,39,OC,4.8062,-3139.243572114863,-3139.771463158766,,-3945.9902291749054,-3128.5758134593966,-3142.7519163227457,9.983252324438997,0.07978417243153946
CH3OH,40,OC,4.9062,-3139.1975222879423,-3139.7758318159913,,-3923.5513706016945,-3128.3504046951293,-3142.7483668559607,9.873358753994866,0.10512662565321312
CH3OH,41,OC,5.0062,-3139.155038240919,-3139.7774683391544,,-3923.5513706016945,-3128.1385033291813,-3142.7437108042463,9.770014746733596,0.12747679102262086
CH3OH,42,OC,5.1062,-3139.115682958949,-3139.7777100061035,,-3923.5513706016945,-3127.934491010475,-3142.7398844662953,9.672650401588603,0.14717171780724153
CH3OH,43,OC,5.2062,-3139.0790303117424,-3139.7777100061035,,-3923.5513706016945,-3127.736706886959,-3142.736005925055,9.580775066065065,0.16452035478667354
CH3OH,44,OC,5.3062,-3139.0447423338965,-3139.7777108170667,,-3923.5513706016945,-3127.5464744501114,-3142.731776243847,9.49396058372218,0.17980165133256373
CH3OH,45,OC,5.4062,-3139.0125169790367,-3139.7777108170667,,-3923.5513706016945,-3127.3564625951767,-3142.72784680346,9.41182897188825,0.19326485581329944
CH4,1,CH,0.6822,-1073.7721560423063,-1070.922439554713,-352.3944396972656,-2468.3891906176736,-1097.1315904413225,-1091.2372639518903,512.0426234329661,949.022295036165
CH4,2,CH,0.7822,-1089.3352415906281,-1088.3692800009349,-331.69036865234375,-2468.3891906176714,-1098.6104494384765,-1092.9785108755905,244.105228971241,542.5071182600925
CH4,3,CH,0.8822,-1097.341215024981,-1097.3880975208024,-398.5636291503906,-2468.3891906176727,-1099.6516479694367,-1094.3286193716733,92.55608109031144,249.02568824577637
CH4,4,CH,0.9822,-1100.9734483895916,-1100.9942243100425,-416.3192443847656,-2469.661014497952,-1100.4126944954874,-1095.3970863463899,20.83895947677539,68.47493498158931
CH4,5,CH,1.0822,-1102.0237822738195,-1102.0382193959313,-418.1061401367188,-3098.0690635163346,-1100.9894642963409,-1096.2673189705827,0.16713594790213232,0.9223270912831514
CH4,6,CH,1.1822,-1101.5506405066687,-1101.5501778103073,-403.2126770019531,-3243.6763430589535,-1101.4451346269607,-1097.0002947368632,9.395644279292943,46.34116494501345
CH4,7,CH,1.2822,-1100.1994523791648,-1099.7034501678804,-379.5280151367188,-3269.185322272387,-1101.8048258746146,-1097.60981084793,35.071966342488466,204.71883817297038
CH4,8,CH,1.3822,-1098.371540377782,-1097.4934002444068,-368.0644226074219,-3279.2288889900165,-1102.0957993686677,-1098.128175853562,71.44461594245729,476.18276694331666
CH4,9,CH,1.4822,-1096.3231715308225,-1095.7554073737035,-383.8929748535156,-3287.661501621913,-1102.3430976439477,-1098.5905855754884,120.37188471292644,860.3050187706099
CH4,10,CH,1.5822,-1094.216991824211,-1093.9119098496296,,-3316.572994992358,-1102.545280430317,-1098.9817240031052,0.0,5724.656865482151
CH4,11,CH,1.6822,-1092.155274704429,-1092.1716872363904,,-3480.055452885005,-1102.7197088218688,-1099.3339824593231,0.0,2717.3308254578546
CH4,12,CH,1.7822,-1090.1971839811952,-1090.6387313360374,,-3480.044293886879,-1102.8669796873091,-1099.6406239762575,0.0,1340.5664901812327
CH4,13,CH,1.8822,-1088.3724709502383,-1089.2517957963091,,-3479.0833365451094,-1102.9964353194237,-1099.9188066393472,0.0,683.6266423585217
CH4,14,CH,1.9822,-1086.6934204634547,-1087.0491832137322,,-3476.467928462523,-1103.1089969720842,-1100.1675680246092,0.0,358.54434217716283
CH4,15,CH,2.0822,-1085.158994950732,-1082.7973095139605,,-3476.470827659503,-1103.2087778491975,-1100.3944833642124,0.0,192.36118489617348
CH4,16,CH,2.1822,-1083.7623395920616,-1076.5660277986742,,-3475.3671203424688,-1103.2952978607177,-1100.5957443487898,0.0,104.99250024826016
CH4,17,CH,2.2822,-1082.4918500922895,-1069.7487848288515,,-3474.4619373078976,-1103.3728518662456,-1100.7799300210604,0.0,57.999309754941336
CH4,18,CH,2.3822,-1081.3354279975088,-1065.6442128111105,,-3476.698865499333,-1103.4451378566741,-1100.9565404611612,0.0,32.17735890738239
CH4,19,CH,2.4822,-1080.2805680436054,-1065.3192664586047,,-3473.873026152597,-1103.5065374809267,-1101.1093800076367,0.0,17.774925441406427
CH4,20,CH,2.5822,-1079.3155979069622,-1066.5494680066327,,-3482.582948644033,-1103.5644986224174,-1101.2554913358229,0.0,9.640567577766566
CH4,21,CH,2.6822,-1078.428718458908,-1067.573107568548,,-3491.273150193088,-1103.6159461097718,-1101.3880438827182,0.0,5.016097718433296
CH4,22,CH,2.7822,-1077.610958922133,-1068.0767771722058,,-3519.426529481626,-1103.6623461639406,-1101.5106238820588,0.0,2.3813970985401527
CH4,23,CH,2.8822,-1076.8558138708136,-1068.3619993172624,,-3519.426529481626,-1103.7075524806976,-1101.6296698612357,0.0,0.8923441210291316
CH4,24,CH,2.9822,-1076.1565563784513,-1069.7698828400592,,-3519.426529481626,-1103.7479578969953,-1101.7388587029607,0.0,0.06603394798162787
CH4,25,CH,3.0822,-1075.5082372383333,-1071.7483436508874,,-3519.426529481627,-1103.7847561502456,-1101.8402318075377,0.0,-0.3745642551079917
CH4,26,CH,3.1822,-1074.907244683322,-1072.819242887662,,-3517.8258256881822,-1103.8186219615936,-1101.9339673980603,0.0,-0.5914380713703008
CH4,27,CH,3.2822,-1074.350214025656,-1072.8820016857603,,-3517.8258256881822,-1103.8505414619449,-1102.0232143488113,0.0,-0.6792276007692435
CH4,28,CH,3.3822,-1073.8345912047344,-1072.4686214492538,,-3517.8258256881822,-1103.8799696842193,-1102.1077112594933,0.0,-0.6941451609248616
CH4,29,CH,3.4822,-1073.3583187677336,-1072.1006713552692,,-3517.508571324491,-1103.9072439889906,-1102.1860351874152,0.0,-0.6693870743580165
CH4,30,CH,3.5822,-1072.9197700180553,-1071.732169806502,,-3517.508571324491,-1103.9325200811384,-1102.2600902872603,0.0,-0.6245352133731916
CH4,31,CH,3.6822,-1072.517030906875,-1071.6034440410117,,-3517.5085713244903,-1103.9563299523356,-1102.3298765590284,0.0,-0.5711127041570191
CH4,32,CH,3.7822,-1072.1479503742048,-1071.772085401199,,-3517.5085713244903,-1103.9779599552155,-1102.3954353867755,0.0,-0.5155878377275834
CH4,33,CH,3.8822,-1071.8104949132398,-1072.0181120866278,,-3517.508571324491,-1104.0001479005816,-1102.4613719651204,0.0,-0.4617117164104555
CH4,34,CH,3.9822,-1071.5029597307062,-1072.2972455221154,,-3517.5085713244903,-1104.0195461335184,-1102.5202352140598,0.0,-0.4112992441468013
CH4,35,CH,4.0822,-1071.2229809735854,-1072.6736328742722,,-3521.8486545625574,-1104.0385291534424,-1102.577675520307,0.0,-0.3652167932416828
CH4,36,CH,4.1822,-1070.9682886681358,-1072.7178692793823,,-3521.8486545625574,-1104.0560719032287,-1102.6322699411692,0.0,-0.3237240117116394
CH4,37,CH,4.2822,-1070.7368095789313,-1072.0252550479868,,-3521.8486545625574,-1104.072330087757,-1102.6835372646556,0.0,-0.2867075225251754
CH4,38,CH,4.3822,-1070.5264059795613,-1070.8590092793206,,-3521.8486545625574,-1104.0883806657794,-1102.7333816454495,0.0,-0.2538894765222557
CH4,39,CH,4.4822,-1070.3348253115723,-1070.589088382552,,-3521.8486545625574,-1104.1030039490702,-1102.7798989288676,0.0,-0.22492192702929534
CH4,40,CH,4.5822,-1070.1600735246673,-1072.6040392807224,,-3521.2945115635152,-1104.1174196258546,-1102.825474481585,0.0,-0.19940379999491326
CH4,41,CH,4.6822,-1070.0005111328971,-1076.7852472939708,,-3520.423327248763,-1104.1313681879997,-1102.86962709161,0.0,-0.17697891611247266
CH4,42,CH,4.7822,-1069.8543936143662,-1082.5304556789376,,-3520.423327248763,-1104.1437856521607,-1102.9099713922674,0.0,-0.15725842168203905
CH4,43,CH,4.8822,-1069.7199753587242,-1088.3485939588884,,-3520.423327248763,-1104.1564755998613,-1102.9512781169083,0.0,-0.1399390850397984
CH4,44,CH,4.9822,-1069.5958313057354,-1091.752552407036,,-3509.7267097873487,-1104.1672970890045,-1102.9871129834928,0.0,-0.124705398998507
CH4,45,CH,5.0822,-1069.4809151776444,-1092.451734627084,,-3422.100110465425,-1104.1788971025464,-1103.0250926107572,0.0,-0.1113008313100899
CO,1,OC,0.7271,-3051.034787690728,-3077.3795030322644,-179.05282592773438,-3568.607168472488,-3079.0202182466514,-3081.5917626951264,523.2741686013254,643.1862780527039
CO,2,OC,0.8271,-3069.1507300081676,-3077.006160845856,-175.56997680664062,-3568.607168472488,-3084.5790641098024,-3082.3150302525382,271.9582508020729,406.12028362070396
CO,3,OC,0.9271,-3077.8624867692456,-3079.1224944756373,-168.01434326171875,-3568.607168472488,-3087.505096161079,-3082.882298925019,120.22891081743649,223.31521718870388
CO,4,OC,1.0271,-3081.5241563217483,-3081.610710964064,-154.73760986328125,-3568.607168472488,-3088.951412838364,-3083.3417865497277,39.209637174606186,94.77107875670406
CO,5,OC,1.1271,-3082.49296380791,-3082.539700714185,-140.36636352539062,-3568.607168472488,-3089.5188403464317,-3083.7161838735656,5.429624824692394,20.487868324703985
CO,6,OC,1.2271,-3082.058837724645,-3082.114722642016,-127.35791015625,-3618.150465666438,-3089.5695352602006,-3084.033854330155,0.8237751427267582,0.4655858927040079
CO,7,OC,1.3271,-3080.935921824617,-3081.1017351286796,-118.59905242919922,-3618.150465666438,-3089.3075098983763,-3084.3004706062206,0.7505831994698773,15.806281239522033
CO,8,OC,1.4271,-3079.518454110205,-3079.8433087259727,-117.9894561767578,-3618.150465666438,-3088.864451663017,-3084.5273780752127,1.3960200604988622,0.17875716352200066
CO,9,OC,1.5271,-3078.018169633849,-3078.6706829093105,-117.39177703857422,-3618.150465666437,-3088.2984514496807,-3084.730176625625,8.249023137359645,9.797637087521963
CO,10,OC,1.6271,-3076.5465259566,-3077.6501602833605,-116.79701232910156,-3618.150465666438,-3087.6825607977867,-3084.9046117424123,18.770874532807397,44.66292101152196
CO,11,OC,1.7271,-3075.158285718757,-3076.995770788983,-116.20406341552734,-3618.150465666438,-3087.030559589195,-3085.0606106273444,32.859579958635244,104.774608935522
CO,12,OC,1.8271,-3073.8733086054685,-3076.806986326421,-115.60670471191406,-3618.1504656664383,-3086.377118110466,-3085.198173280422,52.849868735674235,190.13270085952183
CO,13,OC,1.9271,-3072.700656007962,-3076.5575803585243,,-3618.150465666437,-3085.7276730569843,-3085.3215542166854,0.0,955.2826882127048
CO,14,OC,2.0271,-3071.6395344422444,-3076.402711581529,,-3618.150465666438,-3085.0861689523704,-3085.433589779501,0.0,511.3215884065826
CO,15,OC,2.1271,-3070.691090868197,-3076.6959245496723,,-3618.150465666438,-3084.46774809618,-3085.534279968866,0.0,280.26560105129033
CO,16,OC,2.2271,-3069.8674389781045,-3077.2278898658938,,-3618.150465666437,-3083.876601544762,-3085.625042956463,0.0,156.65057422200962
CO,17,OC,2.3271,-3069.200791609585,-3077.6696643469572,,-3588.377861481654,-3083.302738234997,-3085.7087150856532,0.0,88.89956914459394
CO,18,OC,2.4271,-3068.7108250430583,-3078.114679841313,,-3606.6596858818516,-3082.7328194488523,-3085.7881326998013,0.0,50.981613491498614
CO,19,OC,2.5271,-3068.3537602416845,-3078.642206352017,,-3576.2548073317503,-3082.2139848386764,-3085.8576231121797,0.0,29.37978652544273
CO,20,OC,2.6271,-3068.0833022039646,-3079.2756851676195,,-3576.254807331751,-3081.6982383752825,-3085.9242771811964,0.0,16.89249933356193
CO,21,OC,2.7271,-3067.869780724096,-3079.983491978273,,-3576.2548073317503,-3081.2228973281867,-3085.9838403918066,0.0,9.592704023536283
CO,22,OC,2.8271,-3067.693875718693,-3080.702324843465,,-3576.2548073317503,-3080.757106180382,-3086.0405672590555,0.0,5.293623188122621
CO,23,OC,2.9271,-3067.545796531414,-3081.2669267539954,,-3576.2548073317503,-3080.302940996933,-3086.0944577829405,0.0,2.75439293187989
CO,24,OC,3.0271,-3067.420077483458,-3081.5833410670384,,-3576.2548073317503,-3079.887105164719,-3086.142675620101,0.0,1.258947344155407
CO,25,OC,3.1271,-3067.312437407616,-3081.7886879772773,,-3576.2548073317503,-3079.481234444809,-3086.1887661997407,0.0,0.3878687033830677
CO,26,OC,3.2271,-3067.219893663972,-3081.921859846952,,-3576.2548073317503,-3079.092569114113,-3086.2320204360167,0.0,-0.1077101260331124
CO,27,OC,3.3271,-3067.1409964299296,-3081.747143259454,,-3576.2548073317503,-3078.7226143198013,-3086.2724383289315,0.0,-0.3770890244090217
CO,28,OC,3.4271,-3067.0740550621376,-3081.003946584709,,-3576.2548073317503,-3078.3598089745524,-3086.3114380501643,0.0,-0.5106367621357544
CO,29,OC,3.5271,-3067.017610214015,-3080.4298559012163,,-3576.2548073317503,-3078.0247190979007,-3086.3468923421947,0.0,-0.5634152296704401
CO,30,OC,3.6271,-3066.970573430159,-3080.200528361401,,-3576.2548073317503,-3077.6984914239883,-3086.380928462543,0.0,-0.5691079020370486
CO,31,OC,3.7271,-3066.932058163645,-3080.1236075151696,,-3576.2548073317503,-3077.388444082165,-3086.41283732537,0.0,-0.548337094772693
CO,32,OC,3.8271,-3066.900788744743,-3080.1237830886407,,-3576.2548073317503,-3077.088413754273,-3086.4433280165163,0.0,-0.513687719258815
CO,33,OC,3.9271,-3066.8757741348077,-3080.1932483473097,,-3576.254807331751,-3076.7919257123945,-3086.4731096218215,0.0,-0.4727726849117823
CO,34,OC,4.0271,-3066.856108466832,-3080.3894371040305,,-3576.2548073317503,-3076.520622934818,-3086.5000548837647,0.0,-0.4301199427981541
CO,35,OC,4.1271,-3066.8409122688513,-3080.7122848872523,,-3576.2548073317503,-3076.2466212726595,-3086.5270001457066,0.0,-0.3883428122808633
CO,36,OC,4.2271,-3066.829557502097,-3081.1090581238063,,-3576.2548073317503,-3075.9988429073337,-3086.551109064287,0.0,-0.3488701240754661
CO,37,OC,4.3271,-3066.8211426533844,-3081.5802963067717,,-3576.2548073317503,-3075.749066329384,-3086.5752179828683,0.0,-0.3124036784592418
CO,38,OC,4.4271,-3066.8148622657145,-3082.0801727327635,,-3576.254807331751,-3075.512057551575,-3086.597908729767,0.0,-0.27920551246491304
CO,39,OC,4.5271,-3066.810285310749,-3082.4933398570856,,-3576.2548073317503,-3075.279927526665,-3086.619890390826,0.0,-0.2492782769810443
CO,40,OC,4.6271,-3066.807000080232,-3082.766094568728,,-3576.2548073317503,-3075.0539478445053,-3086.641162966044,0.0,-0.2224781467286055
CO,41,OC,4.7271,-3066.804572008344,-3082.880311751495,,-3555.0483492625626,-3074.848936419487,-3086.66030828374,0.0,-0.19858499778588726
CO,42,OC,4.8271,-3066.8026789122864,-3082.8872807613084,,-3555.0483492625626,-3074.6422771178245,-3086.6794536014363,0.0,-0.17734547161347744
CO,43,OC,4.9271,-3066.8011743948073,-3082.8575624677355,,-3555.0483492625626,-3074.442131470299,-3086.6978898332923,0.0,-0.15849884137292344
CO,44,OC,5.0271,-3066.8000002235417,-3082.8406724924107,,-3555.0483492625626,-3074.2484605506897,-3086.715616979307,0.0,-0.14179200216361398
CO,45,OC,5.1271,-3066.7990565327086,-3082.8386752174633,,-3555.0483492625626,-3074.0611086541176,-3086.7326350394815,0.0,-0.12698762707947864
H2,1,HH,0.3771,-25.080081615799198,-27.662572470691828,,-3154.679218130441,-52.70545302867891,-6.502280211561614,0.0,2894106377.1190085
H2,2,HH,0.47700000000000004,-29.22495842678197,-27.767642447939547,-89.84577941894531,-3154.6792181304413,-55.784945214366914,-10.466368805908953,0.0,812.5092486000003
H2,3,HH,0.5769,-31.020267923508644,-28.395350856918125,-106.99164581298828,-3154.6792181304413,-57.79068357381821,-13.048609615607043,0.0,572.8245991740004
H2,4,HH,0.6767,-31.677437838727922,-29.786491239362984,-103.23806762695312,-3154.679218130441,-59.21671969051363,-14.884094299257306,0.0,375.10146192600024
H2,5,HH,0.7766,-31.74998012590501,-30.73186902786645,-97.69904327392578,-3154.6792181304413,-60.26838937463761,-16.23802596704496,0.0,218.94359810400022
H2,6,HH,0.8765,-31.51577309534892,-30.346581965935265,-95.80818176269531,-3154.6792181304413,-61.08699480457306,-17.291859378570393,0.0,104.57004015000014
H2,7,HH,0.9764,-31.123279070640073,-29.376568745987147,-93.89868927001952,-3154.6792181304413,-61.73218392467499,-18.12236385520302,0.0,31.980788064000023
H2,8,HH,1.0763,-30.654346632642675,-28.769265583145646,,-3154.6792181304413,-62.26059438495636,-18.802819203704548,0.0,9853.806829406438
H2,9,HH,1.1762,-30.154675397751245,-28.481082207003265,,-3154.679218130442,-62.69706111373902,-19.36463105554427,0.0,3384.3962834571057
H2,10,HH,1.276,-29.650275912593532,-28.79314479167166,,-3154.6792181304413,-63.068391301155096,-19.84269455679918,0.0,1266.697530643197
H2,11,HH,1.3759,-29.155505720263452,-29.563810148862032,,-3154.6792181304413,-63.38573082151412,-20.250967765900096,0.0,508.512868875398
H2,12,HH,1.4758,-28.678476262530584,-29.649728425899177,,-3154.6792181304413,-63.656540533638,-20.59991922667011,0.0,216.71113970213932
H2,13,HH,1.5757,-28.223394691637484,-29.561594598177106,,-3154.694818549057,-63.89757168750763,-20.91048602675542,0.0,97.10180634683226
H2,14,HH,1.6756,-27.792154375755945,-29.52821577005985,,-3171.5068999003693,-64.10680011968613,-21.179178651548334,0.0,45.35648765615826
H2,15,HH,1.7755,-27.38586853264836,-29.480716455659298,,-3167.25221125541,-64.29076543512345,-21.416465644871934,0.0,21.911371670492038
H2,16,HH,1.8754,-27.00426232732572,-29.243340919871656,,-3167.252211255411,-64.45890075445176,-21.632815550549346,0.0,10.861397141515736
H2,17,HH,1.9752,-26.647024733656906,-28.570623866346512,,-3167.2243258178764,-64.60804007844925,-21.82473885397285,0.0,5.481067582488712
H2,18,HH,2.0751,-26.313437915304302,-27.692901267284185,,-3167.231683928466,-64.74203710289002,-21.997469827054008,0.0,2.7831582845193763
H2,19,HH,2.175,-26.002303754984155,-26.85383037721517,,-3177.279067446858,-64.86680861320495,-22.157987499008218,0.0,1.403013169373013
H2,20,HH,2.2749,-25.71242984980357,-26.10635896488729,,-3177.279067446858,-64.97914968395234,-22.30280235522777,0.0,0.6863781908864474
H2,21,HH,2.3748,-25.442428963352704,-25.439456312724978,,-3187.338590014872,-65.08100662612915,-22.433659153016524,0.0,0.3115599944622191
H2,22,HH,2.4747,-25.19116692510267,-24.81646892435852,,-3197.068460785899,-65.17572709465027,-22.55579216428603,0.0,0.11607310859617782
H2,23,HH,2.5745,-24.95738874597496,-24.291656706532866,,-3217.9009139854243,-65.26246768808365,-22.66745663173243,0.0,0.015989525079498832
H2,24,HH,2.6744,-24.73973630574173,-23.941127717897324,,-3217.900913985423,-65.34252594709396,-22.770397312659586,0.0,-0.03314850906559416
H2,25,HH,2.7743,-24.53736632358028,-23.743607157328753,,-3374.003321248217,-65.4169528796196,-22.866358964371333,0.0,-0.05493571204918343
H2,26,HH,2.8742,-24.34921265742436,-23.615981868514446,,-3374.003321248217,-65.48740933771134,-22.95708634417154,0.0,-0.062235341433596124
H2,27,HH,2.9741,-24.17462441094356,-23.531666054198176,,-3374.003321248218,-65.55266265773774,-23.040834694756345,0.0,-0.0620698527011149
H2,28,HH,3.074,-24.012786331041784,-23.476405419215588,,-3374.003321248217,-65.613660044384,-23.119348773429593,0.0,-0.05827867764318175
H2,29,HH,3.1738,-23.86303854163158,-23.455075472614197,,-3374.003321248216,-65.66893527669907,-23.190883822887454,0.0,-0.05295346530170169
H2,30,HH,3.2737,-23.724559530998274,-23.50281037174168,,-3374.003321248218,-65.72327627973557,-23.26067411504145,0.0,-0.047196105237951605
H2,31,HH,3.3736,-23.59695038023705,-23.599808024129306,,-3374.0033212482167,-65.77354300508499,-23.325230135283906,0.0,-0.04158392075814405
H2,32,HH,3.4735,-23.479611350421397,-23.72614063805643,,-3374.0033212482167,-65.81938511676789,-23.384551883614808,0.0,-0.036389328965294884
H2,33,HH,3.5734,-23.37183821090621,-23.899089022287754,,-3373.6681393189533,-65.86555161361694,-23.443873631945706,0.0,-0.031720353724494936
H2,34,HH,3.6733,-23.272988773004325,-24.076962384304434,,-3373.6681393189533,-65.9075789557457,-23.497961108365065,0.0,-0.027597190397603208
H2,35,HH,3.7732,-23.182463025675393,-24.210817490234998,,-3383.397554394541,-65.9482049539566,-23.550303827480565,0.0,-0.02399534438132813
H2,36,HH,3.873,-23.099602453401193,-24.282911282452968,,-3383.397554394541,-65.98482155151368,-23.597412274684512,0.0,-0.02087265688426596
H2,37,HH,3.9729,-23.023730581149373,-24.303526770725874,,-3383.397554394542,-66.0215938539505,-23.644520721888465,0.0,-0.018170530446294308
H2,38,HH,4.0728,-22.954283316907873,-24.321166025099192,,-3383.3975543945426,-66.0561343864441,-23.68901203313664,0.0,-0.01583967093013167
H2,39,HH,4.1727,-22.89065384679005,-24.36520698814693,,-3387.742803830696,-66.08789818191529,-23.73001382977712,0.0,-0.013830680568103272
H2,40,HH,4.2726,-22.83221712528133,-24.507996472516684,,-3396.4330053797516,-66.11986958389282,-23.771015626417597,0.0,-0.012098962857714534
H2,41,HH,4.3725,-22.778461306228905,-24.79374249961677,,-3396.4330053797516,-66.14875283908844,-23.80852790845037,0.0,-0.010605180869511444
H2,42,HH,4.4723,-22.728919714379174,-25.16043560108247,,-3425.6376362827355,-66.17736361074448,-23.84516781183122,0.0,-0.009316342145714123
H2,43,HH,4.5722,-22.683133565780192,-25.5909636484355,,-3425.6376362827355,-66.20446923522948,-23.880062957908223,0.0,-0.008200445150118491
H2,44,HH,4.6721,-22.640654416806342,-26.103405032467872,,-3425.6376362827355,-66.23083526153565,-23.914085725333297,0.0,-0.007233676473132995
H2,45,HH,4.772,-22.601113553190178,-26.70897415385547,,-3425.637636282736,-66.25586482095719,-23.946363735454526,0.0,-0.0063945475922344355
H2CCH2,1,CC,0.9163,-2124.582059913593,-2128.2592606923363,-488.50628662109375,-3222.781422576483,-2135.569279252147,-2134.0992652738864,276.2678857776833,417.8370814535195
H2CCH2,2,CC,1.0163,-2131.658742235153,-2131.99195147336,-515.6600952148439,-3222.769515534794,-2136.6331717693333,-2134.3425477627816,137.67151041190354,239.54876214361263
H2CCH2,3,CC,1.1163,-2135.3955391564123,-2135.4201167590522,-541.341064453125,-3222.7695155347924,-2137.095615262223,-2134.493009229935,58.571282914597184,111.38968765516907
H2CCH2,4,CC,1.2163,-2137.110824051414,-2137.146367494962,-554.2477416992189,-3222.77625776446,-2137.2065679644584,-2134.5861816567076,20.447634511991765,32.99874352932662
H2CCH2,5,CC,1.3163,-2137.6103665764545,-2137.6454853665164,-559.3549194335939,-3229.2760869069975,-2137.090944115829,-2134.6362427501317,8.641677056548987,4.193629759422688
H2CCH2,6,CC,1.4163,-2137.390204158064,-2137.425939661387,-555.842041015625,-3228.0040464180674,-2136.8419071360586,-2134.659817448594,12.346316974474338,24.87996734714593
H2CCH2,7,CC,1.5163,-2136.7562382072188,-2136.7835250481594,-550.4510498046875,-3244.8294671002786,-2136.5048320221904,-2134.6618032968267,24.599916917404087,95.00780302513878
H2CCH2,8,CC,1.6163,-2135.898096702915,-2135.8837539893525,-541.158203125,-3244.825195731176,-2136.1177886173245,-2134.6430795416104,42.281616678078755,214.55018440656892
H2CCH2,9,CC,1.7163,-2134.932527371573,-2134.7986341123747,-533.1053466796875,-3244.825195731176,-2135.69986374464,-2134.614488819501,66.10792827347677,383.49232698841934
H2CCH2,10,CC,1.8163,-2133.931762834808,-2133.5688725117284,-526.4225463867189,-3244.825195731176,-2135.26888561287,-2134.5817170094483,100.63034805225841,601.8260060307985
H2CCH2,11,CC,1.9163,-2132.939604714906,-2132.2202290189402,-518.5253295898439,-3244.8251957311745,-2134.833638572311,-2134.538174440267,154.2337485627663,869.5465912155556
H2CCH2,12,CC,2.0163,-2131.98293949298,-2130.9570091158107,,-3244.487735567719,-2134.4050089891434,-2134.4908658610802,77.39554507581092,936.0329698763287
H2CCH2,13,CC,2.1163,-2131.0777875998647,-2129.647143436749,,-3244.487735567719,-2133.9822442897803,-2134.4475020350014,63.696289486427546,518.4213451684057
H2CCH2,14,CC,2.2163,-2130.2304019397307,-2127.968287198283,,-3244.487735567719,-2133.5707292679785,-2134.3958091708323,53.86380346871571,294.65855392584047
H2CCH2,15,CC,2.3163,-2129.4436677357344,-2126.3801736552373,,-3244.4877355677177,-2133.171917169285,-2134.3419118914453,46.734494312876905,171.67830077772663
H2CCH2,16,CC,2.4163,-2128.7177365552907,-2125.312803729071,,-3244.487735567719,-2132.787922984982,-2134.2905764219627,41.5230203618446,102.56213806743128
H2CCH2,17,CC,2.5163,-2128.0493653455296,-2124.699984193738,,-3243.3177273251895,-2132.4202648376468,-2134.23953352107,37.69097291668132,62.9568993666597
H2CCH2,18,CC,2.6163,-2127.435538540759,-2124.359052951206,,-3243.3177273251895,-2132.0608979751587,-2134.1896580936163,34.863458718309595,39.88340637101185
H2CCH2,19,CC,2.7163,-2126.872174161109,-2124.269100944628,,-3243.317727325191,-2131.717841198826,-2134.140282773721,32.7751796666379,26.256355435018783
H2CCH2,20,CC,2.8163,-2126.355497443244,-2124.3819853605287,,-3243.3195008227435,-2131.3866698949814,-2134.089126047342,31.23516541960556,18.122759567073494
H2CCH2,21,CC,2.9163,-2125.881371984524,-2124.6876648560897,,-3243.3176733032133,-2131.0704592350003,-2134.0409664123267,30.10358082915495,13.233250765463312
H2CCH2,22,CC,3.0163,-2125.445409132767,-2125.123018943753,,-3243.317673303214,-2130.7657188344956,-2133.991578865464,29.27645863585957,10.284857537144276
H2CCH2,23,CC,3.1163,-2125.0433059516554,-2125.595205345108,,-3240.652238929201,-2130.4709694971084,-2133.945855775847,28.675625735523692,8.51063967192691
H2CCH2,24,CC,3.2163,-2124.672321982601,-2126.0277397147142,,-3240.6522389292,-2130.1923356147768,-2133.9019789188123,28.241973977555574,7.452688699442237
H2CCH2,25,CC,3.3163,-2124.329334991283,-2126.3645172051924,,-3240.6522389292013,-2129.9211755666734,-2133.8553975390028,27.930830167575504,6.834161962540574
H2CCH2,26,CC,3.4163,-2124.011431998932,-2126.555087813576,,-3240.652238929201,-2129.6674155388832,-2133.8133914600044,27.708621417436127,6.485875282456973
H2CCH2,27,CC,3.5163,-2123.7162360910625,-2126.599273938986,,-3240.0694800717984,-2129.4197928784374,-2133.770478879371,27.55035230963738,6.303510731310352
H2CCH2,28,CC,3.6163,-2123.442188327427,-2126.598904950859,,-3241.6942677177217,-2129.1789304048543,-2133.7299739567534,27.437625173763053,6.222299738883848
H2CCH2,29,CC,3.7163,-2123.187637793294,-2126.6034349897045,,-3241.3782198647827,-2128.9508097805983,-2133.6910831822956,27.357061674470753,6.201840605818218
H2CCH2,30,CC,3.8163,-2122.951390453087,-2126.6091133520385,,-3234.5957421364974,-2128.726257393169,-2133.651399777449,27.299047559253683,6.216880249601947
H2CCH2,31,CC,3.9163,-2122.7327573145362,-2126.622306907709,,-3239.2869183931475,-2128.5151734778406,-2133.6123058059534,27.25674844617022,6.251654087878017
H2CCH2,32,CC,4.0163,-2122.530717406476,-2126.647608139708,,-3233.871728450101,-2128.311848855686,-2133.575839304168,27.22535296735148,6.296375500393982
H2CCH2,33,CC,4.1163,-2122.344171933176,-2126.67491893781,,-3233.871728450101,-2128.1096920201308,-2133.5409632845544,27.20150251203421,6.345039044211532
H2CCH2,34,CC,4.2163,-2122.17233802309,-2126.6862399801093,,-3233.539708049861,-2127.921782181072,-2133.5062370749015,27.18286969475997,6.394035157490852
H2CCH2,35,CC,4.3163,-2122.014615120949,-2126.6590986732567,,-3233.5397080498624,-2127.741346176243,-2133.4725285287286,27.16785194304113,6.441270970439744
H2CCH2,36,CC,4.4163,-2121.869930553956,-2126.606877527281,,-3233.539708049861,-2127.5613513352396,-2133.4418941269855,27.15535189896291,6.485609518312348
H2CCH2,37,CC,4.5163,-2121.737314236231,-2126.580036276706,,-3233.539708049861,-2127.392216909599,-2133.4082096865327,27.144621866965785,6.526510816704943
H2CCH2,38,CC,4.6163,-2121.6158183952352,-2126.599240689506,,-3233.5397080498624,-2127.2233809183126,-2133.37701429909,27.1351546723531,6.563801772194588
H2CCH2,39,CC,4.7163,-2121.5043758004463,-2126.64696910093,,-3233.539708049861,-2127.067766866398,-2133.3468681719114,27.126607672995124,6.597528780472392
H2CCH2,40,CC,4.8163,-2121.401976093137,-2126.703773809304,,-3233.5397080498624,-2126.9092592988013,-2133.3174012436084,27.11875018778189,6.627863627164834
H2CCH2,41,CC,4.9163,-2121.3076799362952,-2126.749414802184,,-3233.539708049861,-2126.762442572594,-2133.291127112645,27.111427319115766,6.655043853508644
H2CCH2,42,CC,5.0163,-2121.2206334366588,-2126.769139853176,,-3233.539708049861,-2126.616469247818,-2133.261904101757,27.10453517369902,6.679335439215745
H2CCH2,43,CC,5.1163,-2121.1399745375493,-2126.771760074355,,-3233.539708049861,-2126.4750113645555,-2133.233812185862,27.098003965055128,6.7010099303221
H2CCH2,44,CC,5.2163,-2121.064974518074,-2126.771760074355,,-3227.8012746721474,-2126.3431423068046,-2133.208932831097,27.09178654213867,6.720330890569272
H2CCH2,45,CC,5.3163,-2120.995006972151,-2126.771760074355,,-3227.8012746721474,-2126.2106374541286,-2133.1822234186734,27.085850639567045,6.73754633532326
H2O,1,OH,0.5592,-2052.068489727484,-2065.916805268057,-111.75959777832031,-3274.0196617420124,-2087.0412454179764,-2067.651230602331,419.9358955726792,1224.4945419237642
H2O,2,OH,0.6592,-2067.738842555673,-2068.4228258390685,-138.09182739257812,-3274.019661742013,-2086.934717329407,-2068.9783594926403,199.73918344303368,813.4967779005722
H2O,3,OH,0.7592,-2074.950750766783,-2074.9082544114553,-157.05201721191406,-3274.019661742013,-2086.67885528574,-2069.9548118142266,75.39394880947295,486.2023743882632
H2O,4,OH,0.8592,-2077.865146161091,-2077.9063454849147,-204.94427490234372,-3274.019661742013,-2086.374932335854,-2070.7046208439197,16.83707182829114,242.80489141718556
H2O,5,OH,0.9592,-2078.5796458386753,-2078.6248070906518,-219.45391845703125,-3274.0387852584095,-2086.070607148361,-2071.2967822493515,0.2322173400329093,83.01696924613357
H2O,6,OH,1.0592,-2078.1854266121545,-2078.2296469258604,-209.75726318359372,-3258.543952684462,-2085.778751326656,-2071.7812980239405,8.211887124140418,6.969754851775424
H2O,7,OH,1.1592,-2077.2577592027073,-2077.303099062688,-191.17169189453125,-3256.318984570549,-2085.511808285714,-2072.177382713495,29.712082974418262,14.685863709594074
H2O,8,OH,1.2592,-2076.1021850146844,-2076.1513713548748,-180.88687133789062,-3224.6965657101287,-2085.269479591179,-2072.5153820224336,60.01849991569845,106.10393769516428
H2O,9,OH,1.3592,-2074.8792433285794,-2074.929703569605,-182.80514526367188,-3219.703499021199,-2085.042565679741,-2072.7983659376378,100.79298801663369,281.284097759149
H2O,10,OH,1.4592,-2073.669629778872,-2073.7260797092044,,-3219.703499021199,-2084.8392929592137,-2073.044444646934,0.0,4127.445238651594
H2O,11,OH,1.5592,-2072.509549113371,-2072.5738757634185,,-3260.3238605787,-2084.6498779729845,-2073.2599567802154,0.0,1844.099593985331
H2O,12,OH,1.6592,-2071.414959993067,-2071.502937600424,,-3260.3238605787,-2084.480445112991,-2073.448391852089,0.0,862.6779676333533
H2O,13,OH,1.7592,-2070.389138396606,-2070.579221645095,,-3434.429331774859,-2084.3271666342735,-2073.6173915065583,0.0,419.21103103254546
H2O,14,OH,1.8592,-2069.434051979241,-2069.8687118950447,,-3430.084476975842,-2084.182412997722,-2073.7656527295126,0.0,210.2940344272424
H2O,15,OH,1.9592,-2068.548210645526,-2069.4131502334562,,-3420.0101967896735,-2084.0523215706826,-2073.9001545501665,0.0,108.23812236238994
H2O,16,OH,2.0592,-2067.7294856488093,-2069.0582063627085,,-3420.009559628211,-2083.93469950943,-2074.021117840117,0.0,56.794159207143046
H2O,17,OH,2.1592,-2066.9741479408835,-2068.662279670068,,-3419.7028069492367,-2083.8189978083606,-2074.130949971455,0.0,30.146149689856426
H2O,18,OH,2.2592,-2066.279254338342,-2068.2516137264392,,-3419.367625019973,-2083.7175690546037,-2074.2308435224954,0.0,16.04394619787771
H2O,19,OH,2.3592,-2065.639908968785,-2067.8414562565586,,-3423.711180325521,-2083.6216288978576,-2074.3230954295327,0.0,8.45246752801835
H2O,20,OH,2.4592,-2065.0512649403104,-2067.511992029651,,-3423.3832226591403,-2083.533603739166,-2074.4075952567673,0.0,4.320849110991362
H2O,21,OH,2.5592,-2064.509798378551,-2067.2393146699333,,-3423.3832226591403,-2083.4492635959623,-2074.484563875796,0.0,2.0578489053027202
H2O,22,OH,2.6592,-2064.0115562856026,-2067.016403671446,,-3435.7730059188393,-2083.3705937054638,-2074.5576012370248,0.0,0.8229294228704181
H2O,23,OH,2.7592,-2063.552802810411,-2066.9587498849,,-3435.7730059188393,-2083.296711740017,-2074.6239797687003,0.0,0.15954966621355834
H2O,24,OH,2.8592,-2063.130884298706,-2067.0427542894563,,-3464.977636821822,-2083.227643650436,-2074.685554663923,0.0,-0.18435269304805132
H2O,25,OH,2.9592,-2062.7435974446407,-2067.366846698012,,-3464.977636821822,-2083.163597043228,-2074.743198301346,0.0,-0.3493533627276548
H2O,26,OH,3.0592,-2062.3860033818273,-2067.9603726146242,,-3464.9776368218213,-2083.103637689114,-2074.79789349542,0.0,-0.4151393706251981
H2O,27,OH,3.1592,-2062.0594060798385,-2068.517296531012,,-3464.9776368218213,-2083.0452613346097,-2074.848878303289,0.0,-0.4268257344520508
H2O,28,OH,3.2592,-2061.7605926904416,-2068.9037714508736,,-3464.9776368218213,-2082.9923476263048,-2074.8959318533584,0.0,-0.4102133579499126
H2O,29,OH,3.3592,-2061.4879438641115,-2069.1450953623557,,-3464.9776368218213,-2082.939252262306,-2074.940257831673,0.0,-0.37999752234013817
H2O,30,OH,3.4592,-2061.2395444635686,-2069.346779406532,,-3464.9776368218213,-2082.8904647333147,-2074.9816353666392,0.0,-0.34439854828696304
H2O,31,OH,3.5592,-2061.013498127389,-2069.634370374265,,-3464.660382458129,-2082.845154613304,-2075.0219196513563,0.0,-0.30798084235192136
H2O,32,OH,3.6592,-2060.8080788374186,-2070.035829455914,,-3464.6603824581284,-2082.8001559030536,-2075.05947636432,0.0,-0.27312180826024296
H2O,33,OH,3.7592,-2060.621391592804,-2070.4585568509838,,-3464.6603824581284,-2082.7577522741317,-2075.0950674483834,0.0,-0.2409946574001019
H2O,34,OH,3.8592,-2060.451702211973,-2070.8155694881284,,-3464.660382458129,-2082.7185924968726,-2075.1286929035473,0.0,-0.2120068455061132
H2O,35,OH,3.9592,-2060.2973276707626,-2071.142042072841,,-3464.660382458129,-2082.6826116942407,-2075.161225108462,0.0,-0.18622477341135008
H2O,36,OH,4.0592,-2060.156706852012,-2071.545346095123,,-3463.6005376537037,-2082.6445807773594,-2075.191140177422,0.0,-0.16350475625999542
H2O,37,OH,4.1592,-2060.0282919721394,-2072.0229075586817,,-3472.150001889375,-2082.6094433761596,-2075.220017214033,0.0,-0.14360169600481434
H2O,38,OH,4.2592,-2059.9106933457106,-2072.436919940781,,-3472.150001889374,-2082.5776276790625,-2075.247801000395,0.0,-0.12620739199427286
H2O,39,OH,4.3592,-2059.802799387646,-2072.7141378818624,,-3472.150001889374,-2082.5451891624452,-2075.274712408106,0.0,-0.11104730309566467
H2O,40,OH,4.4592,-2059.703573072061,-2072.8959290057232,,-3472.150001889375,-2082.513619998074,-2075.2997686227145,0.0,-0.0978418214406954
H2O,41,OH,4.5592,-2059.6119689375423,-2073.053857545798,,-3472.150001889375,-2082.485229808331,-2075.3228592084233,0.0,-0.08634855729804987
H2O,42,OH,4.6592,-2059.527035401955,-2073.2377985323487,,-3472.150001889375,-2082.456515233421,-2075.345949794132,0.0,-0.0763296477737243
H2O,43,OH,4.7592,-2059.447960477569,-2073.472092611798,,-3472.150001889374,-2082.431342944527,-2075.368874726143,0.0,-0.06759156534346765
H2O,44,OH,4.8592,-2059.37406823358,-2073.728019532498,,-3472.150001889375,-2082.4047952625274,-2075.3900549008513,0.0,-0.05996395873420389
H2O,45,OH,4.9592,-2059.3047679108167,-2073.9009817030988,,-3472.150001889375,-2082.378039974022,-2075.409435100356,0.0,-0.053298386367182864
HCCH,1,CC,0.7937,-2080.7710031669985,-2095.3371403868728,-360.9599609375,-3398.808920557021,-2096.392802643966,-2097.0631986341596,561.6359105985451,4263.120858472157
HCCH,2,CC,0.8937,-2093.123252220163,-2096.8519347727347,-376.8310241699219,-3398.808920557022,-2099.0479860569,-2097.9613694273985,352.5577473793684,3984.4570094056317
HCCH,3,CC,0.9937,-2099.575296653673,-2100.090237420668,-386.1768798828125,-3398.808920557021,-2100.6124567871093,-2098.679958842728,234.85375892577025,3788.3829613478856
HCCH,4,CC,1.0937,-2102.493080137533,-2102.540806780412,-398.11236572265625,-3398.808920557021,-2101.526859644318,-2099.2687756871874,179.68419642892238,3674.8970533113093
HCCH,5,CC,1.1937,-2103.3108600828477,-2103.3557677430053,-400.3453674316406,-3398.808920557022,-2102.037364043427,-2099.7577729299896,164.3379490478658,3643.9981493086357
HCCH,6,CC,1.2937,-2102.904588933887,-2102.9470862256308,-392.4620056152344,-3392.7078914399485,-2102.3014654703143,-2100.1812286557756,172.2323717475002,3695.68543154584
HCCH,7,CC,1.3937,-2101.808581011967,-2101.835242687701,-387.08392333984375,-3392.7078914399485,-2102.398910774231,-2100.544778443132,192.91318019050132,3829.9582812664808
HCCH,8,CC,1.4937,-2100.3498368918004,-2100.333657265805,-383.22845458984375,-3392.7078914399485,-2102.3882449899675,-2100.8610997815726,222.05438689844337,4046.8162087784135
HCCH,9,CC,1.5937,-2098.7288900591725,-2098.658890713321,-379.33209228515625,-3411.5615786515036,-2102.309562124062,-2101.138277507403,261.4582624855746,4346.258811517256
HCCH,10,CC,1.6937,-2097.067163700681,-2096.968100344591,-372.4200439453125,-3420.7109045433176,-2102.1830259584426,-2101.3829192374087,319.05531200833764,4728.285748339539
HCCH,11,CC,1.7937,-2095.4367271696306,-2095.6338481997004,-372.1935119628906,-3420.7109045433176,-2102.0266074313163,-2101.608273192626,408.90426039482963,5192.896723355589
HCCH,12,CC,1.8937,-2093.8791567412395,-2094.726203907429,-376.3375244140625,-3420.710904543317,-2101.856019760132,-2101.805484486133,551.1920433268119,5740.091475458779
HCCH,13,CC,1.9937,-2092.417750803387,-2094.275769153391,,-3420.7109045433176,-2101.6702768139844,-2101.9894968274366,94.97288365030256,1067.3817471355394
HCCH,14,CC,2.0937,-2091.0656638838354,-2093.8138754933584,,-3425.054459848866,-2101.482873015785,-2102.153097758885,71.53750860271275,586.8097684097681
HCCH,15,CC,2.1937,-2089.823901987488,-2093.994781856679,,-3433.7457853533692,-2101.2943144063947,-2102.303499738129,54.57068275189453,331.0377090381524
HCCH,16,CC,2.2937,-2088.6898149975564,-2094.4601756326547,,-3433.74578535337,-2101.1101414844516,-2102.4402495211725,42.114940883485325,191.28545223175914
HCCH,17,CC,2.3937,-2087.6585367020507,-2094.3750131730544,,-3461.897769747175,-2100.920012850857,-2102.569752737217,32.85526536610051,113.13036856567464
HCCH,18,CC,2.4937,-2086.721930352615,-2094.1086361842263,,-3461.3123659386083,-2100.743326738548,-2102.687801758362,25.894429568365908,68.52192762309059
HCCH,19,CC,2.5937,-2085.871787907061,-2093.9872601756383,,-3461.312365938609,-2100.5676397325515,-2102.7968266801054,20.61120806932323,42.60654192095339
HCCH,20,CC,2.6937,-2085.099254236467,-2093.3726865275194,,-3461.312365938609,-2100.3972726432803,-2102.899478747745,16.56923939604154,27.323454055814363
HCCH,21,CC,2.7937,-2084.397730307844,-2091.749671573483,,-3461.3123659386083,-2100.233548962212,-2102.9948514732855,13.457476918956885,18.199610273900785
HCCH,22,CC,2.8937,-2083.760065785543,-2090.3633174941647,,-3461.312365938609,-2100.071122821808,-2103.085661652229,11.050739119882266,12.702044615012325
HCCH,23,CC,2.9937,-2083.1794346936226,-2089.444438121664,,-3471.3908825543895,-2099.9192586624144,-2103.1705181117245,9.183310229619597,9.369822955584072
HCCH,24,CC,3.0937,-2082.6491835763254,-2089.162646349739,,-3470.2264341505506,-2099.7698598302836,-2103.2486822420096,7.731174882516662,7.346229282360502
HCCH,25,CC,3.1937,-2082.1649218766747,-2088.9281531788934,,-3470.2264341505515,-2099.6302185039517,-2103.3230893199047,6.600043203320314,6.121332236560463
HCCH,26,CC,3.2937,-2081.7218688264284,-2088.291800310718,,-3470.2264341505506,-2099.49262729187,-2103.3939072236453,5.717273667289285,5.3875658985278685
HCCH,27,CC,3.3937,-2081.3160817680086,-2087.2389952785124,,-3470.2264341505515,-2099.357916620064,-2103.4611018438864,5.026395650228336,4.957256943239566
HCCH,28,CC,3.4937,-2080.944025670384,-2086.710367480169,,-3470.2264341505515,-2099.235350928879,-2103.524573521082,4.483330631963316,4.7147474933588125
HCCH,29,CC,3.5937,-2080.602353261077,-2086.893734304976,,-3468.4883304606415,-2099.1121234919547,-2103.584488799224,4.053697092552213,4.588177465836735
HCCH,30,CC,3.6937,-2080.28844272314,-2087.5303758759487,,-3468.4883304606406,-2098.9978361102108,-2103.641167153419,3.7107984938946776,4.5326204441294005
HCCH,31,CC,3.7937,-2080.0001272139816,-2088.447876611494,,-3468.4883304606415,-2098.8841845233924,-2103.6951955965574,3.4340506965980944,4.519875321000973
HCCH,32,CC,3.8937,-2079.735730784396,-2089.0617349903214,,-3457.7917129992275,-2098.7718694034575,-2103.7478315326,3.2077115215697622,4.532214401432067
HCCH,33,CC,3.9937,-2079.4932109478204,-2089.1622262709493,,-3380.894529007571,-2098.6701551907545,-2103.797230544696,3.019839273759233,4.5585138950064295
HCCH,34,CC,4.0937,-2079.270551340624,-2089.059861665987,,-3371.2400199255744,-2098.5697644695288,-2103.8435264017367,2.8614401929548503,4.591836160889648
HCCH,35,CC,4.1937,-2079.066124721981,-2088.7920703578343,,-3371.2400199255744,-2098.467998355198,-2103.8906605280845,2.725778732805942,4.627906363815825
HCCH,36,CC,4.2937,-2078.878531066129,-2088.136142466806,,-3371.2400199255735,-2098.377118607045,-2103.933719461178,2.607828836030142,4.6641457340168095
HCCH,37,CC,4.3937,-2078.706028572313,-2087.228962045323,,-3371.2400199255744,-2098.287536399555,-2103.973675239218,2.5038451692332178,4.699054388568394
HCCH,38,CC,4.4937,-2078.547149458421,-2086.758446227573,,-3371.2400199255744,-2098.2020803713804,-2104.0139832674654,2.411033770255348,4.731815497608865
HCCH,39,CC,4.5937,-2078.400563087726,-2087.236721338498,,-3371.2400199255744,-2098.1145353027346,-2104.0525465384085,2.3273028536827742,4.762040631099921
HCCH,40,CC,4.6937,-2078.2648653527585,-2088.4003330996147,,-3371.2400199255744,-2098.0330756998064,-2104.0899104820314,2.2510766484175853,4.789605722952835
HCCH,41,CC,4.7937,-2078.138862762171,-2089.8344658700576,,-3371.240019925574,-2097.9562742678645,-2104.124817694374,2.1811577437227196,4.81454550350291
HCCH,42,CC,4.8937,-2078.021523732355,-2091.0863736514802,,-3371.240019925574,-2097.877941737938,-2104.1583992840665,2.116626107168329,4.836985811097574
HCCH,43,CC,4.9937,-2077.9119007628838,-2091.716399386989,,-3371.2400199255744,-2097.806317493248,-2104.191444357765,2.0567654312530346,4.857100511893184
HCCH,44,CC,5.0937,-2077.8090847213834,-2091.8375783315887,,-3371.2400199255744,-2097.733343806267,-2104.2236170528104,2.0010096176453485,4.875084426246228
HCCH,45,CC,5.1937,-2077.712318859235,-2091.8377697188366,,-3371.2400199255744,-2097.6645092740064,-2104.2548504847587,1.9489039727549342,4.8911366604943805
HCN,1,NC,0.7375,-2510.2129281345683,-2530.556269212658,-303.7691650390625,-3622.6160816013903,-2547.3430695878983,-2533.633808056379,481.7647304469737,681.4841037751461
HCN,2,NC,0.8375,-2527.570577587666,-2534.213614645655,-306.05731201171875,-3622.616081601391,-2550.0174825534823,-2535.0585011981816,234.30826253066795,383.7337509151462
HCN,3,NC,0.9375,-2536.311015692814,-2537.57292147568,-307.11181640625,-3622.611078063038,-2550.717064578247,-2536.178750153924,92.21027847613766,170.93357005514625
HCN,4,NC,1.0375,-2540.169229542053,-2540.273114749604,-302.3910217285156,-3622.6889314958835,-2550.385802446556,-2537.084815416806,22.94021109793293,43.08356119514628
HCN,5,NC,1.1375,-2541.2926110288777,-2541.3498601420083,-297.4816589355469,-3622.6889314958835,-2549.4976618124006,-2537.841015346603,0.6502216126038908,0.1837243351464404
HCN,6,NC,1.2375,-2540.915136600261,-2540.976572366142,-295.84893798828125,-3632.5521293861734,-2548.3451732186318,-2538.4677193988027,6.175199638700428,42.23405947514657
HCN,7,NC,1.3375,-2539.7546630023608,-2539.806489526441,-294.7274475097656,-3632.575340021108,-2547.05347148695,-2539.005660559703,5.2445010857353065,334.4180157558342
HCN,8,NC,1.4375,-2538.228449341418,-2538.240927442889,-292.7572937011719,-3470.707984104704,-2545.7318614429473,-2539.465560530827,0.09776434567036224,312.2702624358342
HCN,9,NC,1.5375,-2536.578141152207,-2536.5275286445208,-290.45953369140625,-3446.8941414910614,-2544.4158308238034,-2539.8665000305964,1.8734253095064743,316.9682707158342
HCN,10,NC,1.6375,-2534.943761963577,-2534.848062156461,-287.9423522949219,-3446.8941414910614,-2543.1111536854746,-2540.224773438467,7.459449584409832,348.5120405958341
HCN,11,NC,1.7375,-2533.4021852988626,-2533.366796626855,-285.0550231933594,-3446.8941414910614,-2541.8757781940462,-2540.5375944154707,15.47183038475482,406.9015720758342
HCN,12,NC,1.8375,-2531.998697433521,-2532.507441121383,-282.1605224609375,-3446.8941414910614,-2540.69325153389,-2540.81718226503,26.254588532123922,492.1368651558341
HCN,13,NC,1.9375,-2530.7571834328915,-2532.341144254984,,-3446.8951899280723,-2539.5592269437793,-2541.0703984021457,71.87550709428754,1432.6111024708925
HCN,14,NC,2.0375,-2529.692295539369,-2532.5261630112477,,-3446.8951899280723,-2538.509295964146,-2541.294026908828,52.101698324612414,772.5316036931437
HCN,15,NC,2.1375,-2528.802990740565,-2532.708085511101,,-3446.8951899280723,-2537.4952809101105,-2541.501146246543,38.062854846525774,427.226944096574
HCN,16,NC,2.2375,-2528.074416246178,-2532.927630202527,,-3446.8951899280723,-2536.5276140086175,-2541.691971204803,27.9633322672502,241.4932800866208
HCN,17,NC,2.3375,-2527.4813977154417,-2533.123713736809,,-3446.8951899280723,-2535.632648310566,-2541.862856286596,20.61477235364479,139.10564705547822
HCN,18,NC,2.4375,-2526.9950845494714,-2533.359071394123,,-3446.8951899280723,-2534.78390101099,-2542.0204481174114,15.217788063644194,81.43431767503473
HCN,19,NC,2.5375,-2526.588637614964,-2533.38954332567,,-3446.895189928072,-2533.967890662384,-2542.1680700099937,11.226144977377858,48.33836326530504
HCN,20,NC,2.6375,-2526.244319714804,-2533.4467275646875,,-3446.895189928072,-2533.2179640598297,-2542.300790692603,8.260666506141929,29.042786473455468
HCN,21,NC,2.7375,-2525.9499104880765,-2533.630739915974,,-3417.3940680897767,-2532.481428076935,-2542.428580103473,6.053762464184749,17.646984828033727
HCN,22,NC,2.8375,-2525.693553662203,-2533.9287947382045,,-3402.3534485850987,-2531.799155244637,-2542.54468422236,4.413234911626543,10.850523882120475
HCN,23,NC,2.9375,-2525.468106792837,-2534.160885025932,,-3402.3534485850964,-2531.1550560586934,-2542.6525337567637,3.1984799614859916,6.771626726915038
HCN,24,NC,3.0375,-2525.2696544337805,-2534.330871773596,,-3443.692782356685,-2530.541552881623,-2542.7538440604335,2.3047979350412247,4.318679536489603
HCN,25,NC,3.1375,-2525.094075692884,-2534.6129311632826,,-3426.572524921098,-2529.9603065654755,-2542.8481855543478,1.653045701263982,2.848560011784887
HCN,26,NC,3.2375,-2524.9378801657863,-2534.838369933177,,-3426.572524921098,-2529.3918799510957,-2542.939418525029,1.18278333141976,1.97713395304872
HCN,27,NC,3.3375,-2524.7980218100447,-2534.8135990709256,,-3426.572524921098,-2528.8698144646646,-2543.0221821217156,0.8476583121026591,1.4721908151551355
HCN,28,NC,3.4375,-2524.6730069927344,-2534.6491917481194,,-3426.5725249210973,-2528.36269664669,-2543.101729800414,0.6121843221662371,1.1919170033542048
HCN,29,NC,3.5375,-2524.5605896861325,-2534.4098360436333,,-3426.572524921098,-2527.883099666214,-2543.176238812617,0.4493759379783736,1.0489801836105188
HCN,30,NC,3.6375,-2524.459496941647,-2534.117487967438,,-3426.572524921098,-2527.4199295505523,-2543.2472097225636,0.3389200875737946,0.9892600346529152
HCN,31,NC,3.7375,-2524.367832397854,-2533.786522648175,,-3426.572524921098,-2526.9749509550093,-2543.315072109278,0.2657106418237189,0.9790856900909538
HCN,32,NC,3.8375,-2524.284528552117,-2533.446948146601,,-3426.5725249210973,-2526.559686040687,-2543.377788434741,0.21865731864351412,0.9974852616909816
HCN,33,NC,3.9375,-2524.208620488724,-2533.143675588973,,-3426.572524921098,-2526.151505698395,-2543.4387894064557,0.18972156481532004,1.0314278822824012
HCN,34,NC,4.0375,-2524.1390804336593,-2532.949550530131,,-3426.572524921098,-2525.7633464085575,-2543.4965744601805,0.17314794538289854,1.072874465026847
HCN,35,NC,4.1375,-2524.074914627141,-2532.8783544738603,,-3426.572524921098,-2525.4068341355323,-2543.549213452655,0.1648635433921289,1.1169340333999915
HCN,36,NC,4.2375,-2524.0154365259273,-2532.92709415604,,-3426.5725249210986,-2525.0356207267764,-2543.60356779888,0.1620183144973779,1.16070280207017
HCN,37,NC,4.3375,-2523.960295103148,-2533.1272835955633,,-3426.572524921098,-2524.709172470951,-2543.6511681248594,0.16264009935622306,1.2025288342124163
HCN,38,NC,4.4375,-2523.909030486397,-2533.419583013983,,-3426.572524921098,-2524.3684512678146,-2543.70048380459,0.16538010870683634,1.2415441890533294
HCN,39,NC,4.5375,-2523.861035861787,-2533.7624338057353,,-3426.572524921098,-2524.0495157724386,-2543.746368776819,0.1693278958737074,1.2773664315104152
HCN,40,NC,4.6375,-2523.8159852369267,-2534.1346138822864,,-3426.5725249210973,-2523.7525087142944,-2543.788930436305,0.17387849657790236,1.3099080470466469
HCN,41,NC,4.7375,-2523.773449488272,-2534.4664031398725,,-3426.572524921098,-2523.465337014389,-2543.8298841367964,0.1786380071891802,1.3392549585094229
HCN,42,NC,4.8375,-2523.733204938238,-2534.7161878274514,,-3417.264414525136,-2523.18928523798,-2543.8691224835375,0.18335706080482564,1.365589466259974
HCN,43,NC,4.9375,-2523.695034167859,-2534.86331069216,,-3417.264414525136,-2522.9113131013873,-2543.9083608302776,0.18788430751909974,1.3891418152549266
HCN,44,NC,5.0375,-2523.6587009823124,-2534.9124165240955,,-3417.264414525136,-2522.6443830358508,-2543.945776428514,0.19213410082187066,1.4101602225709058
HCN,45,NC,5.1375,-2523.624057895892,-2534.916432817934,,-3417.264414525136,-2522.4008606039047,-2543.97997610876,0.1960641946317848,1.4288927927764636
HF,1,FH,0.5324,-2717.1314157583565,-2727.221804553061,,,,,245.32645426346576,674.4301755840003
HF,2,FH,0.6324,-2726.0965230314873,-2728.1721699662344,,,,,116.28770658240187,457.72140758400025
HF,3,FH,0.7324,-2730.0547063392355,-2730.3326428883183,,,,,43.61615210456255,282.88063958400005
HF,4,FH,0.8324,-2731.5970811138736,-2731.6446495601613,,,,,9.532471266307127,149.9078715840001
HF,5,FH,0.9324,-2731.9462845461057,-2731.988440600058,,,,,0.03152057084768236,58.80310358400006
HF,6,FH,1.0324,-2731.707177833558,-2731.7430923484644,,,,,4.882332588249309,9.56633558400003
HF,7,FH,1.1324,-2731.188021614288,-2731.22382280874,,,,,17.628115955430086,2.197567583999998
HF,8,FH,1.2324,-2730.5500860665907,-2730.6186183165532,,,,,35.586255376160985,36.69679958399992
HF,9,FH,1.3324,-2729.8780151969186,-2730.005026237673,,,,,0.0,862.0980826205524
HF,10,FH,1.4324,-2729.2142503304185,-2729.4729954361965,,,,,0.0,358.31758849049965
HF,11,FH,1.5324,-2728.5794130710237,-2728.9875733090985,,,,,0.0,157.27147207877013
HF,12,FH,1.6324,-2727.982845631449,-2728.551953631081,,,,,0.0,72.25265435173895
HF,13,FH,1.7324,-2727.427675960407,-2728.262403782426,,,,,0.0,34.46690872767229
HF,14,FH,1.8324,-2726.915237687877,-2728.019652170732,,,,,0.0,16.942269305933443
HF,15,FH,1.9324,-2726.4443199072266,-2727.8292113164143,,,,,0.0,8.514267580350474
HF,16,FH,2.0324,-2726.013163402411,-2727.779508210291,,,,,0.0,4.335976936439875
HF,17,FH,2.1324,-2725.6191390094073,-2727.7482062582003,,,,,0.0,2.212827259595326
HF,18,FH,2.2324,-2725.2593636819684,-2727.341933300685,,,,,0.0,1.1135913772744697
HF,19,FH,2.3324,-2724.930969340111,-2726.781404654138,,,,,0.0,0.5375589202758464
HF,20,FH,2.4324,-2724.6312032801234,-2726.243518903153,,,,,0.0,0.23450769450045705
HF,21,FH,2.5324,-2724.3573394654504,-2725.657593736465,,,,,0.0,0.07621372890998647
HF,22,FH,2.6324,-2724.107019485351,-2725.0837036649245,,,,,0.0,-0.004462250383318781
HF,23,FH,2.7324,-2723.8787333800683,-2724.71704705679,,,,,0.0,-0.043314363443132484
HF,24,FH,2.8324,-2723.6707581247,-2724.52338424681,,,,,0.0,-0.05970103934282998
HF,25,FH,2.9324,-2723.481510016637,-2724.3505639947193,,,,,0.0,-0.06419975178170027
HF,26,FH,3.0324,-2723.3098056327444,-2724.1308790067096,,,,,0.0,-0.06262166030686475
HF,27,FH,3.1324,-2723.1541067134235,-2723.922943249418,,,,,0.0,-0.0581573028321201
HF,28,FH,3.2324,-2723.0130564990172,-2723.8850980430443,,,,,0.0,-0.052542516217399235
HF,29,FH,3.3324,-2722.885216323597,-2724.082732138421,,,,,0.0,-0.04670100210837462
HF,30,FH,3.4324,-2722.769433512892,-2724.471970819898,,,,,0.0,-0.041102614753048265
HF,31,FH,3.5324,-2722.6645080448225,-2725.065675148352,,,,,0.0,-0.035964933936466784
HF,32,FH,3.6324,-2722.5693016671507,-2725.859849509497,,,,,0.0,-0.03136733364677585
HF,33,FH,3.7324,-2722.4827830683844,-2726.6506908130605,,,,,0.0,-0.027315666042566803
HF,34,FH,3.8324,-2722.4040447488314,-2727.23372084214,,,,,0.0,-0.023778838447003098
HF,35,FH,3.9324,-2722.332337306948,-2727.6275759300133,,,,,0.0,-0.02070929955337345
HF,36,FH,4.0324,-2722.26684358484,-2727.9536178934172,,,,,0.0,-0.018054288158770318
HF,37,FH,4.1324,-2722.206803296411,-2728.296915931218,,,,,0.0,-0.01576178440789695
HF,38,FH,4.2324,-2722.1516175190736,-2728.659321877231,,,,,0.0,-0.013783441848968412
HF,39,FH,4.3324,-2722.1006707313,-2729.0242296438378,,,,,0.0,-0.012075822070932312
HF,40,FH,4.4324,-2722.053448093684,-2729.351928809961,,,,,0.0,-0.010600698892964262
HF,41,FH,4.5324,-2722.0095378979704,-2729.568223162021,,,,,0.0,-0.009324875438771802
HF,42,FH,4.6324,-2721.968552109808,-2729.667610722121,,,,,0.0,-0.00821976795072668
HF,43,FH,4.7324,-2721.930089633381,-2729.701909587665,,,,,0.0,-0.007260899148209357
HF,44,FH,4.8324,-2721.893833456055,-2729.7095176362564,,,,,0.0,-0.006427378989109865
HF,45,FH,4.9324,-2721.859564798292,-2729.7091743962023,,,,,0.0,-0.005701412956472616
N2,1,NN,0.6982,-2941.1824118218437,-2971.336965087659,-225.88136291503903,-3457.306450936398,-2978.5922316530227,-2967.0152427005773,447.8220978302462,927.3808071044788
N2,2,NN,0.7982,-2963.2705923995245,-2970.4735576059797,-223.8323211669922,-3457.306450936398,-2977.7612736359597,-2967.168655892377,285.6962310593392,542.9363879348787
N2,3,NN,0.8982,-2973.9439743706407,-2974.5432059112486,-222.86160278320312,-3457.306450936398,-2976.811850156212,-2967.287795924307,171.33461647815915,260.7922399652787
N2,4,NN,0.9982,-2978.403845004799,-2978.505548313144,-223.03868103027344,-3457.306450936398,-2975.86743518343,-2967.382455127758,94.39686325163395,80.94836319567858
N2,5,NN,1.0982,-2979.523223152657,-2979.6060184002954,-223.22984313964844,-3457.306450936398,-2974.9587025789265,-2967.46079377889,45.85800844869157,3.404757626078412
N2,6,NN,1.1982,-2978.915914290947,-2979.002577549709,-223.42100524902344,-3457.306450936398,-2974.128224651909,-2967.524987951344,18.008517042260088,28.161423256478265
N2,7,NN,1.2982,-2977.482651728083,-2977.583326221197,-223.61215209960938,-3468.0145094233226,-2973.356317710495,-2967.5799338108195,4.454281909267396,38.98483681518717
N2,8,NN,1.3982,-2975.714018096349,-2975.8373222850123,-224.3349914550781,-3490.8678869223554,-2972.645537909794,-2967.6272634125444,0.11662383064156695,5.000681698387173
N2,9,NN,1.4982,-2973.8675400390603,-2974.0264712895428,-226.9820709228516,-3501.316314507327,-2972.0078355993273,-2967.6675207749317,1.2322914913105818,3.1376561815872033
N2,10,NN,1.5982,-2972.0719551631164,-2972.2448948388756,-225.8336334228516,-3501.316314507327,-2971.41382148304,-2967.7034259900342,5.353461480202449,33.39576026478725
N2,11,NN,1.6982,-2970.3918921406957,-2970.573428499976,-220.1304626464844,-3501.316314507327,-2970.876457992172,-2967.7347070486444,11.347738290245148,95.7749939479872
N2,12,NN,1.7982,-2968.8514814838313,-2969.092765921298,-211.74497985839844,-3501.316314507327,-2970.3794609913825,-2967.762723996792,19.39815431836671,190.2753572311873
N2,13,NN,1.8982,-2967.454613060016,-2967.788345047251,,-3501.3163145073263,-2969.9232846199043,-2967.7877488436816,59.18897522883198,1734.9779126833896
N2,14,NN,1.9982,-2966.195905545743,-2966.650425402257,,-3501.316314507327,-2969.506462656784,-2967.810053598518,42.26658956591839,923.0064254214528
N2,15,NN,2.0982,-2965.064925551756,-2965.593722071317,,-3501.316314507327,-2969.1173431868556,-2967.8304542889173,30.36213865249581,503.71377274042106
N2,16,NN,2.1982,-2964.04748506189,-2964.7286290032184,,-3501.316314507327,-2968.7577297916414,-2967.848950914879,21.87778408413502,280.8502568845016
N2,17,NN,2.2982,-2963.1319865838373,-2964.1769998637046,,-3501.316314507327,-2968.418941924095,-2967.866087494814,15.766911505368107,159.3406016784146
N2,18,NN,2.3982,-2962.3077025732678,-2963.809243589857,,-3501.316314507327,-2968.1132802697184,-2967.881320010311,11.331491778021414,91.60053625428414
N2,19,NN,2.4982,-2961.562695123449,-2963.529201875905,,-3501.316314507327,-2967.81946516161,-2967.8957364981934,8.097450395142557,53.104107961063406
N2,20,NN,2.5982,-2960.8875686873494,-2963.410960238985,,-3508.9655633517227,-2967.550277375317,-2967.9087929400484,5.736596357370884,30.869435395964828
N2,21,NN,2.6982,-2960.2748964616467,-2963.9932616178844,,-3508.9655633517227,-2967.3007213792803,-2967.9207613450835,4.0170442883626265,17.85762094562082
N2,22,NN,2.7982,-2959.717375726936,-2965.4040629852507,,-3508.9655633517227,-2967.054227579212,-2967.932457740911,2.771492596474056,10.168066094234387
N2,23,NN,2.8982,-2959.208135608492,-2967.2765812227344,,-3511.8109504127374,-2966.8342555103304,-2967.942794090713,1.8768849230776268,5.5963292567055545
N2,24,NN,2.9982,-2958.74257166785,-2969.4777202856926,,-3511.8109504127374,-2966.6243393815994,-2967.952586422105,1.2413520729947576,2.8743344561002777
N2,25,NN,3.0982,-2958.316401649345,-2971.859777470935,,-3511.8109504127374,-2966.426749889183,-2967.9616987304835,0.7957422614854432,1.2610291741047894
N2,26,NN,3.1982,-2957.9257917409363,-2973.82437933102,,-3511.8109504127374,-2966.2403451972964,-2967.9702670204506,0.4879621413768333,0.3172683463133422
N2,27,NN,3.2982,-2957.5673429685194,-2975.1110579584038,,-3511.8109504127374,-2966.0577812257766,-2967.978563301213,0.2789955452737695,-0.22035123862670628
N2,28,NN,3.3982,-2957.238199769345,-2975.8873015240083,,-3511.8109504127374,-2965.892111233711,-2967.9860435543587,0.13992850438663204,-0.5114409266173956
N2,29,NN,3.4982,-2956.9359215542895,-2976.252657753107,,-3511.8109504127374,-2965.7319557894707,-2967.9932517983007,0.049618571830792615,-0.6535128551157623
N2,30,NN,3.5982,-2956.658671282748,-2976.322724746259,,-3511.8109504127365,-2965.5798710481645,-2968.000052028433,-0.007171205058075056,-0.7064957221415709
N2,31,NN,3.6982,-2956.404284833266,-2976.2670105802663,,-3511.8109504127374,-2965.435766181946,-2968.0064442447574,-0.04126370748818604,-0.7073441671182956
N2,32,NN,3.7982,-2956.1706021661,-2976.214223078064,,-3511.8109504127374,-2965.297279666805,-2968.012564451878,-0.06024049039339159,-0.6788508437813486
N2,33,NN,3.8982,-2955.9560009384722,-2976.191142363899,,-3511.8109504127374,-2965.167486674118,-2968.0182766451894,-0.06934333278493328,-0.6350198440146194
N2,34,NN,3.9982,-2955.758898808342,-2976.1841131400893,,-3511.8109504127374,-2965.0430784751893,-2968.0237168292956,-0.07215113359335315,-0.5843750707649703
N2,35,NN,4.0982,-2955.5774644494973,-2976.18759328607,,-3511.8109504127374,-2964.924638963318,-2968.0288850041966,-0.07107712763633285,-0.5320143140376751
N2,36,NN,4.1982,-2955.41021266454,-2976.23894497843,,-3511.8109504127374,-2964.808651803303,-2968.0339171744954,-0.06772721544162129,-0.4808935771135094
N2,37,NN,4.2982,-2955.2557556728334,-2976.4217411894538,,-3511.8109504127374,-2964.70174742794,-2968.0385413309855,-0.06315408833872765,-0.4326346075900421
N2,38,NN,4.3982,-2955.112719299432,-2976.7221230697705,,-3511.8109504127365,-2964.594324036312,-2968.0431654874756,-0.05803507476989606,-0.3880346502280901
N2,39,NN,4.4982,-2954.9799127741253,-2977.0141408306317,,-3511.8109504127365,-2964.492973134995,-2968.0475176347604,-0.052795248381867166,-0.3473888898829056
N2,40,NN,4.5982,-2954.856187232239,-2977.234287940791,,-3511.8109504127374,-2964.397461166668,-2968.051597772841,-0.04769186948523143,-0.3106943630141669
N2,41,NN,4.6982,-2954.7404645586957,-2977.394893393422,,-3511.8109504127374,-2964.304907591057,-2968.055541906318,-0.04287184904054677,-0.2777785054145703
N2,42,NN,4.7982,-2954.6319036495825,-2977.5140004798277,,-3511.8109504127374,-2964.218673038483,-2968.05921403059,-0.03841057317185108,-0.24837962362247185
N2,43,NN,4.8982,-2954.529852520116,-2977.5952008090426,,-3511.8109504127365,-2964.1288702490806,-2968.0630221594643,-0.0343379486012402,-0.22219664633640804
N2,44,NN,4.9982,-2954.4336488451827,-2977.6319704758503,,-3511.8109504127374,-2964.045113999176,-2968.0665582791335,-0.030655742183294345,-0.1989192527607092
N2,45,NN,5.0982,-2954.34256744137,-2977.6384336475453,,-3511.8109504127374,-2963.967702723122,-2968.0698223895974,-0.027349021644615237,-0.17824550177663645
NH3,1,NH,0.6126,-1508.405661706321,-1512.5098257870138,-267.05523681640625,-2969.6360561943943,-1545.2459265577318,-1538.696584549425,506.88567021370767,813.6096313559211
NH3,2,NH,0.7126,-1525.5514267164751,-1524.4254255477251,-219.50601196289062,-2969.636056194395,-1545.011409057999,-1538.1964674619796,239.6316770395861,461.7680212749421
NH3,3,NH,0.8126,-1533.8372270684204,-1533.858500360492,-234.8730316162109,-2969.636056194395,-1544.6512896219253,-1537.8162792469982,89.35601561930113,208.83178696889567
NH3,4,NH,0.9126,-1537.3330552020527,-1537.364405843728,-271.31936645507807,-2969.657006092068,-1544.2596010214806,-1537.5184856108287,19.267656603946033,55.06929468632179
NH3,5,NH,1.0126,-1538.2106487649585,-1538.2410312859936,-283.7157287597656,-2991.417424919492,-1543.8774104187014,-1537.2801718830465,0.13601086026558826,0.19082297349195354
NH3,6,NH,1.1126,-1537.6764930860204,-1537.7039605907526,-269.9613037109375,-3130.953090796629,-1543.518731252766,-1537.085264856888,10.782652865737424,44.328914067917324
NH3,7,NH,1.2126,-1536.420447389433,-1536.3205230508606,-243.90603637695312,-3151.4379758733553,-1543.183265089321,-1536.9202948320394,37.820396924267655,187.53968086905613
NH3,8,NH,1.3126,-1534.8434077592663,-1534.4453520523102,-233.9833068847656,-3143.0600421311183,-1542.8812365488052,-1536.7829457827797,75.66811474836703,429.6429896303407
NH3,9,NH,1.4126,-1533.1741375884976,-1532.5353223196923,-224.03453063964844,-3153.510705395461,-1542.602836223793,-1536.6637889188887,126.6785377251107,770.9430026259157
NH3,10,NH,1.5126,-1531.5320319991959,-1530.714541894287,,-3163.5702279634747,-1542.351463670826,-1536.5595739351963,0.0,6800.823480331931
NH3,11,NH,1.6126,-1529.969907473403,-1528.932578208828,,-3194.8705737815885,-1542.120436555481,-1536.4712883520642,0.0,3124.855649934383
NH3,12,NH,1.7126,-1528.501084800442,-1527.5223728992044,,-3354.5549366588425,-1541.9088595746994,-1536.3914972797027,0.0,1498.910846028521
NH3,13,NH,1.8126,-1527.1264295744709,-1526.572717484063,,-3354.5549366588425,-1541.7147215404511,-1536.3195631517274,0.0,745.4627948582712
NH3,14,NH,1.9126,-1525.8400363807066,-1525.687556327659,,-3354.5537355703223,-1541.5361020925523,-1536.2568696449166,0.0,382.3633824002018
NH3,15,NH,2.0126,-1524.6386159069236,-1525.066550121695,,-3350.507057075844,-1541.376634344864,-1536.2016906529407,0.0,201.0941786574325
NH3,16,NH,2.1126,-1523.516827374579,-1524.5817759539664,,-3356.9849497000732,-1541.2201898669243,-1536.1471314849543,0.0,107.8377262919425
NH3,17,NH,2.2126,-1522.4724326472515,-1524.0583002030255,,-3360.4493071058623,-1541.0819369091034,-1536.1017854637212,0.0,58.5912600819786
NH3,18,NH,2.3126,-1521.5019350619634,-1523.5139681078256,,-3359.935304091609,-1540.9517287034034,-1536.0589537235555,0.0,32.031042423799114
NH3,19,NH,2.4126,-1520.599677643876,-1522.9255058436574,,-3369.664719167197,-1540.8298896349906,-1536.0183487837276,0.0,17.451437408625793
NH3,20,NH,2.5126,-1519.7619936588535,-1522.2064866597354,,-3369.664719167197,-1540.7182751870157,-1535.9837333059393,0.0,9.343517543953732
NH3,21,NH,2.6126,-1518.9851497048676,-1521.4856866012515,,-3386.4781473065073,-1540.608957386017,-1535.948892952349,0.0,4.798673821339994
NH3,22,NH,2.7126,-1518.264037660716,-1521.1127490853369,,-3396.2217044769545,-1540.5111747215271,-1535.9182372492169,0.0,2.2465111471502888
NH3,23,NH,2.8126,-1517.5947456176846,-1521.0394169527472,,-3434.0774470615193,-1540.4183097361563,-1535.889602001132,0.0,0.8234646948923189
NH3,24,NH,2.9126,-1516.9743771959486,-1521.324658560914,,-3434.0774470615193,-1540.3328796587944,-1535.8632294720167,0.0,0.04525721995110355
NH3,25,NH,3.0126,-1516.4023593237387,-1522.181541440457,,-3434.0774470615183,-1540.2498500316622,-1535.8380601725685,0.0,-0.3625450145437758
NH3,26,NH,3.1126,-1515.8980741263981,-1523.0590665700495,,-3434.0774470615193,-1540.1708298051835,-1535.814094102787,0.0,-0.5583374002941527
NH3,27,NH,3.2126,-1515.4732154245385,-1523.5792781952564,,-3434.0774470615193,-1540.0991277080536,-1535.792678232704,0.0,-0.6337741851482497
NH3,28,NH,3.3126,-1515.1092500880302,-1523.941655352086,,-3434.0774470615193,-1540.028995635128,-1535.771648366908,0.0,-0.6423280722071717
NH3,29,NH,3.4126,-1514.7904932024155,-1524.2064387987855,,-3434.0774470615206,-1539.9626134547234,-1535.7521092115076,0.0,-0.6152368014203392
NH3,30,NH,3.5126,-1514.5071146548464,-1524.4684633496465,,-3433.7601926978273,-1539.9013176337244,-1535.7340381580998,0.0,-0.5706750511994163
NH3,31,NH,3.6126,-1514.2535494449658,-1524.856845654285,,-3433.760192697826,-1539.8411506731034,-1535.716353108979,0.0,-0.5191499435691391
NH3,32,NH,3.7126,-1514.0261096137579,-1525.4379889781414,,-3433.760192697826,-1539.7853564245224,-1535.7003025106183,0.0,-0.4665164830106186
NH3,33,NH,3.8126,-1513.8214876173695,-1526.1196179058852,,-3440.0772423677317,-1539.7310932739258,-1535.6844941761801,0.0,-0.4159793363768673
NH3,34,NH,3.9126,-1513.6371168779635,-1526.7830407161773,,-3439.747345423786,-1539.6800090979575,-1535.6697679394479,0.0,-0.3691076968255391
NH3,35,NH,4.0126,-1513.4708738190498,-1527.3635936590313,,-3439.747345423786,-1539.6321168720247,-1535.656123800421,0.0,-0.32657632435715056
NH3,36,NH,4.1126,-1513.3205994893387,-1527.8686873135687,,-3439.747345423786,-1539.584471178818,-1535.6424570529912,0.0,-0.28849071534211485
NH3,37,NH,4.2126,-1513.18447127026,-1528.2994140468359,,-3439.747345423786,-1539.5405105010987,-1535.629872403267,0.0,-0.25470255458691765
NH3,38,NH,4.3126,-1513.0608845064369,-1528.6758614102484,,-3439.747345423786,-1539.4973542985917,-1535.6176963662326,0.0,-0.22489450954372125
NH3,39,NH,4.4126,-1512.9484579479642,-1529.0600194090607,,-3439.747345423786,-1539.4558848989486,-1535.6059063334856,0.0,-0.19868791810147024
NH3,40,NH,4.5126,-1512.8458772849444,-1529.4899749165954,,-3439.747345423785,-1539.417828031254,-1535.5953421388085,0.0,-0.17569772891433347
NH3,41,NH,4.6126,-1512.75187419472,-1529.949809541786,,-3439.747345423785,-1539.3795635570527,-1535.5844904634025,0.0,-0.15555192479478486
NH3,42,NH,4.7126,-1512.6653877053875,-1530.3309880628467,,-3439.747345423786,-1539.3445040082931,-1535.5747208857026,0.0,-0.13790648882575673
NH3,43,NH,4.8126,-1512.5855533112451,-1530.5346646429066,,-3439.747345423786,-1539.3079912139892,-1535.5645426953122,0.0,-0.12245038761989716
NH3,44,NH,4.9126,-1512.511667597988,-1530.596923076886,,-3439.747345423786,-1539.274800123787,-1535.5553028622633,0.0,-0.10889628754018067
NH3,45,NH,5.0126,-1512.443002388953,-1530.6058452908812,,-3439.747345423786,-1539.2428546726228,-1535.5464716419049,0.0,-0.09700158567461754
