name,phi,psi,theta,gaff_energy
gly-gly,-100,-100,,12.837149017161025
gly-gly,-100,-120,,91.99052487222673
gly-gly,-100,-140,,2060.684305470014
gly-gly,-100,-160,,14.430290913897757
gly-gly,-100,-180,,186.8823728307766
gly-gly,-100,-20,,1347.7446025909126
gly-gly,-100,-40,,157.6713826829184
gly-gly,-100,-60,,23.07794861557806
gly-gly,-100,-80,,612.193143018061
gly-gly,-100,0,,0.30252929443832954
gly-gly,-100,100,,55.42152478440167
gly-gly,-100,120,,21.11442569908538
gly-gly,-100,140,,574.882018205081
gly-gly,-100,160,,19.30187037355703
gly-gly,-100,180,,262.52035034526443
gly-gly,-100,20,,236.76358789257807
gly-gly,-100,40,,134.8866739301631
gly-gly,-100,60,,15.8665642784934
gly-gly,-100,80,,2566.2915095806125
gly-gly,-120,-100,,28.486854118912056
gly-gly,-120,-120,,3721.071088161373
gly-gly,-120,-140,,17.791538268955776
gly-gly,-120,-160,,111.46547660137392
gly-gly,-120,-180,,403.58220713297874
gly-gly,-120,-20,,555.3938894898916
gly-gly,-120,-40,,11.478328041227272
gly-gly,-120,-60,,627.3979170664852
gly-gly,-120,-80,,48.86291779521433
gly-gly,-120,0,,682.687545140951
gly-gly,-120,100,,3823.2721097160893
gly-gly,-120,120,,16.72767629786967
gly-gly,-120,140,,72.23328726470699
gly-gly,-120,160,,517.5063413358791
gly-gly,-120,180,,8.877572222070718
gly-gly,-120,20,,5.223655356668679
gly-gly,-120,40,,516.0737808429526
gly-gly,-120,60,,78.50455630244186
gly-gly,-120,80,,28.501932683960845
gly-gly,-140,-100,,-17.123042461995773
gly-gly,-140,-120,,-13.114668789868091
gly-gly,-140,-140,,-9.746355738401292
gly-gly,-140,-160,,4.296828010812554
gly-gly,-140,-180,,-4.036563011186608
gly-gly,-140,-20,,-10.454409357573098
gly-gly,-140,-40,,-4.917885403593672
gly-gly,-140,-60,,4.326593340835693
gly-gly,-140,-80,,-10.088205659990933
gly-gly,-140,0,,-17.96663178794826
gly-gly,-140,100,,-13.853809353504644
gly-gly,-140,120,,-16.637390053884445
gly-gly,-140,140,,-9.320140715142834
gly-gly,-140,160,,4.877530386855604
gly-gly,-140,180,,-6.240233126530683
gly-gly,-140,20,,-13.553973896568372
gly-gly,-140,40,,-2.690499168565431
gly-gly,-140,60,,3.4761399357697513
gly-gly,-140,80,,-9.921715765930955
gly-gly,-160,-100,,-21.89086089638191
gly-gly,-160,-120,,-18.252742770209288
gly-gly,-160,-140,,-19.67744515710448
gly-gly,-160,-160,,-7.007459129348106
gly-gly,-160,-180,,-15.323538261606885
gly-gly,-160,-20,,-12.949568190098063
gly-gly,-160,-40,,-16.203235278493757
gly-gly,-160,-60,,-7.120417707530237
gly-gly,-160,-80,,-20.343530996614774
gly-gly,-160,0,,-22.166527105143146
gly-gly,-160,100,,-19.397229912605937
gly-gly,-160,120,,-21.849811588230523
gly-gly,-160,140,,-19.824639474420138
gly-gly,-160,160,,-6.555338215481626
gly-gly,-160,180,,-17.490279677648985
gly-gly,-160,20,,-21.68074435203264
gly-gly,-160,40,,-14.056115955800891
gly-gly,-160,60,,-7.8100603563959865
gly-gly,-160,80,,-19.10368009546005
gly-gly,-180,-100,,125.27478876599903
gly-gly,-180,-120,,128.21965993346706
gly-gly,-180,-140,,121.2813291462617
gly-gly,-180,-160,,135.31369037216086
gly-gly,-180,-180,,129.82180330770697
gly-gly,-180,-20,,124.89291009662574
gly-gly,-180,-40,,125.61116714483586
gly-gly,-180,-60,,136.2600061095311
gly-gly,-180,-80,,125.98442684382938
gly-gly,-180,0,,125.88046480453902
gly-gly,-180,100,,128.13933587580613
gly-gly,-180,120,,125.18581090792053
gly-gly,-180,140,,126.43464040051013
gly-gly,-180,160,,136.6337996348242
gly-gly,-180,180,,124.29121228754335
gly-gly,-180,20,,125.12331736746142
gly-gly,-180,40,,130.81087315221853
gly-gly,-180,60,,134.45706734814945
gly-gly,-180,80,,121.43110595247414
gly-gly,-20,-100,,-16.430111630871686
gly-gly,-20,-120,,14.709600696138878
gly-gly,-20,-140,,-14.593788143394718
gly-gly,-20,-160,,10.113775308604446
gly-gly,-20,-180,,-1.0004707629245218
gly-gly,-20,-20,,-7.624719368362477
gly-gly,-20,-40,,-7.962750745568215
gly-gly,-20,-60,,17.701492975479084
gly-gly,-20,-80,,-12.134652206219045
gly-gly,-20,0,,5.701925036296473
gly-gly,-20,100,,18.155937801157364
gly-gly,-20,120,,-17.233439018425315
gly-gly,-20,140,,-10.973829673429435
gly-gly,-20,160,,18.24850998580319
gly-gly,-20,180,,-9.819953664086036
gly-gly,-20,20,,-16.282619567447334
gly-gly,-20,40,,1.9035430167148633
gly-gly,-20,60,,7.388114257427347
gly-gly,-20,80,,-14.65161008094914
gly-gly,-40,-100,,-20.856694841724725
gly-gly,-40,-120,,-18.630053247224765
gly-gly,-40,-140,,-15.217148830819099
gly-gly,-40,-160,,-3.113892374746399
gly-gly,-40,-180,,-11.350484891956064
gly-gly,-40,-20,,-14.204678854945115
gly-gly,-40,-40,,-12.006376012774425
gly-gly,-40,-60,,-3.1085079366203985
gly-gly,-40,-80,,-17.166276175105082
gly-gly,-40,0,,-21.127453829329028
gly-gly,-40,100,,-19.268131096864025
gly-gly,-40,120,,-20.74805266812296
gly-gly,-40,140,,-16.457435337982886
gly-gly,-40,160,,-2.5590186074032104
gly-gly,-40,180,,-13.192573666740685
gly-gly,-40,20,,-19.66384227864924
gly-gly,-40,40,,-10.056482494584294
gly-gly,-40,60,,-3.9109046988187544
gly-gly,-40,80,,-14.936129151482973
gly-gly,-60,-100,,44.81529839768109
gly-gly,-60,-120,,50.7608235306831
gly-gly,-60,-140,,43.804353283884566
gly-gly,-60,-160,,57.50485705190542
gly-gly,-60,-180,,49.98498433303237
gly-gly,-60,-20,,50.30366904885473
gly-gly,-60,-40,,48.263290890461306
gly-gly,-60,-60,,57.510399326939776
gly-gly,-60,-80,,45.78723054361204
gly-gly,-60,0,,45.00165605980739
gly-gly,-60,100,,49.58684566801186
gly-gly,-60,120,,44.81340856577614
gly-gly,-60,140,,46.187441817027405
gly-gly,-60,160,,58.00490561725704
gly-gly,-60,180,,46.92631360799143
gly-gly,-60,20,,44.90504649426456
gly-gly,-60,40,,51.1015660987437
gly-gly,-60,60,,56.68934944650478
gly-gly,-60,80,,44.01932539376024
gly-gly,-80,-100,,90.31201666522358
gly-gly,-80,-120,,89.57446600407039
gly-gly,-80,-140,,83.41650761282976
gly-gly,-80,-160,,98.58753569043864
gly-gly,-80,-180,,94.87189060384665
gly-gly,-80,-20,,88.03061001077565
gly-gly,-80,-40,,86.67727821378861
gly-gly,-80,-60,,100.77402752770712
gly-gly,-80,-80,,91.25738099523237
gly-gly,-80,0,,90.00195882397546
gly-gly,-80,100,,89.65964352853341
gly-gly,-80,120,,90.30771025699993
gly-gly,-80,140,,91.60404677639616
gly-gly,-80,160,,101.00101408374236
gly-gly,-80,180,,85.18175060966425
gly-gly,-80,20,,90.40789916106529
gly-gly,-80,40,,95.80761101388183
gly-gly,-80,60,,97.35407343611352
gly-gly,-80,80,,83.95173414561498
gly-gly,0,-100,,45.72921508852107
gly-gly,0,-120,,8032.234170735793
gly-gly,0,-140,,1769.8870183914069
gly-gly,0,-160,,76.88407780449236
gly-gly,0,-180,,5659.187630815911
gly-gly,0,-20,,41026.53418212863
gly-gly,0,-40,,88.3480247676599
gly-gly,0,-60,,528.9966394813334
gly-gly,0,-80,,2673.0879953024314
gly-gly,0,0,,154.22852699277968
gly-gly,0,100,,4543.74098709226
gly-gly,0,120,,47.870343910149735
gly-gly,0,140,,3676.116940470911
gly-gly,0,160,,347.1454111631776
gly-gly,0,180,,123.21990104945161
gly-gly,0,20,,217.01776396255502
gly-gly,0,40,,4748.3982671557515
gly-gly,0,60,,66.6951264914842
gly-gly,0,80,,3236.7515460594554
gly-gly,100,-100,,35.06136943108601
gly-gly,100,-120,,7265.782679355951
gly-gly,100,-140,,40.776179677245494
gly-gly,100,-160,,129.81378962057613
gly-gly,100,-180,,819.4243931195787
gly-gly,100,-20,,1297.6393161831961
gly-gly,100,-40,,18.743477304921413
gly-gly,100,-60,,925.7098109842625
gly-gly,100,-80,,101.08792606512193
gly-gly,100,0,,782.7005975419534
gly-gly,100,100,,6886.795657593746
gly-gly,100,120,,23.47635509784589
gly-gly,100,140,,149.14714741467864
gly-gly,100,160,,721.6800055971025
gly-gly,100,180,,16.61811105311842
gly-gly,100,20,,15.109628092413672
gly-gly,100,40,,1023.4398950894209
gly-gly,100,60,,91.0743030167375
gly-gly,100,80,,63.23649356424194
gly-gly,120,-100,,6.706137906680155
gly-gly,120,-120,,40.54946080951579
gly-gly,120,-140,,1212.3326263048516
gly-gly,120,-160,,9.248206450759248
gly-gly,120,-180,,89.76496130961151
gly-gly,120,-20,,577.1437252694656
gly-gly,120,-40,,127.39149987454664
gly-gly,120,-60,,13.013345977842569
gly-gly,120,-80,,318.9613664360198
gly-gly,120,0,,-5.313426082840351
gly-gly,120,100,,22.755289523868043
gly-gly,120,120,,13.592214414094222
gly-gly,120,140,,289.7989428102628
gly-gly,120,160,,11.189584186717063
gly-gly,120,180,,206.73724330070613
gly-gly,120,20,,160.97862193226177
gly-gly,120,40,,65.47875780406318
gly-gly,120,60,,10.59133602860824
gly-gly,120,80,,1401.9585484636616
gly-gly,140,-100,,94.17215683246735
gly-gly,140,-120,,93.90699098533804
gly-gly,140,-140,,87.87365740032324
gly-gly,140,-160,,102.71337371758912
gly-gly,140,-180,,98.76503491850607
gly-gly,140,-20,,92.01437716554231
gly-gly,140,-40,,91.28549712028553
gly-gly,140,-60,,104.69485439842273
gly-gly,140,-80,,95.00327142504223
gly-gly,140,0,,94.11129777484356
gly-gly,140,100,,94.0600973778608
gly-gly,140,120,,94.16176136279782
gly-gly,140,140,,95.37609905896093
gly-gly,140,160,,104.94161294777399
gly-gly,140,180,,89.9182742148422
gly-gly,140,20,,94.1464600186337
gly-gly,140,40,,99.66563383766004
gly-gly,140,60,,101.52678532870921
gly-gly,140,80,,88.25767301490517
gly-gly,160,-100,,20.309264668023545
gly-gly,160,-120,,26.10931777661642
gly-gly,160,-140,,19.788955090784142
gly-gly,160,-160,,33.37370717500551
gly-gly,160,-180,,25.65062176039416
gly-gly,160,-20,,26.77837509269449
gly-gly,160,-40,,24.150002584615066
gly-gly,160,-60,,33.32045813529902
gly-gly,160,-80,,21.324950274777223
gly-gly,160,0,,20.39204056388209
gly-gly,160,100,,24.813146943501437
gly-gly,160,120,,20.32037032587725
gly-gly,160,140,,21.75470003037279
gly-gly,160,160,,33.84052545648106
gly-gly,160,180,,22.81365103716732
gly-gly,160,20,,20.39917713138157
gly-gly,160,40,,26.78100740972566
gly-gly,160,60,,32.580687314157814
gly-gly,160,80,,20.041970653582283
gly-gly,180,-100,,-19.56774085299068
gly-gly,180,-120,,-17.215829364836694
gly-gly,180,-140,,-13.593502642968133
gly-gly,180,-160,,-1.2988204804177812
gly-gly,180,-180,,-9.535200769577216
gly-gly,180,-20,,-13.168926241764794
gly-gly,180,-40,,-10.174564741186124
gly-gly,180,-60,,-1.297448361318608
gly-gly,180,-80,,-15.37548818144171
gly-gly,180,0,,-19.818390479677063
gly-gly,180,100,,-17.827860192168217
gly-gly,180,120,,-19.402076281476425
gly-gly,180,140,,-14.66949385720077
gly-gly,180,160,,-0.7561479817664676
gly-gly,180,180,,-11.374654059483603
gly-gly,180,20,,-18.076045332659227
gly-gly,180,40,,-8.231273085040627
gly-gly,180,60,,-2.097007896995038
gly-gly,180,80,,-13.395035077521499
gly-gly,20,-100,,7.482094330632847
gly-gly,20,-120,,5.278634657251615
gly-gly,20,-140,,10.946948708492656
gly-gly,20,-160,,14.949399204166454
gly-gly,20,-180,,13.200339739684132
gly-gly,20,-20,,12.39937391136668
gly-gly,20,-40,,7.077919227394972
gly-gly,20,-60,,16.997426007588736
gly-gly,20,-80,,14.023516478857474
gly-gly,20,0,,4.722675469190932
gly-gly,20,100,,4.720275214121571
gly-gly,20,120,,8.161933530911305
gly-gly,20,140,,13.65740162891477
gly-gly,20,160,,17.175232569145628
gly-gly,20,180,,6.916077512747933
gly-gly,20,20,,13.242240367889309
gly-gly,20,40,,13.611228685493877
gly-gly,20,60,,13.87490857530473
gly-gly,20,80,,12.176949434795034
gly-gly,40,-100,,142.44032487308732
gly-gly,40,-120,,146.14732107761805
gly-gly,40,-140,,139.0645656045971
gly-gly,40,-160,,152.9620361621842
gly-gly,40,-180,,147.17399599653334
gly-gly,40,-20,,142.72544467059785
gly-gly,40,-40,,143.4280790123666
gly-gly,40,-60,,153.74554676081794
gly-gly,40,-80,,143.25302396955956
gly-gly,40,0,,143.1721760734129
gly-gly,40,100,,145.9594624889758
gly-gly,40,120,,142.44497053699507
gly-gly,40,140,,143.62258595942183
gly-gly,40,160,,154.06655058327695
gly-gly,40,180,,142.06638590221897
gly-gly,40,20,,142.4216266081288
gly-gly,40,40,,148.14396701629187
gly-gly,40,60,,152.11933750262244
gly-gly,40,80,,139.09041385153986
gly-gly,60,-100,,-23.471088715744116
gly-gly,60,-120,,-20.248909376591953
gly-gly,60,-140,,-20.670698309600738
gly-gly,60,-160,,-8.227886757731866
gly-gly,60,-180,,-16.58408439560077
gly-gly,60,-20,,-14.650063110920271
gly-gly,60,-40,,-17.39680236060221
gly-gly,60,-60,,-8.321216986858346
gly-gly,60,-80,,-21.747982138173306
gly-gly,60,0,,-23.778394469280748
gly-gly,60,100,,-21.320692843036078
gly-gly,60,120,,-23.429017420813167
gly-gly,60,140,,-21.186105991190146
gly-gly,60,160,,-7.756055250514038
gly-gly,60,180,,-18.672929469015443
gly-gly,60,20,,-23.210075912100223
gly-gly,60,40,,-15.29268453347796
gly-gly,60,60,,-9.02669636581431
gly-gly,60,80,,-20.073301759645723
gly-gly,80,-100,,-17.77206259474452
gly-gly,80,-120,,-13.178956339753675
gly-gly,80,-140,,-10.147504369265057
gly-gly,80,-160,,4.38642921742629
gly-gly,80,-180,,-4.016206363939737
gly-gly,80,-20,,-10.779032931565652
gly-gly,80,-40,,-5.051166187499689
gly-gly,80,-60,,4.471935687586885
gly-gly,80,-80,,-10.163152867942578
gly-gly,80,0,,-18.900473539400934
gly-gly,80,100,,-13.978129969469478
gly-gly,80,120,,-17.166290040266233
gly-gly,80,140,,-9.370595755369791
gly-gly,80,160,,5.030247526399613
gly-gly,80,180,,-6.399872659944862
gly-gly,80,20,,-13.717795652950521
gly-gly,80,40,,-2.647088348949282
gly-gly,80,60,,3.537164403034822
gly-gly,80,80,,-10.376168550908645
gly-gly,-100,-100,,61.546376657610395
gly-gly,-100,-120,,301.08789893878867
gly-gly,-100,-140,,9883.882162790758
gly-gly,-100,-160,,65.64289654668954
gly-gly,-100,-180,,541.68351603628
gly-gly,-100,-20,,6908.529798434875
gly-gly,-100,-40,,423.6587102215285
gly-gly,-100,-60,,83.26291226819578
gly-gly,-100,-80,,1709.8617782788965
gly-gly,-100,0,,43.941911864336134
gly-gly,-100,100,,189.15824765582437
gly-gly,-100,120,,76.39547133611933
gly-gly,-100,140,,1641.2133286840908
gly-gly,-100,160,,74.51946988930307
gly-gly,-100,180,,736.6472953672984
gly-gly,-100,20,,550.2417795512591
gly-gly,-100,40,,389.9780136989067
gly-gly,-100,60,,69.00430525522782
gly-gly,-100,80,,13682.137589452672
gly-gly,-120,-100,,77.70799358614906
gly-gly,-120,-120,,5911.873467004533
gly-gly,-120,-140,,46.58973785467309
gly-gly,-120,-160,,177.77577095425488
gly-gly,-120,-180,,347.1514601114844
gly-gly,-120,-20,,605.9468968599908
gly-gly,-120,-40,,41.22292925678832
gly-gly,-120,-60,,692.7394897681869
gly-gly,-120,-80,,62.26645703827022
gly-gly,-120,0,,1353.9386294149738
gly-gly,-120,100,,6574.289391848344
gly-gly,-120,120,,56.27811767711111
gly-gly,-120,140,,80.75211015564784
gly-gly,-120,160,,605.8435239900705
gly-gly,-120,180,,37.44151370050898
gly-gly,-120,20,,28.39634841142822
gly-gly,-120,40,,445.64287818179264
gly-gly,-120,60,,135.1427343538621
gly-gly,-120,80,,57.97330754585184
gly-gly,-140,-100,,10.165675315434854
gly-gly,-140,-120,,18.636851456885978
gly-gly,-140,-140,,10.72516777605243
gly-gly,-140,-160,,29.590129204730857
gly-gly,-140,-180,,14.400750742224702
gly-gly,-140,-20,,18.841838221517833
gly-gly,-140,-40,,14.645412839936327
gly-gly,-140,-60,,28.263357173948833
gly-gly,-140,-80,,7.317202999591174
gly-gly,-140,0,,13.651217935395323
gly-gly,-140,100,,17.85110456319576
gly-gly,-140,120,,9.521445632919963
gly-gly,-140,140,,7.94794477337679
gly-gly,-140,160,,29.380351087179008
gly-gly,-140,180,,12.854622426895503
gly-gly,-140,20,,6.593184554212883
gly-gly,-140,40,,16.41217786895939
gly-gly,-140,60,,28.33162949489639
gly-gly,-140,80,,11.512648704733323
gly-gly,-160,-100,,1142.2740669747338
gly-gly,-160,-120,,1148.6003450221324
gly-gly,-160,-140,,1144.5382572258384
gly-gly,-160,-160,,1164.5384210122227
gly-gly,-160,-180,,1148.6114738239778
gly-gly,-160,-20,,1149.7262096617624
gly-gly,-160,-40,,1150.3884126922846
gly-gly,-160,-60,,1162.680609948806
gly-gly,-160,-80,,1141.5807302603712
gly-gly,-160,0,,1144.5493768903768
gly-gly,-160,100,,1147.4838118080747
gly-gly,-160,120,,1142.19447694207
gly-gly,-160,140,,1141.773982431822
gly-gly,-160,160,,1163.9979668337346
gly-gly,-160,180,,1148.2726640313058
gly-gly,-160,20,,1140.3472758773069
gly-gly,-160,40,,1150.414081872835
gly-gly,-160,60,,1163.565329739409
gly-gly,-160,80,,1145.3681523784771
gly-gly,-180,-100,,22424.56169006241
gly-gly,-180,-120,,22423.273525557233
gly-gly,-180,-140,,22429.529860046103
gly-gly,-180,-160,,22430.576763199304
gly-gly,-180,-180,,22410.893436546176
gly-gly,-180,-20,,22434.494686750757
gly-gly,-180,-40,,22428.184234030694
gly-gly,-180,-60,,22427.870673868143
gly-gly,-180,-80,,22423.81887503788
gly-gly,-180,0,,22426.69987764352
gly-gly,-180,100,,22432.61998845517
gly-gly,-180,120,,22402.044537756967
gly-gly,-180,140,,22429.206945758622
gly-gly,-180,160,,22436.452787896924
gly-gly,-180,180,,22421.081974503082
gly-gly,-180,20,,22412.056420191388
gly-gly,-180,40,,22437.358422534657
gly-gly,-180,60,,22431.283832049183
gly-gly,-180,80,,22427.55244654888
gly-gly,-20,-100,,19.773949724573257
gly-gly,-20,-120,,65.30253292875955
gly-gly,-20,-140,,10.999769912147187
gly-gly,-20,-160,,36.85009431063064
gly-gly,-20,-180,,18.393099272598036
gly-gly,-20,-20,,28.86374920884691
gly-gly,-20,-40,,15.330954483953377
gly-gly,-20,-60,,40.33043418420809
gly-gly,-20,-80,,6.9013507379980155
gly-gly,-20,0,,67.25760825081939
gly-gly,-20,100,,72.26029857388008
gly-gly,-20,120,,15.906414119277514
gly-gly,-20,140,,7.892412807374512
gly-gly,-20,160,,41.57043117949563
gly-gly,-20,180,,13.19708701532781
gly-gly,-20,20,,6.192803078763745
gly-gly,-20,40,,21.671755493493677
gly-gly,-20,60,,34.176544485438384
gly-gly,-20,80,,12.119183328836655
gly-gly,-40,-100,,2.5767389579520312
gly-gly,-40,-120,,10.00204016892178
gly-gly,-40,-140,,3.394273840112106
gly-gly,-40,-160,,23.42327414751925
gly-gly,-40,-180,,7.9959565703099855
gly-gly,-40,-20,,10.518383036392777
gly-gly,-40,-40,,8.196673665649925
gly-gly,-40,-60,,22.033738976285306
gly-gly,-40,-80,,0.719343886099935
gly-gly,-40,0,,5.3508373594585805
gly-gly,-40,100,,9.22498182527373
gly-gly,-40,120,,2.0771150225286306
gly-gly,-40,140,,1.4159533569781928
gly-gly,-40,160,,23.129618092698323
gly-gly,-40,180,,6.270801540065548
gly-gly,-40,20,,-0.29773783180993973
gly-gly,-40,40,,10.050931835580982
gly-gly,-40,60,,22.146546327427018
gly-gly,-40,80,,3.9977067238497312
gly-gly,-60,-100,,3982.472245126088
gly-gly,-60,-120,,3987.685482774638
gly-gly,-60,-140,,3985.866000418025
gly-gly,-60,-160,,4004.4051319433097
gly-gly,-60,-180,,3988.017324756126
gly-gly,-60,-20,,3991.1879154185513
gly-gly,-60,-40,,3991.8910604266316
gly-gly,-60,-60,,4003.7229509223675
gly-gly,-60,-80,,3982.8725020480297
gly-gly,-60,0,,3984.0886683069734
gly-gly,-60,100,,3988.356808869214
gly-gly,-60,120,,3981.9124542842424
gly-gly,-60,140,,3983.8965307898743
gly-gly,-60,160,,4004.6494283300053
gly-gly,-60,180,,3989.872737407142
gly-gly,-60,20,,3979.8567384403295
gly-gly,-60,40,,3991.8207023295395
gly-gly,-60,60,,4003.2154842986383
gly-gly,-60,80,,3988.3085954684843
gly-gly,-80,-100,,329.12203931387234
gly-gly,-80,-120,,338.30565935335017
gly-gly,-80,-140,,337.6318032268785
gly-gly,-80,-160,,354.0132603141057
gly-gly,-80,-180,,336.54930214517276
gly-gly,-80,-20,,342.095046632656
gly-gly,-80,-40,,340.9705890056189
gly-gly,-80,-60,,351.30433892535257
gly-gly,-80,-80,,328.9835210075928
gly-gly,-80,0,,331.7832947763733
gly-gly,-80,100,,337.185220211839
gly-gly,-80,120,,328.7084115230157
gly-gly,-80,140,,329.6939857296982
gly-gly,-80,160,,352.6418334852783
gly-gly,-80,180,,339.47277722080196
gly-gly,-80,20,,327.0404948783837
gly-gly,-80,40,,338.80983264857764
gly-gly,-80,60,,352.94884697180225
gly-gly,-80,80,,338.03681897626245
gly-gly,0,-100,,104.21100574607739
gly-gly,0,-120,,36641.00501984117
gly-gly,0,-140,,2561.669644568554
gly-gly,0,-160,,176.53925553302025
gly-gly,0,-180,,12467.131961258756
gly-gly,0,-20,,171946.65787270555
gly-gly,0,-40,,151.1567593470501
gly-gly,0,-60,,1363.8237427589543
gly-gly,0,-80,,3895.793212782065
gly-gly,0,0,,377.90075909314544
gly-gly,0,100,,18676.14577406508
gly-gly,0,120,,104.60379307393762
gly-gly,0,140,,5673.957443080637
gly-gly,0,160,,880.1508507160959
gly-gly,0,180,,190.5444880493062
gly-gly,0,20,,304.71205309726895
gly-gly,0,40,,11089.922999505618
gly-gly,0,60,,151.25032231532956
gly-gly,0,80,,5136.064538622585
gly-gly,100,-100,,86.3409871610956
gly-gly,100,-120,,13708.388176898832
gly-gly,100,-140,,70.0273153471952
gly-gly,100,-160,,220.07650788291113
gly-gly,100,-180,,722.8775429358165
gly-gly,100,-20,,1428.9357357681483
gly-gly,100,-40,,51.1170728420407
gly-gly,100,-60,,1147.846498065142
gly-gly,100,-80,,108.6512311487627
gly-gly,100,0,,1669.8662454383589
gly-gly,100,100,,14063.119956040693
gly-gly,100,120,,64.5894782740877
gly-gly,100,140,,147.28367277414526
gly-gly,100,160,,947.9540448620774
gly-gly,100,180,,47.48198024743681
gly-gly,100,20,,39.56791922806207
gly-gly,100,40,,926.2921350132428
gly-gly,100,60,,163.1026001884354
gly-gly,100,80,,92.09759325908531
gly-gly,120,-100,,50.70508122956552
gly-gly,120,-120,,155.34170114662882
gly-gly,120,-140,,6247.160615650508
gly-gly,120,-160,,56.845075038003955
gly-gly,120,-180,,262.66939973096913
gly-gly,120,-20,,2655.070964694692
gly-gly,120,-40,,399.71968289910376
gly-gly,120,-60,,60.78857672203597
gly-gly,120,-80,,901.8999800194097
gly-gly,120,0,,32.868584907918105
gly-gly,120,100,,104.83620664713945
gly-gly,120,120,,63.54653403782365
gly-gly,120,140,,829.0799212068937
gly-gly,120,160,,57.15860985684199
gly-gly,120,180,,675.2093165309335
gly-gly,120,20,,403.2587578405924
gly-gly,120,40,,195.30579477657056
gly-gly,120,60,,60.77466172313083
gly-gly,120,80,,7766.717522965425
gly-gly,140,-100,,737.3575242165252
gly-gly,140,-120,,746.6359032627812
gly-gly,140,-140,,745.0124713780389
gly-gly,140,-160,,762.0525060989299
gly-gly,140,-180,,745.1813980688268
gly-gly,140,-20,,750.3675265659456
gly-gly,140,-40,,748.5918770845549
gly-gly,140,-60,,759.7701804659008
gly-gly,140,-80,,737.6170885911704
gly-gly,140,0,,740.1260555074466
gly-gly,140,100,,745.3628069104027
gly-gly,140,120,,736.9232975195399
gly-gly,140,140,,738.2553737399475
gly-gly,140,160,,761.1460119513974
gly-gly,140,180,,746.7881917260347
gly-gly,140,20,,735.2654082559225
gly-gly,140,40,,747.4559089292608
gly-gly,140,60,,761.3316340203934
gly-gly,140,80,,745.284667195277
gly-gly,160,-100,,2072.11061543478
gly-gly,160,-120,,2077.3046673278077
gly-gly,160,-140,,2075.5732391742545
gly-gly,160,-160,,2094.8887501599465
gly-gly,160,-180,,2078.427301515129
gly-gly,160,-20,,2080.020882352108
gly-gly,160,-40,,2080.946816696795
gly-gly,160,-60,,2092.610008045492
gly-gly,160,-80,,2071.4094302998237
gly-gly,160,0,,2073.916453342336
gly-gly,160,100,,2076.489296851281
gly-gly,160,120,,2070.919205791555
gly-gly,160,140,,2071.659371477222
gly-gly,160,160,,2093.862216802176
gly-gly,160,180,,2078.862316363565
gly-gly,160,20,,2070.202079584572
gly-gly,160,40,,2079.733703290099
gly-gly,160,60,,2093.483293678717
gly-gly,160,80,,2076.701384820567
gly-gly,180,-100,,1.7437412088095243
gly-gly,180,-120,,9.365911184313575
gly-gly,180,-140,,2.547097804528377
gly-gly,180,-160,,22.390880110819822
gly-gly,180,-180,,7.059923919805598
gly-gly,180,-20,,9.911248348820749
gly-gly,180,-40,,7.190201499739828
gly-gly,180,-60,,21.05337397477099
gly-gly,180,-80,,-0.17207053141787299
gly-gly,180,0,,4.576924497981139
gly-gly,180,100,,8.552419137464497
gly-gly,180,120,,1.203418666605728
gly-gly,180,140,,0.5097626732450209
gly-gly,180,160,,22.125896170145495
gly-gly,180,180,,5.3013740163079035
gly-gly,180,20,,-1.1577894244189793
gly-gly,180,40,,9.10151377241526
gly-gly,180,60,,21.12163176718684
gly-gly,180,80,,3.195938685123437
gly-gly,20,-100,,28.594016616000417
gly-gly,20,-120,,36.61844751412542
gly-gly,20,-140,,116.60096140345831
gly-gly,20,-160,,51.79540611680612
gly-gly,20,-180,,34.852827176737335
gly-gly,20,-20,,64.17851223506327
gly-gly,20,-40,,73.42262594089988
gly-gly,20,-60,,46.35687178444897
gly-gly,20,-80,,36.737897024406934
gly-gly,20,0,,28.305634857090936
gly-gly,20,100,,34.42688044211654
gly-gly,20,120,,29.248710286468935
gly-gly,20,140,,35.75198015967206
gly-gly,20,160,,47.70397794318575
gly-gly,20,180,,83.06444428547204
gly-gly,20,20,,37.09353518748591
gly-gly,20,40,,35.98410981760331
gly-gly,20,60,,52.307007692592066
gly-gly,20,80,,113.03744468645826
gly-gly,40,-100,,34306.508115367906
gly-gly,40,-120,,34321.38150838227
gly-gly,40,-140,,34321.05384962694
gly-gly,40,-160,,34317.998583961926
gly-gly,40,-180,,34314.16123831877
gly-gly,40,-20,,34339.72678390533
gly-gly,40,-40,,34319.33175215252
gly-gly,40,-60,,34332.775579967565
gly-gly,40,-80,,34326.185399874565
gly-gly,40,0,,34321.92776336401
gly-gly,40,100,,34321.1244180271
gly-gly,40,120,,34295.43732685322
gly-gly,40,140,,34328.37164671143
gly-gly,40,160,,34322.64417625905
gly-gly,40,180,,34320.65672554905
gly-gly,40,20,,34307.74956048929
gly-gly,40,40,,34324.094012591566
gly-gly,40,60,,34345.74052022828
gly-gly,40,80,,34325.81359143739
gly-gly,60,-100,,732.0235787230445
gly-gly,60,-120,,738.105627713546
gly-gly,60,-140,,733.7852672763078
gly-gly,60,-160,,753.9971570542274
gly-gly,60,-180,,737.9700527870638
gly-gly,60,-20,,739.0541967191418
gly-gly,60,-40,,739.1551309518355
gly-gly,60,-60,,752.0208262330149
gly-gly,60,-80,,730.9164281164624
gly-gly,60,0,,734.3022377081883
gly-gly,60,100,,737.56788963922
gly-gly,60,120,,731.6552268699053
gly-gly,60,140,,731.284080699567
gly-gly,60,160,,753.4887690055597
gly-gly,60,180,,737.143563192889
gly-gly,60,20,,729.6224337322544
gly-gly,60,40,,739.7239881199285
gly-gly,60,60,,752.8341141578794
gly-gly,60,80,,734.2153917694409
gly-gly,80,-100,,11.107422659293547
gly-gly,80,-120,,20.01667316392647
gly-gly,80,-140,,11.423208203813246
gly-gly,80,-160,,30.237028354049343
gly-gly,80,-180,,14.922883229640746
gly-gly,80,-20,,19.73021840306447
gly-gly,80,-40,,15.272187987569112
gly-gly,80,-60,,28.940326376553088
gly-gly,80,-80,,7.828282172166439
gly-gly,80,0,,15.070844259373999
gly-gly,80,100,,19.31562525141385
gly-gly,80,120,,10.406735954273842
gly-gly,80,140,,8.478311977024518
gly-gly,80,160,,30.031259676879557
gly-gly,80,180,,13.473269172335606
gly-gly,80,20,,7.206037769374589
gly-gly,80,40,,16.97387592470048
gly-gly,80,60,,28.976346494641106
gly-gly,80,80,,12.230547818478144
gly-gly,-100,-100,,17.39882993993328
gly-gly,-100,-120,,71.07833222402085
gly-gly,-100,-140,,1441.8791388610873
gly-gly,-100,-160,,7.594868934560019
gly-gly,-100,-180,,148.80917536697498
gly-gly,-100,-20,,907.1811672807752
gly-gly,-100,-40,,127.23784242219844
gly-gly,-100,-60,,15.006525236642531
gly-gly,-100,-80,,482.50673848979415
gly-gly,-100,0,,5.263862159723729
gly-gly,-100,100,,45.06583214088511
gly-gly,-100,120,,24.65590368539973
gly-gly,-100,140,,451.8801506176736
gly-gly,-100,160,,11.544694707047988
gly-gly,-100,180,,208.06142141125466
gly-gly,-100,20,,200.15511805760184
gly-gly,-100,40,,107.6594429097147
gly-gly,-100,60,,9.268580438909737
gly-gly,-100,80,,1757.761092755122
gly-gly,-120,-100,,22.07436698874882
gly-gly,-120,-120,,2160.1384470800217
gly-gly,-120,-140,,17.581940173021884
gly-gly,-120,-160,,73.14277432170664
gly-gly,-120,-180,,295.2524189677802
gly-gly,-120,-20,,397.4902189177043
gly-gly,-120,-40,,8.539095441013473
gly-gly,-120,-60,,418.9356429400526
gly-gly,-120,-80,,43.09959062570566
gly-gly,-120,0,,403.1521138990501
gly-gly,-120,100,,2173.8066644402966
gly-gly,-120,120,,14.870221593967145
gly-gly,-120,140,,60.69411272764574
gly-gly,-120,160,,344.6347246487718
gly-gly,-120,180,,7.479330451397608
gly-gly,-120,20,,9.230149243131628
gly-gly,-120,40,,370.1949137116438
gly-gly,-120,60,,50.939797847988345
gly-gly,-120,80,,26.28676418018393
gly-gly,-140,-100,,-11.653711397985177
gly-gly,-140,-120,,-8.872253617050205
gly-gly,-140,-140,,-5.191475972232226
gly-gly,-140,-160,,-3.3288954990345516
gly-gly,-140,-180,,-3.5762139455647457
gly-gly,-140,-20,,-5.659648729642505
gly-gly,-140,-40,,-4.881177668455365
gly-gly,-140,-60,,-2.8972269340376116
gly-gly,-140,-80,,-5.006416695971211
gly-gly,-140,0,,-13.556199739819206
gly-gly,-140,100,,-9.659079383984903
gly-gly,-140,120,,-10.938559564827926
gly-gly,-140,140,,-4.719697226737281
gly-gly,-140,160,,-2.8803801322908384
gly-gly,-140,180,,-5.031871903101475
gly-gly,-140,20,,-7.086448607994292
gly-gly,-140,40,,-3.4219287529870357
gly-gly,-140,60,,-3.5344953022805967
gly-gly,-140,80,,-5.1299114954639435
gly-gly,-160,-100,,-16.6897834447768
gly-gly,-160,-120,,-14.265693159459943
gly-gly,-160,-140,,-14.928029344899265
gly-gly,-160,-160,,-14.660577419818338
gly-gly,-160,-180,,-14.825685030706097
gly-gly,-160,-20,,-9.140961942759198
gly-gly,-160,-40,,-16.135050745526797
gly-gly,-160,-60,,-14.338570988930051
gly-gly,-160,-80,,-15.236343668653731
gly-gly,-160,0,,-17.87279593648627
gly-gly,-160,100,,-15.311708950288654
gly-gly,-160,120,,-16.411080422979545
gly-gly,-160,140,,-15.199858622908941
gly-gly,-160,160,,-14.307760616089134
gly-gly,-160,180,,-16.226878101226816
gly-gly,-160,20,,-15.342105822774037
gly-gly,-160,40,,-14.748534878006595
gly-gly,-160,60,,-14.863991842639415
gly-gly,-160,80,,-14.159734423915054
gly-gly,-180,-100,,-8.031331569336878
gly-gly,-180,-120,,-6.2947375165032255
gly-gly,-180,-140,,-12.093725657085969
gly-gly,-180,-160,,-10.686151551389045
gly-gly,-180,-180,,-8.003511683821358
gly-gly,-180,-20,,-8.291363999767157
gly-gly,-180,-40,,-12.635984054980597
gly-gly,-180,-60,,-9.260461878768432
gly-gly,-180,-80,,-7.271115592932269
gly-gly,-180,0,,-8.518902424043965
gly-gly,-180,100,,-6.501160699367482
gly-gly,-180,120,,-7.805284965473568
gly-gly,-180,140,,-7.365296276276645
gly-gly,-180,160,,-9.44181442722698
gly-gly,-180,180,,-12.740650883041127
gly-gly,-180,20,,-6.929553433581965
gly-gly,-180,40,,-8.181564184407762
gly-gly,-180,60,,-11.003838324043826
gly-gly,-180,80,,-11.725567310009119
gly-gly,-20,-100,,-9.044501359358094
gly-gly,-20,-120,,11.71132791610492
gly-gly,-20,-140,,-6.5457437857673355
gly-gly,-20,-160,,4.071412566176292
gly-gly,-20,-180,,1.924467351474597
gly-gly,-20,-20,,-1.098994922485673
gly-gly,-20,-40,,-4.649321270386942
gly-gly,-20,-60,,10.628402570335254
gly-gly,-20,-80,,-3.6782991416133655
gly-gly,-20,0,,2.2896216055607255
gly-gly,-20,100,,13.090257833186769
gly-gly,-20,120,,-9.047316875437332
gly-gly,-20,140,,-3.0501185424453823
gly-gly,-20,160,,10.606568364562584
gly-gly,-20,180,,-5.262913970365865
gly-gly,-20,20,,-6.364655466861755
gly-gly,-20,40,,3.3384143878609507
gly-gly,-20,60,,2.343172198696564
gly-gly,-20,80,,-6.397568049308745
gly-gly,-40,-100,,-12.049475770308561
gly-gly,-40,-120,,-10.653594824954794
gly-gly,-40,-140,,-7.167548535208766
gly-gly,-40,-160,,-7.225762355325855
gly-gly,-40,-180,,-7.381151199137371
gly-gly,-40,-20,,-6.216690095471421
gly-gly,-40,-40,,-8.412511951929893
gly-gly,-40,-60,,-6.808262498846439
gly-gly,-40,-80,,-8.53775075431156
gly-gly,-40,0,,-13.20799641339422
gly-gly,-40,100,,-11.31373906441663
gly-gly,-40,120,,-11.687147214831867
gly-gly,-40,140,,-8.32957838164561
gly-gly,-40,160,,-6.781467533562058
gly-gly,-40,180,,-8.430467966823812
gly-gly,-40,20,,-9.74196215205054
gly-gly,-40,40,,-7.243646073349261
gly-gly,-40,60,,-7.399193166958369
gly-gly,-40,80,,-6.688963597772641
gly-gly,-60,-100,,-15.42588422911534
gly-gly,-60,-120,,-11.275311103421593
gly-gly,-60,-140,,-16.69761708935907
gly-gly,-60,-160,,-15.523471628961914
gly-gly,-60,-180,,-14.874286720765511
gly-gly,-60,-20,,-10.602071841938198
gly-gly,-60,-40,,-17.026020651073352
gly-gly,-60,-60,,-15.070559298320354
gly-gly,-60,-80,,-14.509985220647877
gly-gly,-60,0,,-16.213801912478473
gly-gly,-60,100,,-12.354794760885945
gly-gly,-60,120,,-15.147496967882319
gly-gly,-60,140,,-14.582623003596133
gly-gly,-60,160,,-15.08985529600509
gly-gly,-60,180,,-17.16626792217197
gly-gly,-60,20,,-14.192755278688082
gly-gly,-60,40,,-14.92172123283882
gly-gly,-60,60,,-15.712896165359325
gly-gly,-60,80,,-16.222712315100523
gly-gly,-80,-100,,-5.111560240498598
gly-gly,-80,-120,,-6.566206988806748
gly-gly,-80,-140,,-12.07123174971484
gly-gly,-80,-160,,-9.731327895388645
gly-gly,-80,-180,,-5.185019473358075
gly-gly,-80,-20,,-7.390473489256458
gly-gly,-80,-40,,-13.788787161503492
gly-gly,-80,-60,,-7.009238993929621
gly-gly,-80,-80,,-4.221012266002958
gly-gly,-80,0,,-6.461390406549519
gly-gly,-80,100,,-6.577495394953189
gly-gly,-80,120,,-4.823605249318355
gly-gly,-80,140,,-4.334029446868541
gly-gly,-80,160,,-7.340966039912203
gly-gly,-80,180,,-13.970886321391895
gly-gly,-80,20,,-3.8088336055280436
gly-gly,-80,40,,-5.415079351102079
gly-gly,-80,60,,-10.369228019311251
gly-gly,-80,80,,-11.267461544561392
gly-gly,0,-100,,38.42892051007022
gly-gly,0,-120,,4532.560393930972
gly-gly,0,-140,,1249.0438959207809
gly-gly,0,-160,,51.93025302461383
gly-gly,0,-180,,3629.8143536312646
gly-gly,0,-20,,21861.253077524536
gly-gly,0,-40,,68.30815306554521
gly-gly,0,-60,,362.0326660682333
gly-gly,0,-80,,1839.2700625843886
gly-gly,0,0,,110.1791011728534
gly-gly,0,100,,2652.4687651750105
gly-gly,0,120,,40.55285721413288
gly-gly,0,140,,2481.8885686225444
gly-gly,0,160,,239.30082440397052
gly-gly,0,180,,96.13348225770413
gly-gly,0,20,,169.43868767262364
gly-gly,0,40,,3051.7424329531323
gly-gly,0,60,,44.984207404586215
gly-gly,0,80,,2202.3374032354504
gly-gly,100,-100,,26.842347946682594
gly-gly,100,-120,,4018.3881378352044
gly-gly,100,-140,,35.094029596872616
gly-gly,100,-160,,85.02633984491725
gly-gly,100,-180,,578.0789479555502
gly-gly,100,-20,,889.1113413809835
gly-gly,100,-40,,13.530186998409611
gly-gly,100,-60,,604.496758601892
gly-gly,100,-80,,82.30535804910653
gly-gly,100,0,,461.9945737547091
gly-gly,100,100,,3756.1214472470538
gly-gly,100,120,,19.68414707264381
gly-gly,100,140,,117.79932555070974
gly-gly,100,160,,471.7627773473466
gly-gly,100,180,,12.875079915079922
gly-gly,100,20,,16.39203886235002
gly-gly,100,40,,708.2212298145973
gly-gly,100,60,,59.161069210475034
gly-gly,100,80,,52.80886136228632
gly-gly,120,-100,,12.40431778599293
gly-gly,120,-120,,33.87517325032235
gly-gly,120,-140,,868.8338850773541
gly-gly,120,-160,,3.1235856601141947
gly-gly,120,-180,,74.28047134848197
gly-gly,120,-20,,404.96057590419946
gly-gly,120,-40,,103.7458017318115
gly-gly,120,-60,,6.707280255995784
gly-gly,120,-80,,262.02652439662336
gly-gly,120,0,,0.6090895561684135
gly-gly,120,100,,20.997669226669032
gly-gly,120,120,,18.596666429352453
gly-gly,120,140,,237.44811458039362
gly-gly,120,160,,4.786696279311002
gly-gly,120,180,,165.73837937795736
gly-gly,120,20,,141.93739277157454
gly-gly,120,40,,53.997746545959195
gly-gly,120,60,,4.72424122007493
gly-gly,120,80,,986.850766236351
gly-gly,140,-100,,-5.188727437079351
gly-gly,140,-120,,-6.2167659328608735
gly-gly,140,-140,,-11.600782853090777
gly-gly,140,-160,,-9.527527006564306
gly-gly,140,-180,,-5.287387728372238
gly-gly,140,-20,,-7.308784633359622
gly-gly,140,-40,,-13.075010852150555
gly-gly,140,-60,,-7.003249038661991
gly-gly,140,-80,,-4.386922079968272
gly-gly,140,0,,-6.32858565973693
gly-gly,140,100,,-6.212935783103198
gly-gly,140,120,,-4.927641393929285
gly-gly,140,140,,-4.5006115949208905
gly-gly,140,160,,-7.328355587687675
gly-gly,140,180,,-13.220227067524988
gly-gly,140,20,,-3.9929235650959924
gly-gly,140,40,,-5.487454582753017
gly-gly,140,60,,-10.105894894773066
gly-gly,140,80,,-10.925055406366319
gly-gly,160,-100,,-16.0706781448203
gly-gly,160,-120,,-12.049052543069344
gly-gly,160,-140,,-16.890853697002335
gly-gly,160,-160,,-15.808408703741698
gly-gly,160,-180,,-15.370940612094167
gly-gly,160,-20,,-10.47122953369044
gly-gly,160,-40,,-17.31463126532038
gly-gly,160,-60,,-15.428754742834101
gly-gly,160,-80,,-15.112980951015906
gly-gly,160,0,,-16.944436840216646
gly-gly,160,100,,-13.194888326625488
gly-gly,160,120,,-15.796896261051387
gly-gly,160,140,,-15.173165346676193
gly-gly,160,160,,-15.418802804657084
gly-gly,160,180,,-17.472218211516534
gly-gly,160,20,,-14.819194203155575
gly-gly,160,40,,-15.397199541805975
gly-gly,160,60,,-15.998339628564814
gly-gly,160,80,,-16.363690991164916
gly-gly,180,-100,,-11.47377295657786
gly-gly,180,-120,,-9.99537049986219
gly-gly,180,-140,,-6.309319091277153
gly-gly,180,-160,,-6.159564524550532
gly-gly,180,-180,,-6.311249782363234
gly-gly,180,-20,,-5.826815379026314
gly-gly,180,-40,,-7.3536914734112955
gly-gly,180,-60,,-5.758601781515381
gly-gly,180,-80,,-7.513528719915122
gly-gly,180,0,,-12.664800286674371
gly-gly,180,100,,-10.631280255074564
gly-gly,180,120,,-11.085991855979053
gly-gly,180,140,,-7.306988236776341
gly-gly,180,160,,-5.733438941863071
gly-gly,180,180,,-7.3782794093498865
gly-gly,180,20,,-8.905522957086916
gly-gly,180,40,,-6.18744102496494
gly-gly,180,60,,-6.330835655937278
gly-gly,180,80,,-5.90793630682424
gly-gly,20,-100,,-4.201843746728883
gly-gly,20,-120,,-7.469799616707199
gly-gly,20,-140,,-4.572727628032482
gly-gly,20,-160,,-9.725619584634494
gly-gly,20,-180,,-3.5094793560949356
gly-gly,20,-20,,-1.9994800919220808
gly-gly,20,-40,,-11.119910919864502
gly-gly,20,-60,,-7.066225542608031
gly-gly,20,-80,,1.4141664740768576
gly-gly,20,0,,-7.876863154847243
gly-gly,20,100,,-7.960287260220021
gly-gly,20,120,,-3.2933294649561375
gly-gly,20,140,,0.6162431742480123
gly-gly,20,160,,-7.433698169622204
gly-gly,20,180,,-10.498250048866893
gly-gly,20,20,,2.291514969619712
gly-gly,20,40,,-4.190937375174229
gly-gly,20,60,,-10.249912021803887
gly-gly,20,80,,-3.2054267187300667
gly-gly,40,-100,,-9.098934082091397
gly-gly,40,-120,,-6.773132261066628
gly-gly,40,-140,,-12.77699741161755
gly-gly,40,-160,,-11.389542702990596
gly-gly,40,-180,,-9.043153881241778
gly-gly,40,-20,,-8.80431280347392
gly-gly,40,-40,,-13.201065785624003
gly-gly,40,-60,,-10.168600666144997
gly-gly,40,-80,,-8.320795273957202
gly-gly,40,0,,-9.575411628060934
gly-gly,40,100,,-7.090404084561321
gly-gly,40,120,,-8.881216038905784
gly-gly,40,140,,-8.4224147909121
gly-gly,40,160,,-10.327631390611153
gly-gly,40,180,,-13.323300936395142
gly-gly,40,20,,-7.986818359511844
gly-gly,40,40,,-9.201819454383823
gly-gly,40,60,,-11.674149363962393
gly-gly,40,80,,-12.411338016921427
gly-gly,60,-100,,-16.30821036364768
gly-gly,60,-120,,-14.195097291386858
gly-gly,60,-140,,-14.004430933064185
gly-gly,60,-160,,-13.917787643449536
gly-gly,60,-180,,-14.119443910283756
gly-gly,60,-20,,-8.829950560713613
gly-gly,60,-40,,-15.35961187932098
gly-gly,60,-60,,-13.570629098442225
gly-gly,60,-80,,-14.66454673702438
gly-gly,60,0,,-17.49556624687912
gly-gly,60,100,,-15.157560129637737
gly-gly,60,120,,-16.024621330798723
gly-gly,60,140,,-14.593539943154397
gly-gly,60,160,,-13.541478074612513
gly-gly,60,180,,-15.427480210118418
gly-gly,60,20,,-14.894664169705017
gly-gly,60,40,,-14.026835273170889
gly-gly,60,60,,-14.110368583225117
gly-gly,60,80,,-13.204810587623868
gly-gly,80,-100,,-12.118118182665413
gly-gly,80,-120,,-8.93501338095328
gly-gly,80,-140,,-5.44664153741212
gly-gly,80,-160,,-3.119494797815193
gly-gly,80,-180,,-3.429602772540214
gly-gly,80,-20,,-5.844852851029003
gly-gly,80,-40,,-4.877667864726789
gly-gly,80,-60,,-2.6372758670003194
gly-gly,80,-80,,-4.918679813692805
gly-gly,80,0,,-14.374150323716947
gly-gly,80,100,,-9.813126080066212
gly-gly,80,120,,-11.294574621280688
gly-gly,80,140,,-4.6328119932771585
gly-gly,80,160,,-2.6166498620567467
gly-gly,80,180,,-5.076401133319472
gly-gly,80,20,,-7.1135488700925364
gly-gly,80,40,,-3.2552293053129446
gly-gly,80,60,,-3.327223549505945
gly-gly,80,80,,-5.434535050654759
gly-gly,,,-100,7134664.331818488
gly-gly,,,-120,1247108028.0877335
gly-gly,,,-140,5460988.299855554
gly-gly,,,-160,65543.86690668974
gly-gly,,,-180,409850614.98187816
gly-gly,,,-20,1309.1264991648245
gly-gly,,,-40,9835123.630190745
gly-gly,,,-60,10293623.81303277
gly-gly,,,-80,566237865.499326
gly-gly,,,0,101.16180658576594
gly-gly,,,100,2156305.4370597843
gly-gly,,,120,1135084276.9769347
gly-gly,,,140,9551.256627711075
gly-gly,,,160,3519473.8802254014
gly-gly,,,180,409850614.98187816
gly-gly,,,20,169.75617366001356
gly-gly,,,40,2701.997588928351
gly-gly,,,60,8517.836590424555
gly-gly,,,80,2108.3195804097672
