name,phi,psi,theta,mmff_energy
gly-gly,-100,-100,,52.06096787510346
gly-gly,-100,-120,,53.046763156165014
gly-gly,-100,-140,,105.85736699740015
gly-gly,-100,-160,,51.70703653838321
gly-gly,-100,-180,,64.61564977279541
gly-gly,-100,-20,,133.97603251757215
gly-gly,-100,-40,,52.25891544018691
gly-gly,-100,-60,,53.83982180312097
gly-gly,-100,-80,,80.47259973749425
gly-gly,-100,0,,45.285957812209794
gly-gly,-100,100,,48.764993924790716
gly-gly,-100,120,,53.63875080623683
gly-gly,-100,140,,79.2897459064821
gly-gly,-100,160,,53.024089536965455
gly-gly,-100,180,,53.81648161091985
gly-gly,-100,20,,68.77016769469532
gly-gly,-100,40,,61.8689663447812
gly-gly,-100,60,,51.88738483238617
gly-gly,-100,80,,154.25521434261427
gly-gly,-120,-100,,45.57936794326747
gly-gly,-120,-120,,290.2001914625643
gly-gly,-120,-140,,44.42515544102605
gly-gly,-120,-160,,67.63557057153325
gly-gly,-120,-180,,74.66774088124939
gly-gly,-120,-20,,71.7578803709813
gly-gly,-120,-40,,51.000379773611826
gly-gly,-120,-60,,87.32168592668485
gly-gly,-120,-80,,53.417026166954415
gly-gly,-120,0,,61.01680208298573
gly-gly,-120,100,,360.4016566716227
gly-gly,-120,120,,45.31703469928239
gly-gly,-120,140,,55.85493309382235
gly-gly,-120,160,,84.36921136420719
gly-gly,-120,180,,49.13908309373002
gly-gly,-120,20,,46.3540584001413
gly-gly,-120,40,,79.08449510705384
gly-gly,-120,60,,65.15290124080725
gly-gly,-120,80,,44.69383413795649
gly-gly,-140,-100,,33.05158646759671
gly-gly,-140,-120,,29.01090718277648
gly-gly,-140,-140,,37.550193637510006
gly-gly,-140,-160,,48.62924322809016
gly-gly,-140,-180,,38.975673592254324
gly-gly,-140,-20,,30.15010855914698
gly-gly,-140,-40,,43.88735811873231
gly-gly,-140,-60,,46.41512819637954
gly-gly,-140,-80,,36.151732837958924
gly-gly,-140,0,,30.57973168100902
gly-gly,-140,100,,29.27322590488819
gly-gly,-140,120,,33.49081363254162
gly-gly,-140,140,,36.421697723357056
gly-gly,-140,160,,46.83786075308688
gly-gly,-140,180,,42.65358622166893
gly-gly,-140,20,,35.180281946050705
gly-gly,-140,40,,39.92198077674404
gly-gly,-140,60,,48.92287179628821
gly-gly,-140,80,,36.52722461861567
gly-gly,-160,-100,,37.16499567028892
gly-gly,-160,-120,,35.42108821959479
gly-gly,-160,-140,,37.99991461661813
gly-gly,-160,-160,,45.76446672066905
gly-gly,-160,-180,,36.093131809639104
gly-gly,-160,-20,,47.01645876269542
gly-gly,-160,-40,,41.743449236789075
gly-gly,-160,-60,,43.259583305876525
gly-gly,-160,-80,,34.63909792730915
gly-gly,-160,0,,35.241734953626434
gly-gly,-160,100,,34.283507279365836
gly-gly,-160,120,,37.1884583390042
gly-gly,-160,140,,34.593072251749476
gly-gly,-160,160,,43.702871988746644
gly-gly,-160,180,,40.68209074618596
gly-gly,-160,20,,36.05427327708226
gly-gly,-160,40,,36.93182347688335
gly-gly,-160,60,,46.13453754163575
gly-gly,-160,80,,38.27022830847148
gly-gly,-180,-100,,55.342613587283566
gly-gly,-180,-120,,53.519621311358904
gly-gly,-180,-140,,48.70520729230502
gly-gly,-180,-160,,57.87938973034987
gly-gly,-180,-180,,51.63482233322136
gly-gly,-180,-20,,47.02761303125636
gly-gly,-180,-40,,53.476519177115364
gly-gly,-180,-60,,56.55829740257741
gly-gly,-180,-80,,51.75735023576537
gly-gly,-180,0,,54.41892885252878
gly-gly,-180,100,,53.99714903237434
gly-gly,-180,120,,55.296545453734055
gly-gly,-180,140,,51.52108863232135
gly-gly,-180,160,,56.74881897643997
gly-gly,-180,180,,52.4182649907144
gly-gly,-180,20,,53.85175698801079
gly-gly,-180,40,,52.1364772093964
gly-gly,-180,60,,58.136945846052434
gly-gly,-180,80,,48.11644090323996
gly-gly,-20,-100,,33.099673508091
gly-gly,-20,-120,,37.57509580012617
gly-gly,-20,-140,,36.94811980764926
gly-gly,-20,-160,,53.65165049638061
gly-gly,-20,-180,,43.467370596524674
gly-gly,-20,-20,,32.59943161166009
gly-gly,-20,-40,,45.39063745695128
gly-gly,-20,-60,,53.152557410863146
gly-gly,-20,-80,,38.936648591921184
gly-gly,-20,0,,28.676043549045588
gly-gly,-20,100,,37.084595745227716
gly-gly,-20,120,,34.07979110881191
gly-gly,-20,140,,39.391207916545625
gly-gly,-20,160,,53.55941736138562
gly-gly,-20,180,,43.73917303711115
gly-gly,-20,20,,37.243889846534735
gly-gly,-20,40,,44.81774020199027
gly-gly,-20,60,,53.41990693112813
gly-gly,-20,80,,35.776737980698904
gly-gly,-40,-100,,35.31363872227303
gly-gly,-40,-120,,29.88952992228211
gly-gly,-40,-140,,39.23908828648853
gly-gly,-40,-160,,47.20378104056658
gly-gly,-40,-180,,37.59848720735782
gly-gly,-40,-20,,34.84394703164576
gly-gly,-40,-40,,43.136755620831664
gly-gly,-40,-60,,44.907088405662996
gly-gly,-40,-80,,35.15444165048045
gly-gly,-40,0,,33.26689311727537
gly-gly,-40,100,,30.06774745718134
gly-gly,-40,120,,35.42652723031835
gly-gly,-40,140,,35.32349720075318
gly-gly,-40,160,,45.32186238168134
gly-gly,-40,180,,42.11018190505091
gly-gly,-40,20,,35.245176830673984
gly-gly,-40,40,,38.51305649926064
gly-gly,-40,60,,47.54803796118553
gly-gly,-40,80,,39.015632815974115
gly-gly,-60,-100,,46.28260156520004
gly-gly,-60,-120,,51.0677536825477
gly-gly,-60,-140,,43.15736874112001
gly-gly,-60,-160,,52.025836306671394
gly-gly,-60,-180,,43.40421981088319
gly-gly,-60,-20,,49.544554734930614
gly-gly,-60,-40,,48.080807942027675
gly-gly,-60,-60,,49.65795378054474
gly-gly,-60,-80,,42.98596023561923
gly-gly,-60,0,,44.98653169891658
gly-gly,-60,100,,48.759744721515844
gly-gly,-60,120,,46.276555120203
gly-gly,-60,140,,42.7916468192265
gly-gly,-60,160,,50.043163996973334
gly-gly,-60,180,,46.993635569490124
gly-gly,-60,20,,44.950905642248344
gly-gly,-60,40,,44.06007839651108
gly-gly,-60,60,,52.4089328835399
gly-gly,-60,80,,42.737048537703885
gly-gly,-80,-100,,51.91060692951646
gly-gly,-80,-120,,43.52788869277166
gly-gly,-80,-140,,42.20810860479024
gly-gly,-80,-160,,52.02820550172793
gly-gly,-80,-180,,47.83755081937319
gly-gly,-80,-20,,40.798072439514684
gly-gly,-80,-40,,45.68635146335231
gly-gly,-80,-60,,51.99938569374476
gly-gly,-80,-80,,48.34427814961256
gly-gly,-80,0,,49.656507352598325
gly-gly,-80,100,,44.48957484534402
gly-gly,-80,120,,51.94800697920465
gly-gly,-80,140,,48.04859478209817
gly-gly,-80,160,,52.025009633317254
gly-gly,-80,180,,44.543548210899786
gly-gly,-80,20,,50.66397059339098
gly-gly,-80,40,,48.262654046436616
gly-gly,-80,60,,51.989383065790804
gly-gly,-80,80,,42.098744717042806
gly-gly,0,-100,,54.87600096703612
gly-gly,0,-120,,190.15919836081815
gly-gly,0,-140,,90.28885857314637
gly-gly,0,-160,,64.40106809635988
gly-gly,0,-180,,149.29182821836594
gly-gly,0,-20,,1388.5941823083992
gly-gly,0,-40,,58.15470950598406
gly-gly,0,-60,,87.0357483489315
gly-gly,0,-80,,119.20617399490372
gly-gly,0,0,,58.265358056755574
gly-gly,0,100,,140.13088735235925
gly-gly,0,120,,55.710766936288024
gly-gly,0,140,,130.3438449954271
gly-gly,0,160,,80.71837694956864
gly-gly,0,180,,58.948424923801795
gly-gly,0,20,,69.93129795250339
gly-gly,0,40,,142.22343712082332
gly-gly,0,60,,63.16627642432502
gly-gly,0,80,,107.702901259742
gly-gly,100,-100,,47.74728355056439
gly-gly,100,-120,,583.9517631640958
gly-gly,100,-140,,47.328602389086875
gly-gly,100,-160,,69.36255695499088
gly-gly,100,-180,,87.35548358641968
gly-gly,100,-20,,91.89212767721949
gly-gly,100,-40,,52.13687224168987
gly-gly,100,-60,,95.32169673515241
gly-gly,100,-80,,58.938233386552724
gly-gly,100,0,,65.23896936634584
gly-gly,100,100,,593.0995370423673
gly-gly,100,120,,47.38495870844249
gly-gly,100,140,,62.37073908853692
gly-gly,100,160,,90.71257356228405
gly-gly,100,180,,50.37406262853678
gly-gly,100,20,,48.79348016653248
gly-gly,100,40,,92.5725001909129
gly-gly,100,60,,66.57800436523809
gly-gly,100,80,,48.4172913991829
gly-gly,120,-100,,50.73937975815703
gly-gly,120,-120,,46.8075957000233
gly-gly,120,-140,,93.3766858751834
gly-gly,120,-160,,49.82396060053274
gly-gly,120,-180,,57.2541508514492
gly-gly,120,-20,,97.13271889011753
gly-gly,120,-40,,48.60465430024946
gly-gly,120,-60,,51.11834712055844
gly-gly,120,-80,,70.0203959873935
gly-gly,120,0,,43.9526937447163
gly-gly,120,100,,44.087038528818354
gly-gly,120,120,,52.1731384385333
gly-gly,120,140,,68.636811010348
gly-gly,120,160,,50.58218681756286
gly-gly,120,180,,49.34712194388568
gly-gly,120,20,,64.2188173776709
gly-gly,120,40,,55.44671343266947
gly-gly,120,60,,49.98626972486251
gly-gly,120,80,,127.59357063975915
gly-gly,140,-100,,52.66000872847249
gly-gly,140,-120,,44.99725236682854
gly-gly,140,-140,,43.52734517886874
gly-gly,140,-160,,53.15379266391251
gly-gly,140,-180,,48.63812690236886
gly-gly,140,-20,,41.724360012527896
gly-gly,140,-40,,47.304092565172894
gly-gly,140,-60,,52.91443114166594
gly-gly,140,-80,,49.04686340842724
gly-gly,140,0,,50.69762837469928
gly-gly,140,100,,45.97349223489377
gly-gly,140,120,,52.6736188707281
gly-gly,140,140,,48.76639178845339
gly-gly,140,160,,52.96296186344358
gly-gly,140,180,,46.20089290857463
gly-gly,140,20,,51.31612964900522
gly-gly,140,40,,49.075771501970976
gly-gly,140,60,,53.170204290808165
gly-gly,140,80,,43.26660824512126
gly-gly,160,-100,,43.90569076390503
gly-gly,160,-120,,48.02977626762353
gly-gly,160,-140,,41.367567197932516
gly-gly,160,-160,,50.130250478504294
gly-gly,160,-180,,41.236554862670545
gly-gly,160,-20,,49.442313412676015
gly-gly,160,-40,,46.180075123934245
gly-gly,160,-60,,47.691635517207644
gly-gly,160,-80,,40.677002352027735
gly-gly,160,0,,42.47380214968063
gly-gly,160,100,,45.65925137264439
gly-gly,160,120,,43.90551315277571
gly-gly,160,140,,40.50035305125044
gly-gly,160,160,,48.09486252759818
gly-gly,160,180,,45.09054615469574
gly-gly,160,20,,42.598798110747296
gly-gly,160,40,,41.92598834110346
gly-gly,160,60,,50.514410727820305
gly-gly,160,80,,41.04111764081111
gly-gly,180,-100,,35.090951876658465
gly-gly,180,-120,,29.652690022577048
gly-gly,180,-140,,39.12888470734701
gly-gly,180,-160,,47.501173907139616
gly-gly,180,-180,,37.91682771819505
gly-gly,180,-20,,33.692934077253824
gly-gly,180,-40,,43.387303742472405
gly-gly,180,-60,,45.219803566267224
gly-gly,180,-80,,35.39864592228963
gly-gly,180,0,,33.040511386453545
gly-gly,180,100,,29.894510558805013
gly-gly,180,120,,35.23307619793047
gly-gly,180,140,,35.58760043976953
gly-gly,180,160,,45.63366215494966
gly-gly,180,180,,42.340328399472426
gly-gly,180,20,,35.288758277031526
gly-gly,180,40,,38.83648666988662
gly-gly,180,60,,47.8408466809412
gly-gly,180,80,,38.729965819186944
gly-gly,20,-100,,45.94826915685381
gly-gly,20,-120,,35.14479509232323
gly-gly,20,-140,,32.986816073340094
gly-gly,20,-160,,44.467827412348754
gly-gly,20,-180,,42.12032058901718
gly-gly,20,-20,,38.774753494528056
gly-gly,20,-40,,34.944994367049134
gly-gly,20,-60,,45.13912155418582
gly-gly,20,-80,,44.259777929265724
gly-gly,20,0,,41.62902240625357
gly-gly,20,100,,35.712662240687955
gly-gly,20,120,,46.34843977869156
gly-gly,20,140,,43.707686386991966
gly-gly,20,160,,45.06865656805617
gly-gly,20,180,,33.170114325120906
gly-gly,20,20,,46.84881013174882
gly-gly,20,40,,42.3155206441652
gly-gly,20,60,,44.214673765076
gly-gly,20,80,,34.739791429540006
gly-gly,40,-100,,55.67592935697874
gly-gly,40,-120,,55.42000178949438
gly-gly,40,-140,,49.53021061136555
gly-gly,40,-160,,58.65688092442562
gly-gly,40,-180,,52.05469940196531
gly-gly,40,-20,,48.327134683497775
gly-gly,40,-40,,54.39832761728768
gly-gly,40,-60,,57.13848303385996
gly-gly,40,-80,,52.12971880035411
gly-gly,40,0,,54.83248124699513
gly-gly,40,100,,55.58757200828596
gly-gly,40,120,,55.63752549013276
gly-gly,40,140,,51.89517753970406
gly-gly,40,160,,57.3586869060895
gly-gly,40,180,,53.333153378087246
gly-gly,40,20,,54.20507178834397
gly-gly,40,40,,52.56871326935146
gly-gly,40,60,,58.945456062028754
gly-gly,40,80,,48.919479840222884
gly-gly,60,-100,,36.64649285818306
gly-gly,60,-120,,33.91317091146818
gly-gly,60,-140,,38.158599152125106
gly-gly,60,-160,,45.70754948918531
gly-gly,60,-180,,35.99470144742689
gly-gly,60,-20,,45.37185978421243
gly-gly,60,-40,,41.68334090847627
gly-gly,60,-60,,43.23090854112492
gly-gly,60,-80,,34.35412647854916
gly-gly,60,0,,34.67342974217573
gly-gly,60,100,,33.073704883991056
gly-gly,60,120,,36.67441934019401
gly-gly,60,140,,34.346281498759076
gly-gly,60,160,,43.67441337468834
gly-gly,60,180,,40.63552857538123
gly-gly,60,20,,35.610428597770984
gly-gly,60,40,,36.8537923650981
gly-gly,60,60,,46.07534487068568
gly-gly,60,80,,38.497914600380156
gly-gly,80,-100,,32.54105799733234
gly-gly,80,-120,,29.091397578767086
gly-gly,80,-140,,37.19729462080501
gly-gly,80,-160,,48.8860246888039
gly-gly,80,-180,,39.16790755112068
gly-gly,80,-20,,29.804122556389203
gly-gly,80,-40,,43.90399966537569
gly-gly,80,-60,,46.7030450711855
gly-gly,80,-80,,36.2675523896622
gly-gly,80,0,,29.788192536391673
gly-gly,80,100,,29.304428654132945
gly-gly,80,120,,33.08813672513258
gly-gly,80,140,,36.55053866957137
gly-gly,80,160,,47.13007846336523
gly-gly,80,180,,42.62455523813804
gly-gly,80,20,,35.16504838045557
gly-gly,80,40,,40.127602862098264
gly-gly,80,60,,49.159615559844525
gly-gly,80,80,,36.10141674969594
gly-gly,-100,-100,,55.814237472661226
gly-gly,-100,-120,,67.21846509586845
gly-gly,-100,-140,,177.87604093463804
gly-gly,-100,-160,,51.71182333325755
gly-gly,-100,-180,,77.33219815679452
gly-gly,-100,-20,,159.48754550384515
gly-gly,-100,-40,,73.4394013190588
gly-gly,-100,-60,,53.69971464080106
gly-gly,-100,-80,,101.79952610425704
gly-gly,-100,0,,50.69818461046917
gly-gly,-100,100,,61.14080073330087
gly-gly,-100,120,,57.54026038041531
gly-gly,-100,140,,100.71746975145481
gly-gly,-100,160,,52.514251625473136
gly-gly,-100,180,,82.78226405903357
gly-gly,-100,20,,78.7266736988317
gly-gly,-100,40,,72.1485580863009
gly-gly,-100,60,,52.489753902968445
gly-gly,-100,80,,200.11380818656536
gly-gly,-120,-100,,55.563444303136606
gly-gly,-120,-120,,150.75153800967655
gly-gly,-120,-140,,51.788557905827794
gly-gly,-120,-160,,67.53472499174778
gly-gly,-120,-180,,72.37185772397802
gly-gly,-120,-20,,79.08606295204486
gly-gly,-120,-40,,54.22107007854463
gly-gly,-120,-60,,85.50500801201552
gly-gly,-120,-80,,53.32203191119417
gly-gly,-120,0,,96.011063095291
gly-gly,-120,100,,155.67140505678103
gly-gly,-120,120,,53.19632477512928
gly-gly,-120,140,,55.46352026946233
gly-gly,-120,160,,83.35575336381342
gly-gly,-120,180,,53.23684269556859
gly-gly,-120,20,,48.15085720471125
gly-gly,-120,40,,76.37217896794893
gly-gly,-120,60,,64.77493102847164
gly-gly,-120,80,,52.63670039783224
gly-gly,-140,-100,,42.60969235846496
gly-gly,-140,-120,,40.05150213515301
gly-gly,-140,-140,,41.877383557165324
gly-gly,-140,-160,,45.494878064905656
gly-gly,-140,-180,,40.42359504044417
gly-gly,-140,-20,,39.4045215072897
gly-gly,-140,-40,,44.75222389742847
gly-gly,-140,-60,,43.447862130184866
gly-gly,-140,-80,,38.98082573788747
gly-gly,-140,0,,42.68375191093084
gly-gly,-140,100,,40.39862858455976
gly-gly,-140,120,,42.28199932859216
gly-gly,-140,140,,39.07744705870269
gly-gly,-140,160,,43.85668274717433
gly-gly,-140,180,,44.344950393342565
gly-gly,-140,20,,39.86817283471862
gly-gly,-140,40,,40.82848022409793
gly-gly,-140,60,,45.65967677169708
gly-gly,-140,80,,41.382110151435974
gly-gly,-160,-100,,233.27566351468295
gly-gly,-160,-120,,229.3013066254975
gly-gly,-160,-140,,231.84211863297713
gly-gly,-160,-160,,234.81827289919804
gly-gly,-160,-180,,229.37905251990406
gly-gly,-160,-20,,228.57929377963316
gly-gly,-160,-40,,234.74777752256654
gly-gly,-160,-60,,232.29762508025084
gly-gly,-160,-80,,228.83282552369448
gly-gly,-160,0,,232.70674345507712
gly-gly,-160,100,,229.67813623111496
gly-gly,-160,120,,232.99947806027248
gly-gly,-160,140,,228.7075649390571
gly-gly,-160,160,,232.78182422191128
gly-gly,-160,180,,234.39325745728158
gly-gly,-160,20,,230.5672476145323
gly-gly,-160,40,,229.6333790625795
gly-gly,-160,60,,235.04459069970335
gly-gly,-160,80,,231.31423701603597
gly-gly,-180,-100,,342.20148986012504
gly-gly,-180,-120,,338.42663534835526
gly-gly,-180,-140,,341.21394334997325
gly-gly,-180,-160,,342.96004637859187
gly-gly,-180,-180,,339.59483098746773
gly-gly,-180,-20,,338.6069546568158
gly-gly,-180,-40,,343.14951462154175
gly-gly,-180,-60,,341.16657538676515
gly-gly,-180,-80,,339.4754916022228
gly-gly,-180,0,,341.28460362323295
gly-gly,-180,100,,338.77758366439105
gly-gly,-180,120,,341.9280551329415
gly-gly,-180,140,,339.45684782967356
gly-gly,-180,160,,341.5075762236433
gly-gly,-180,180,,342.8712132258852
gly-gly,-180,20,,340.3930291712676
gly-gly,-180,40,,339.8805510452429
gly-gly,-180,60,,343.2006168951635
gly-gly,-180,80,,340.7777907879481
gly-gly,-20,-100,,45.94030107513186
gly-gly,-20,-120,,48.07087737794451
gly-gly,-20,-140,,43.61674426245629
gly-gly,-20,-160,,50.348024983537336
gly-gly,-20,-180,,43.832424618252375
gly-gly,-20,-20,,42.52329017485256
gly-gly,-20,-40,,47.32505196816313
gly-gly,-20,-60,,49.12655148851937
gly-gly,-20,-80,,40.81342698792886
gly-gly,-20,0,,51.41529432022642
gly-gly,-20,100,,49.255275973523965
gly-gly,-20,120,,45.046395850943426
gly-gly,-20,140,,41.0816726632272
gly-gly,-20,160,,49.62172765114189
gly-gly,-20,180,,46.68855041408858
gly-gly,-20,20,,41.284323106763004
gly-gly,-20,40,,44.61151424687294
gly-gly,-20,60,,50.158255594256445
gly-gly,-20,80,,43.10948435320262
gly-gly,-40,-100,,47.12201808777607
gly-gly,-40,-120,,44.229069718491694
gly-gly,-40,-140,,45.958656199703256
gly-gly,-40,-160,,49.49400793591465
gly-gly,-40,-180,,44.34609249722423
gly-gly,-40,-20,,43.37385667601849
gly-gly,-40,-40,,48.91361921245525
gly-gly,-40,-60,,47.38095026283189
gly-gly,-40,-80,,43.08245495615633
gly-gly,-40,0,,47.05212498431533
gly-gly,-40,100,,44.608336445294846
gly-gly,-40,120,,46.81258892496622
gly-gly,-40,140,,43.134393005927734
gly-gly,-40,160,,47.79346234045961
gly-gly,-40,180,,48.50860653680694
gly-gly,-40,20,,44.291319311965275
gly-gly,-40,40,,44.75164854935132
gly-gly,-40,60,,49.67557209218606
gly-gly,-40,80,,45.43141691737988
gly-gly,-60,-100,,209.76889929250422
gly-gly,-60,-120,,205.33273859376516
gly-gly,-60,-140,,208.63759686826816
gly-gly,-60,-160,,210.59175030249816
gly-gly,-60,-180,,206.008181802795
gly-gly,-60,-20,,205.33070711829723
gly-gly,-60,-40,,210.98101961606284
gly-gly,-60,-60,,208.21297006057463
gly-gly,-60,-80,,206.03306365668206
gly-gly,-60,0,,208.78646891584174
gly-gly,-60,100,,205.73268440584786
gly-gly,-60,120,,209.58899746230136
gly-gly,-60,140,,205.9125082964237
gly-gly,-60,160,,208.610342414022
gly-gly,-60,180,,210.71249675470952
gly-gly,-60,20,,207.58218797361968
gly-gly,-60,40,,206.23754593278582
gly-gly,-60,60,,210.88058093649028
gly-gly,-60,80,,208.15097510799262
gly-gly,-80,-100,,74.73720556315926
gly-gly,-80,-120,,71.06487042892229
gly-gly,-80,-140,,73.77282964801803
gly-gly,-80,-160,,75.8071274474907
gly-gly,-80,-180,,72.23008332366702
gly-gly,-80,-20,,71.004600330471
gly-gly,-80,-40,,75.95950206626802
gly-gly,-80,-60,,74.01161466827098
gly-gly,-80,-80,,71.69050762774856
gly-gly,-80,0,,73.89561878047637
gly-gly,-80,100,,71.36909623836256
gly-gly,-80,120,,74.5695677508667
gly-gly,-80,140,,71.67818889204705
gly-gly,-80,160,,74.30777942114793
gly-gly,-80,180,,75.71102539920454
gly-gly,-80,20,,72.74420003079945
gly-gly,-80,40,,72.4535154355083
gly-gly,-80,60,,76.03765874834376
gly-gly,-80,80,,73.30820885752814
gly-gly,0,-100,,59.22030452565953
gly-gly,0,-120,,299.4835799785297
gly-gly,0,-140,,122.2759262772117
gly-gly,0,-160,,66.73698888589216
gly-gly,0,-180,,193.15916327465044
gly-gly,0,-20,,561.1359959195801
gly-gly,0,-40,,64.3786245859435
gly-gly,0,-60,,102.47604575270861
gly-gly,0,-80,,133.18872728339088
gly-gly,0,0,,75.21394893505305
gly-gly,0,100,,232.0665884978458
gly-gly,0,120,,59.350060496852336
gly-gly,0,140,,149.14296206694857
gly-gly,0,160,,92.61234593996309
gly-gly,0,180,,67.21774708448055
gly-gly,0,20,,72.67645392796132
gly-gly,0,40,,185.92110421083447
gly-gly,0,60,,64.6200272102711
gly-gly,0,80,,150.91357829159804
gly-gly,100,-100,,56.82646368240461
gly-gly,100,-120,,203.14764131640237
gly-gly,100,-140,,54.93618188311442
gly-gly,100,-160,,70.45491490968668
gly-gly,100,-180,,85.20487816778636
gly-gly,100,-20,,100.02332351330769
gly-gly,100,-40,,55.5634220497137
gly-gly,100,-60,,96.58626614665378
gly-gly,100,-80,,58.465524851105265
gly-gly,100,0,,102.53360578292572
gly-gly,100,100,,204.32045505312695
gly-gly,100,120,,54.472450047684845
gly-gly,100,140,,61.577499540294234
gly-gly,100,160,,92.63278937078505
gly-gly,100,180,,54.6362908553506
gly-gly,100,20,,50.21820236853729
gly-gly,100,40,,90.43507104243834
gly-gly,100,60,,67.12983581698441
gly-gly,100,80,,56.694372915499216
gly-gly,120,-100,,54.33212488309831
gly-gly,120,-120,,58.3547888673103
gly-gly,120,-140,,150.50743966559156
gly-gly,120,-160,,50.03157490727811
gly-gly,120,-180,,65.68714270950976
gly-gly,120,-20,,116.60250366418576
gly-gly,120,-40,,71.5296465628268
gly-gly,120,-60,,50.055294441241244
gly-gly,120,-80,,85.78815180042427
gly-gly,120,0,,48.95286541206613
gly-gly,120,100,,54.34474064575838
gly-gly,120,120,,55.91005141481184
gly-gly,120,140,,84.05477266090963
gly-gly,120,160,,49.41139296009389
gly-gly,120,180,,79.99472763228276
gly-gly,120,20,,73.13284549677955
gly-gly,120,40,,62.100486008027744
gly-gly,120,60,,50.95412429499456
gly-gly,120,80,,162.36281414235668
gly-gly,140,-100,,92.6751531294907
gly-gly,140,-120,,89.10981750015142
gly-gly,140,-140,,91.6097300467738
gly-gly,140,-160,,93.7833127688217
gly-gly,140,-180,,90.33931153597908
gly-gly,140,-20,,89.03029679805876
gly-gly,140,-40,,93.79656010469023
gly-gly,140,-60,,92.05516770843961
gly-gly,140,-80,,89.78777764972429
gly-gly,140,0,,91.8823291565114
gly-gly,140,100,,89.40304666926488
gly-gly,140,120,,92.49807193835579
gly-gly,140,140,,89.78550370418697
gly-gly,140,160,,92.3460176799668
gly-gly,140,180,,93.52359326643051
gly-gly,140,20,,90.72564839900328
gly-gly,140,40,,90.54476395401764
gly-gly,140,60,,94.00668421511746
gly-gly,140,80,,91.15963104957558
gly-gly,160,-100,,174.97542164155834
gly-gly,160,-120,,170.51032587060476
gly-gly,160,-140,,173.78523464845458
gly-gly,160,-160,,175.88532130896502
gly-gly,160,-180,,171.09601391341408
gly-gly,160,-20,,170.3989471137223
gly-gly,160,-40,,176.21267021138397
gly-gly,160,-60,,173.41384121078838
gly-gly,160,-80,,171.04278385464403
gly-gly,160,0,,174.04815396453364
gly-gly,160,100,,170.91295207101174
gly-gly,160,120,,174.75956873332038
gly-gly,160,140,,170.90664321162296
gly-gly,160,160,,173.84173069567225
gly-gly,160,180,,175.93424353533993
gly-gly,160,20,,172.69858557171207
gly-gly,160,40,,171.2930288848682
gly-gly,160,60,,176.16672516668228
gly-gly,160,80,,173.27284595993294
gly-gly,180,-100,,43.97258256683182
gly-gly,180,-120,,41.18059722493391
gly-gly,180,-140,,42.902934952144925
gly-gly,180,-160,,46.4358546151941
gly-gly,180,-180,,41.35580260987392
gly-gly,180,-20,,40.383090332722816
gly-gly,180,-40,,45.826200716190804
gly-gly,180,-60,,44.36544699847505
gly-gly,180,-80,,40.05391799371866
gly-gly,180,0,,43.923325111699256
gly-gly,180,100,,41.547894622482836
gly-gly,180,120,,43.66240306708971
gly-gly,180,140,,40.11151562546539
gly-gly,180,160,,44.76605770725517
gly-gly,180,180,,45.4220424954516
gly-gly,180,20,,41.18086315185722
gly-gly,180,40,,41.755945392924566
gly-gly,180,60,,46.61512332341351
gly-gly,180,80,,42.38653116647956
gly-gly,20,-100,,47.869393150728015
gly-gly,20,-120,,42.56435174336383
gly-gly,20,-140,,54.99982241838007
gly-gly,20,-160,,46.97597657310212
gly-gly,20,-180,,43.536698539345394
gly-gly,20,-20,,47.323008659972714
gly-gly,20,-40,,52.37430809355717
gly-gly,20,-60,,44.379007395499926
gly-gly,20,-80,,45.72605059623056
gly-gly,20,0,,45.52048397690518
gly-gly,20,100,,42.699162287980386
gly-gly,20,120,,48.05104808921539
gly-gly,20,140,,45.222564743850825
gly-gly,20,160,,44.70170229319332
gly-gly,20,180,,53.31602932023696
gly-gly,20,20,,48.05569918971889
gly-gly,20,40,,43.455319108046005
gly-gly,20,60,,47.56317728470145
gly-gly,20,80,,54.459284102187226
gly-gly,40,-100,,400.9719582139622
gly-gly,40,-120,,397.16400823930644
gly-gly,40,-140,,400.0325437695461
gly-gly,40,-160,,401.7232134716159
gly-gly,40,-180,,398.33169840996754
gly-gly,40,-20,,397.4031393907331
gly-gly,40,-40,,401.98443975905576
gly-gly,40,-60,,399.9345357234929
gly-gly,40,-80,,398.2456002370955
gly-gly,40,0,,400.0507015459963
gly-gly,40,100,,397.4477753485207
gly-gly,40,120,,400.78484829628366
gly-gly,40,140,,398.19363620985604
gly-gly,40,160,,400.1849113682986
gly-gly,40,180,,401.7429141166298
gly-gly,40,20,,399.229833733163
gly-gly,40,40,,398.4970776412153
gly-gly,40,60,,402.083005494858
gly-gly,40,80,,399.62793964465254
gly-gly,60,-100,,232.5634343258454
gly-gly,60,-120,,228.69420424918655
gly-gly,60,-140,,231.12943623061602
gly-gly,60,-160,,234.18381145464068
gly-gly,60,-180,,228.77126213469194
gly-gly,60,-20,,227.92432480959758
gly-gly,60,-40,,234.02102168306513
gly-gly,60,-60,,231.76406186990226
gly-gly,60,-80,,228.0863458785476
gly-gly,60,0,,232.09924744177528
gly-gly,60,100,,229.18317397900583
gly-gly,60,120,,232.26200256067636
gly-gly,60,140,,228.01268740348405
gly-gly,60,160,,232.22273733069773
gly-gly,60,180,,233.66817011174984
gly-gly,60,20,,229.7871787638095
gly-gly,60,40,,229.0396417634213
gly-gly,60,60,,234.4597205809466
gly-gly,60,80,,230.57186987084444
gly-gly,80,-100,,42.752505265235754
gly-gly,80,-120,,40.25926225136723
gly-gly,80,-140,,42.01651274869983
gly-gly,80,-160,,45.748405699157146
gly-gly,80,-180,,40.56814323285032
gly-gly,80,-20,,39.52879100335812
gly-gly,80,-40,,44.93266219465527
gly-gly,80,-60,,43.687843889517495
gly-gly,80,-80,,39.08495927180245
gly-gly,80,0,,42.93060617827862
gly-gly,80,100,,40.62208715092824
gly-gly,80,120,,42.41409287018013
gly-gly,80,140,,39.18638215402103
gly-gly,80,160,,44.10412178755872
gly-gly,80,180,,44.51350963292962
gly-gly,80,20,,39.94805087304863
gly-gly,80,40,,40.98643352066878
gly-gly,80,60,,45.90874803280916
gly-gly,80,80,,41.517829120087995
gly-gly,-100,-100,,48.678713324616254
gly-gly,-100,-120,,45.650036199722905
gly-gly,-100,-140,,91.5242010486422
gly-gly,-100,-160,,41.51834345044354
gly-gly,-100,-180,,57.86138895383433
gly-gly,-100,-20,,100.38461681218291
gly-gly,-100,-40,,44.6435705495406
gly-gly,-100,-60,,43.858674003208804
gly-gly,-100,-80,,73.13520928990968
gly-gly,-100,0,,42.24300059099443
gly-gly,-100,100,,42.90181092949345
gly-gly,-100,120,,50.10475298625176
gly-gly,-100,140,,71.96785260686681
gly-gly,-100,160,,43.08033121284898
gly-gly,-100,180,,46.3219897898347
gly-gly,-100,20,,63.4708951821486
gly-gly,-100,40,,54.87326220109334
gly-gly,-100,60,,41.50435122655706
gly-gly,-100,80,,130.24313011040283
gly-gly,-120,-100,,41.019414866770056
gly-gly,-120,-120,,206.07538592967694
gly-gly,-120,-140,,39.47795269223601
gly-gly,-120,-160,,54.58612125439126
gly-gly,-120,-180,,65.28997177530981
gly-gly,-120,-20,,60.524082553721215
gly-gly,-120,-40,,43.97159416991974
gly-gly,-120,-60,,71.00333924855116
gly-gly,-120,-80,,48.2064676447314
gly-gly,-120,0,,49.24731925315265
gly-gly,-120,100,,227.66865002430342
gly-gly,-120,120,,40.95676835575639
gly-gly,-120,140,,50.29414953877867
gly-gly,-120,160,,68.52469446670304
gly-gly,-120,180,,42.96416784264288
gly-gly,-120,20,,42.0963206855041
gly-gly,-120,40,,68.38195592104837
gly-gly,-120,60,,52.41471358509817
gly-gly,-120,80,,39.586663413761684
gly-gly,-140,-100,,29.875262175596355
gly-gly,-140,-120,,25.59865092737507
gly-gly,-140,-140,,33.36137504566838
gly-gly,-140,-160,,38.06764598496602
gly-gly,-140,-180,,33.849893439870705
gly-gly,-140,-20,,26.31409536164971
gly-gly,-140,-40,,37.58828674186246
gly-gly,-140,-60,,36.1966842278875
gly-gly,-140,-80,,32.265093278283985
gly-gly,-140,0,,27.53742242191171
gly-gly,-140,100,,25.894521491646863
gly-gly,-140,120,,30.250829580606762
gly-gly,-140,140,,32.47378738112662
gly-gly,-140,160,,36.56467650789121
gly-gly,-140,180,,37.1437947892062
gly-gly,-140,20,,31.558791619042033
gly-gly,-140,40,,34.15591049378916
gly-gly,-140,60,,38.230219616620886
gly-gly,-140,80,,32.35145550946549
gly-gly,-160,-100,,34.302959314593025
gly-gly,-160,-120,,31.402156270180345
gly-gly,-160,-140,,34.27584793160874
gly-gly,-160,-160,,35.68366648435348
gly-gly,-160,-180,,31.575374534348466
gly-gly,-160,-20,,39.20202064167411
gly-gly,-160,-40,,35.939137992568405
gly-gly,-160,-60,,33.57562669168506
gly-gly,-160,-80,,31.327279380435797
gly-gly,-160,0,,32.65259725214576
gly-gly,-160,100,,30.82926588279597
gly-gly,-160,120,,34.28000997598356
gly-gly,-160,140,,31.23526370538286
gly-gly,-160,160,,33.958348245709416
gly-gly,-160,180,,35.67756860168833
gly-gly,-160,20,,32.89727642013062
gly-gly,-160,40,,31.763030741521444
gly-gly,-160,60,,35.91729946195801
gly-gly,-160,80,,34.412674418016735
gly-gly,-180,-100,,37.02807857569532
gly-gly,-180,-120,,33.533364596352854
gly-gly,-180,-140,,29.868938680557477
gly-gly,-180,-160,,32.503268207445345
gly-gly,-180,-180,,31.79139289735539
gly-gly,-180,-20,,28.198834508216386
gly-gly,-180,-40,,32.39526725982424
gly-gly,-180,-60,,31.607742017128185
gly-gly,-180,-80,,33.06991318516965
gly-gly,-180,0,,36.02142781362981
gly-gly,-180,100,,34.10490515824324
gly-gly,-180,120,,36.95335885239926
gly-gly,-180,140,,32.78967449547117
gly-gly,-180,160,,31.729943007315498
gly-gly,-180,180,,32.141252821572635
gly-gly,-180,20,,35.30595681106681
gly-gly,-180,40,,31.657623624900832
gly-gly,-180,60,,32.62097638137443
gly-gly,-180,80,,29.308299475929662
gly-gly,-20,-100,,30.017354632878067
gly-gly,-20,-120,,30.98787411067615
gly-gly,-20,-140,,32.88164753263872
gly-gly,-20,-160,,42.748448111862494
gly-gly,-20,-180,,38.19555170209428
gly-gly,-20,-20,,28.398737892670916
gly-gly,-20,-40,,39.03385337042353
gly-gly,-20,-60,,42.46915186284836
gly-gly,-20,-80,,35.06556202258329
gly-gly,-20,0,,24.448975696699847
gly-gly,-20,100,,30.285542246757228
gly-gly,-20,120,,30.921880252401433
gly-gly,-20,140,,35.45151348624301
gly-gly,-20,160,,42.814042965252405
gly-gly,-20,180,,38.19175766475785
gly-gly,-20,20,,33.67442197483304
gly-gly,-20,40,,38.86276668450893
gly-gly,-20,60,,42.430197747146565
gly-gly,-20,80,,31.751359628556003
gly-gly,-40,-100,,32.65029779368124
gly-gly,-40,-120,,27.26918597234179
gly-gly,-40,-140,,35.50605684239619
gly-gly,-40,-160,,37.27720575879795
gly-gly,-40,-180,,33.13237777816699
gly-gly,-40,-20,,30.66046956180189
gly-gly,-40,-40,,37.49049063449122
gly-gly,-40,-60,,35.32848145699536
gly-gly,-40,-80,,31.932938100411484
gly-gly,-40,0,,30.886090884863872
gly-gly,-40,100,,27.562287987270224
gly-gly,-40,120,,32.71074401115439
gly-gly,-40,140,,32.043115655237855
gly-gly,-40,160,,35.694239429461156
gly-gly,-40,180,,37.24657071990413
gly-gly,-40,20,,32.238422408071465
gly-gly,-40,40,,33.406148592920985
gly-gly,-40,60,,37.49044644437518
gly-gly,-40,80,,35.16400564648971
gly-gly,-60,-100,,35.67758247239806
gly-gly,-60,-120,,36.76775855597384
gly-gly,-60,-140,,31.910078989291442
gly-gly,-60,-160,,34.28637523063502
gly-gly,-60,-180,,31.23398680900547
gly-gly,-60,-20,,35.99849197635106
gly-gly,-60,-40,,34.58935792415342
gly-gly,-60,-60,,32.34581842675388
gly-gly,-60,-80,,31.97095051847237
gly-gly,-60,0,,34.490828243599715
gly-gly,-60,100,,35.56201664505025
gly-gly,-60,120,,35.63076278936726
gly-gly,-60,140,,31.739242111405208
gly-gly,-60,160,,32.66761832587913
gly-gly,-60,180,,34.29831650385637
gly-gly,-60,20,,34.07096802897102
gly-gly,-60,40,,31.255204528084242
gly-gly,-60,60,,34.52836585987174
gly-gly,-60,80,,31.510872465573968
gly-gly,-80,-100,,37.53733474015496
gly-gly,-80,-120,,29.003961316462302
gly-gly,-80,-140,,27.34787925798415
gly-gly,-80,-160,,30.536149973368186
gly-gly,-80,-180,,31.930275126500327
gly-gly,-80,-20,,25.897863334306038
gly-gly,-80,-40,,28.560830083788495
gly-gly,-80,-60,,30.977684358854482
gly-gly,-80,-80,,33.58822474154529
gly-gly,-80,0,,35.36821404592338
gly-gly,-80,100,,29.990871472642056
gly-gly,-80,120,,37.54696657511717
gly-gly,-80,140,,33.25190860825843
gly-gly,-80,160,,30.93018158781998
gly-gly,-80,180,,28.257723727800784
gly-gly,-80,20,,36.05908142442489
gly-gly,-80,40,,31.720943037908327
gly-gly,-80,60,,30.357456790591087
gly-gly,-80,80,,27.201328064868825
gly-gly,0,-100,,50.16370368104417
gly-gly,0,-120,,139.4872391845616
gly-gly,0,-140,,77.06096021401855
gly-gly,0,-160,,52.26491672376018
gly-gly,0,-180,,125.50919635249588
gly-gly,0,-20,,1136.5163934086718
gly-gly,0,-40,,50.16079451233073
gly-gly,0,-60,,71.33450679363904
gly-gly,0,-80,,103.72946406186796
gly-gly,0,0,,51.716121839761314
gly-gly,0,100,,107.06027071254839
gly-gly,0,120,,50.934118823533026
gly-gly,0,140,,112.51420919234195
gly-gly,0,160,,66.10208686043953
gly-gly,0,180,,51.35611142391183
gly-gly,0,20,,63.181324382077904
gly-gly,0,40,,119.28000590846324
gly-gly,0,60,,51.09577206787482
gly-gly,0,80,,90.7595752541291
gly-gly,100,-100,,42.990436200245
gly-gly,100,-120,,375.5101048328842
gly-gly,100,-140,,41.95872046560253
gly-gly,100,-160,,56.016013555888755
gly-gly,100,-180,,75.79674679408993
gly-gly,100,-20,,76.6936650574969
gly-gly,100,-40,,44.94915435713773
gly-gly,100,-60,,77.34568424887308
gly-gly,100,-80,,53.03935835663551
gly-gly,100,0,,53.23455570754033
gly-gly,100,100,,339.602537703547
gly-gly,100,120,,42.835912230654955
gly-gly,100,140,,55.95238095264405
gly-gly,100,160,,73.56989095368421
gly-gly,100,180,,44.025904462268215
gly-gly,100,20,,44.28595025339072
gly-gly,100,40,,79.42896186499887
gly-gly,100,60,,53.603443497518825
gly-gly,100,80,,42.75602037402244
gly-gly,120,-100,,47.550609177353024
gly-gly,120,-120,,40.90599315439451
gly-gly,120,-140,,79.88926529575673
gly-gly,120,-160,,39.77328152612745
gly-gly,120,-180,,51.435779580778046
gly-gly,120,-20,,75.03954920557975
gly-gly,120,-40,,41.30764355342268
gly-gly,120,-60,,41.40994078225725
gly-gly,120,-80,,64.12819133822947
gly-gly,120,0,,41.11324462881653
gly-gly,120,100,,39.28998653988022
gly-gly,120,120,,48.85478872371691
gly-gly,120,140,,62.773582588502435
gly-gly,120,160,,40.875659981527065
gly-gly,120,180,,42.30886832376257
gly-gly,120,20,,59.5604742799776
gly-gly,120,40,,49.24848341024193
gly-gly,120,60,,39.73623830071011
gly-gly,120,80,,104.71087142026391
gly-gly,140,-100,,37.40642598502539
gly-gly,140,-120,,29.487654185938847
gly-gly,140,-140,,27.785824595129657
gly-gly,140,-160,,30.795289200075644
gly-gly,140,-180,,31.846287644423473
gly-gly,140,-20,,26.01765884303692
gly-gly,140,-40,,29.305757691072216
gly-gly,140,-60,,31.01217654748981
gly-gly,140,-80,,33.41785672830889
gly-gly,140,0,,35.495334877419666
gly-gly,140,100,,30.469817414176084
gly-gly,140,120,,37.38971379466605
gly-gly,140,140,,33.093025546813145
gly-gly,140,160,,30.988428110629645
gly-gly,140,180,,29.0342118809645
gly-gly,140,20,,35.831833149380145
gly-gly,140,40,,31.652927547862326
gly-gly,140,60,,30.67603480032283
gly-gly,140,80,,27.510296489412735
gly-gly,160,-100,,35.438076028686055
gly-gly,160,-120,,36.16690867236859
gly-gly,160,-140,,32.232852015794805
gly-gly,160,-160,,34.51027185879226
gly-gly,160,-180,,31.195256962810895
gly-gly,160,-20,,37.37614650699688
gly-gly,160,-40,,34.81094594714332
gly-gly,160,-60,,32.49663046423518
gly-gly,160,-80,,31.797004842526963
gly-gly,160,0,,34.15778906897946
gly-gly,160,100,,34.904064868387465
gly-gly,160,120,,35.39626323718178
gly-gly,160,140,,31.580742033507995
gly-gly,160,160,,32.83729125757827
gly-gly,160,180,,34.514040833618864
gly-gly,160,20,,33.851506226997714
gly-gly,160,40,,31.246318665000647
gly-gly,160,60,,34.75563179174316
gly-gly,160,80,,31.916683460488354
gly-gly,180,-100,,32.298273591001646
gly-gly,180,-120,,26.914906142857998
gly-gly,180,-140,,35.277448434619316
gly-gly,180,-160,,37.43358945836384
gly-gly,180,-180,,33.303104790716446
gly-gly,180,-20,,29.66318579991002
gly-gly,180,-40,,37.595962097283646
gly-gly,180,-60,,35.499197754406346
gly-gly,180,-80,,32.02467772813391
gly-gly,180,0,,30.513527999238732
gly-gly,180,100,,27.251825182171615
gly-gly,180,120,,32.38214639181822
gly-gly,180,140,,32.15649178379984
gly-gly,180,160,,35.86220004150755
gly-gly,180,180,,37.33362301616764
gly-gly,180,20,,32.13885786372084
gly-gly,180,40,,33.57795668337527
gly-gly,180,60,,37.64725105903413
gly-gly,180,80,,34.787020738855205
gly-gly,20,-100,,40.441042329739744
gly-gly,20,-120,,29.4256444304458
gly-gly,20,-140,,26.476854868084114
gly-gly,20,-160,,31.81718457774855
gly-gly,20,-180,,35.012541570881105
gly-gly,20,-20,,30.74693520948811
gly-gly,20,-40,,26.36575004294835
gly-gly,20,-60,,33.001047736392664
gly-gly,20,-80,,38.2146963181459
gly-gly,20,0,,36.32192882235641
gly-gly,20,100,,30.16097427598351
gly-gly,20,120,,40.79799941181841
gly-gly,20,140,,37.63277810689308
gly-gly,20,160,,32.86214660202535
gly-gly,20,180,,25.419658091528998
gly-gly,20,20,,41.011247587003474
gly-gly,20,40,,34.59073097153665
gly-gly,20,60,,31.39372925089907
gly-gly,20,80,,27.93329135496588
gly-gly,40,-100,,36.90318829088199
gly-gly,40,-120,,34.498517286451786
gly-gly,40,-140,,30.202371614694247
gly-gly,40,-160,,32.81282295615681
gly-gly,40,-180,,31.741985715430033
gly-gly,40,-20,,28.91945494774239
gly-gly,40,-40,,32.8335309262797
gly-gly,40,-60,,31.71628113816444
gly-gly,40,-80,,32.97412972393449
gly-gly,40,0,,35.96871473678737
gly-gly,40,100,,34.8521243655145
gly-gly,40,120,,36.82557547549167
gly-gly,40,140,,32.69476075537408
gly-gly,40,160,,31.872056098991585
gly-gly,40,180,,32.573339642902994
gly-gly,40,20,,35.18715958131037
gly-gly,40,40,,31.624504762089362
gly-gly,40,60,,32.96199346269681
gly-gly,40,80,,29.630482085253878
gly-gly,60,-100,,34.0934187535019
gly-gly,60,-120,,30.5387022014207
gly-gly,60,-140,,34.691090569328004
gly-gly,60,-160,,35.92795454867789
gly-gly,60,-180,,31.763854698222325
gly-gly,60,-20,,38.262301074479616
gly-gly,60,-40,,36.18435897626231
gly-gly,60,-60,,33.84054525598063
gly-gly,60,-80,,31.342967278622762
gly-gly,60,0,,32.40593861064992
gly-gly,60,100,,30.15569089005177
gly-gly,60,120,,34.07517633922778
gly-gly,60,140,,31.283747851010236
gly-gly,60,160,,34.22268477043561
gly-gly,60,180,,35.93611028474414
gly-gly,60,20,,32.76106944187908
gly-gly,60,40,,31.971469009473303
gly-gly,60,60,,36.1604453474708
gly-gly,60,80,,34.86680265561539
gly-gly,80,-100,,29.383506714528632
gly-gly,80,-120,,25.527373747303052
gly-gly,80,-140,,33.00217947493905
gly-gly,80,-160,,38.2865098055082
gly-gly,80,-180,,34.0128133357318
gly-gly,80,-20,,25.98080755660706
gly-gly,80,-40,,37.576609431816294
gly-gly,80,-60,,36.4488892894899
gly-gly,80,-80,,32.35741809091577
gly-gly,80,0,,26.714786067774455
gly-gly,80,100,,25.758562987375697
gly-gly,80,120,,29.85482233384236
gly-gly,80,140,,32.57691315402821
gly-gly,80,160,,36.82550859093503
gly-gly,80,180,,37.08217802492239
gly-gly,80,20,,31.52357386358654
gly-gly,80,40,,34.3321908881623
gly-gly,80,60,,38.430567315185954
gly-gly,80,80,,31.935117386117845
gly-gly,,,-100,6393.99918040894
gly-gly,,,-120,30351.971449941626
gly-gly,,,-140,38886.99538010629
gly-gly,,,-160,1431.1174810103971
gly-gly,,,-180,22782.697448533585
gly-gly,,,-20,278.29874515831307
gly-gly,,,-40,3689.2741547207993
gly-gly,,,-60,71361.49149800302
gly-gly,,,-80,28639.132768092324
gly-gly,,,0,207.52654862642493
gly-gly,,,100,2142.7964328907356
gly-gly,,,120,20212.40387427209
gly-gly,,,140,694.1315744171209
gly-gly,,,160,6007.358114863437
gly-gly,,,180,22782.697448533585
gly-gly,,,20,239.09891917780197
gly-gly,,,40,1554.5856633287513
gly-gly,,,60,1811.0160931563548
gly-gly,,,80,376.6349317391179
